err,PCM,runtime
1.2013349513712267e-10,selectedGradExplicit,57.48
2.0854956864710898e-11,implicitGrad,56.29
2.8682250072866655e-11,Schrage,56.57