err,PCM,runtime
1.8945876011643435e-10,selectedGradExplicit,57.25
7.027075416575897e-11,implicitGrad,56.88
8.044183030818324e-11,Schrage,57.06
