/*--------------------------------*- C++ -*----------------------------------*\
| =========                 |                                                 |
| \\      /  F ield         | OpenFOAM: The Open Source CFD Toolbox           |
|  \\    /   O peration     | Version:  2606                                  |
|   \\  /    A nd           | Website:  www.openfoam.com                      |
|    \\/     M anipulation  |                                                 |
\*---------------------------------------------------------------------------*/
FoamFile
{
    version     2.0;
    format      ascii;
    arch        "LSB;label=32;scalar=64";
    class       faceList;
    location    "constant/polyMesh";
    object      faces;
}
// * * * * * * * * * * * * * * * * * * * * * * * * * * * * * * * * * * * * * //


12896
(
4(1 18 298 281)
4(17 297 298 18)
4(280 281 298 297)
4(2 19 299 282)
4(18 298 299 19)
4(281 282 299 298)
4(3 20 300 283)
4(19 299 300 20)
4(282 283 300 299)
4(4 21 301 284)
4(20 300 301 21)
4(283 284 301 300)
4(5 22 302 285)
4(21 301 302 22)
4(284 285 302 301)
4(6 23 303 286)
4(22 302 303 23)
4(285 286 303 302)
4(7 24 304 287)
4(23 303 304 24)
4(286 287 304 303)
4(8 25 305 288)
4(24 304 305 25)
4(287 288 305 304)
4(9 26 306 289)
4(25 305 306 26)
4(288 289 306 305)
4(10 27 307 290)
4(26 306 307 27)
4(289 290 307 306)
4(11 28 308 291)
4(27 307 308 28)
4(290 291 308 307)
4(12 29 309 292)
4(28 308 309 29)
4(291 292 309 308)
4(13 30 310 293)
4(29 309 310 30)
4(292 293 310 309)
4(14 31 311 294)
4(30 310 311 31)
4(293 294 311 310)
4(15 32 312 295)
4(31 311 312 32)
4(294 295 312 311)
4(32 312 313 33)
4(295 296 313 312)
4(18 35 315 298)
4(34 314 315 35)
4(297 298 315 314)
4(19 36 316 299)
4(35 315 316 36)
4(298 299 316 315)
4(20 37 317 300)
4(36 316 317 37)
4(299 300 317 316)
4(21 38 318 301)
4(37 317 318 38)
4(300 301 318 317)
4(22 39 319 302)
4(38 318 319 39)
4(301 302 319 318)
4(23 40 320 303)
4(39 319 320 40)
4(302 303 320 319)
4(24 41 321 304)
4(40 320 321 41)
4(303 304 321 320)
4(25 42 322 305)
4(41 321 322 42)
4(304 305 322 321)
4(26 43 323 306)
4(42 322 323 43)
4(305 306 323 322)
4(27 44 324 307)
4(43 323 324 44)
4(306 307 324 323)
4(28 45 325 308)
4(44 324 325 45)
4(307 308 325 324)
4(29 46 326 309)
4(45 325 326 46)
4(308 309 326 325)
4(30 47 327 310)
4(46 326 327 47)
4(309 310 327 326)
4(31 48 328 311)
4(47 327 328 48)
4(310 311 328 327)
4(32 49 329 312)
4(48 328 329 49)
4(311 312 329 328)
4(49 329 330 50)
4(312 313 330 329)
4(35 52 332 315)
4(51 331 332 52)
4(314 315 332 331)
4(36 53 333 316)
4(52 332 333 53)
4(315 316 333 332)
4(37 54 334 317)
4(53 333 334 54)
4(316 317 334 333)
4(38 55 335 318)
4(54 334 335 55)
4(317 318 335 334)
4(39 56 336 319)
4(55 335 336 56)
4(318 319 336 335)
4(40 57 337 320)
4(56 336 337 57)
4(319 320 337 336)
4(41 58 338 321)
4(57 337 338 58)
4(320 321 338 337)
4(42 59 339 322)
4(58 338 339 59)
4(321 322 339 338)
4(43 60 340 323)
4(59 339 340 60)
4(322 323 340 339)
4(44 61 341 324)
4(60 340 341 61)
4(323 324 341 340)
4(45 62 342 325)
4(61 341 342 62)
4(324 325 342 341)
4(46 63 343 326)
4(62 342 343 63)
4(325 326 343 342)
4(47 64 344 327)
4(63 343 344 64)
4(326 327 344 343)
4(48 65 345 328)
4(64 344 345 65)
4(327 328 345 344)
4(49 66 346 329)
4(65 345 346 66)
4(328 329 346 345)
4(66 346 347 67)
4(329 330 347 346)
4(52 69 349 332)
4(68 348 349 69)
4(331 332 349 348)
4(53 70 350 333)
4(69 349 350 70)
4(332 333 350 349)
4(54 71 351 334)
4(70 350 351 71)
4(333 334 351 350)
4(55 72 352 335)
4(71 351 352 72)
4(334 335 352 351)
4(56 73 353 336)
4(72 352 353 73)
4(335 336 353 352)
4(57 74 354 337)
4(73 353 354 74)
4(336 337 354 353)
4(58 75 355 338)
4(74 354 355 75)
4(337 338 355 354)
4(59 76 356 339)
4(75 355 356 76)
4(338 339 356 355)
4(60 77 357 340)
4(76 356 357 77)
4(339 340 357 356)
4(61 78 358 341)
4(77 357 358 78)
4(340 341 358 357)
4(62 79 359 342)
4(78 358 359 79)
4(341 342 359 358)
4(63 80 360 343)
4(79 359 360 80)
4(342 343 360 359)
4(64 81 361 344)
4(80 360 361 81)
4(343 344 361 360)
4(65 82 362 345)
4(81 361 362 82)
4(344 345 362 361)
4(66 83 363 346)
4(82 362 363 83)
4(345 346 363 362)
4(83 363 364 84)
4(346 347 364 363)
4(69 86 366 349)
4(85 365 366 86)
4(348 349 366 365)
4(70 87 367 350)
4(86 366 367 87)
4(349 350 367 366)
4(71 88 368 351)
4(87 367 368 88)
4(350 351 368 367)
4(72 89 369 352)
4(88 368 369 89)
4(351 352 369 368)
4(73 90 370 353)
4(89 369 370 90)
4(352 353 370 369)
4(74 91 371 354)
4(90 370 371 91)
4(353 354 371 370)
4(75 92 372 355)
4(91 371 372 92)
4(354 355 372 371)
4(76 93 373 356)
4(92 372 373 93)
4(355 356 373 372)
4(77 94 374 357)
4(93 373 374 94)
4(356 357 374 373)
4(78 95 375 358)
4(94 374 375 95)
4(357 358 375 374)
4(79 96 376 359)
4(95 375 376 96)
4(358 359 376 375)
4(80 97 377 360)
4(96 376 377 97)
4(359 360 377 376)
4(81 98 378 361)
4(97 377 378 98)
4(360 361 378 377)
4(82 99 379 362)
4(98 378 379 99)
4(361 362 379 378)
4(83 100 380 363)
4(99 379 380 100)
4(362 363 380 379)
4(100 380 381 101)
4(363 364 381 380)
4(86 103 383 366)
4(102 382 383 103)
4(365 366 383 382)
4(87 104 384 367)
4(103 383 384 104)
4(366 367 384 383)
4(88 105 385 368)
4(104 384 385 105)
4(367 368 385 384)
4(89 106 386 369)
4(105 385 386 106)
4(368 369 386 385)
4(90 107 387 370)
4(106 386 387 107)
4(369 370 387 386)
4(91 108 388 371)
4(107 387 388 108)
4(370 371 388 387)
4(92 109 389 372)
4(371 372 389 388)
4(93 110 390 373)
4(372 373 390 389)
4(94 111 391 374)
4(373 374 391 390)
4(95 112 392 375)
4(374 375 392 391)
4(96 113 393 376)
4(112 392 393 113)
4(375 376 393 392)
4(97 114 394 377)
4(113 393 394 114)
4(376 377 394 393)
4(98 115 395 378)
4(114 394 395 115)
4(377 378 395 394)
4(99 116 396 379)
4(115 395 396 116)
4(378 379 396 395)
4(100 117 397 380)
4(116 396 397 117)
4(379 380 397 396)
4(117 397 398 118)
4(380 381 398 397)
4(103 120 400 383)
4(119 399 400 120)
4(382 383 400 399)
4(104 121 401 384)
4(120 400 401 121)
4(383 384 401 400)
4(105 122 402 385)
4(121 401 402 122)
4(384 385 402 401)
4(106 123 403 386)
4(122 402 403 123)
4(385 386 403 402)
4(107 124 404 387)
4(123 403 404 124)
4(386 387 404 403)
4(124 404 405 125)
4(387 388 405 404)
4(113 127 407 393)
4(126 406 407 127)
4(392 393 407 406)
4(114 128 408 394)
4(127 407 408 128)
4(393 394 408 407)
4(115 129 409 395)
4(128 408 409 129)
4(394 395 409 408)
4(116 130 410 396)
4(129 409 410 130)
4(395 396 410 409)
4(117 131 411 397)
4(130 410 411 131)
4(396 397 411 410)
4(131 411 412 132)
4(397 398 412 411)
4(120 134 414 400)
4(133 413 414 134)
4(399 400 414 413)
4(121 135 415 401)
4(134 414 415 135)
4(400 401 415 414)
4(122 136 416 402)
4(135 415 416 136)
4(401 402 416 415)
4(123 137 417 403)
4(136 416 417 137)
4(402 403 417 416)
4(124 138 418 404)
4(137 417 418 138)
4(403 404 418 417)
4(138 418 419 139)
4(404 405 419 418)
4(127 141 421 407)
4(140 420 421 141)
4(406 407 421 420)
4(128 142 422 408)
4(141 421 422 142)
4(407 408 422 421)
4(129 143 423 409)
4(142 422 423 143)
4(408 409 423 422)
4(130 144 424 410)
4(143 423 424 144)
4(409 410 424 423)
4(131 145 425 411)
4(144 424 425 145)
4(410 411 425 424)
4(145 425 426 146)
4(411 412 426 425)
4(134 148 428 414)
4(147 427 428 148)
4(413 414 428 427)
4(135 149 429 415)
4(148 428 429 149)
4(414 415 429 428)
4(136 150 430 416)
4(149 429 430 150)
4(415 416 430 429)
4(137 151 431 417)
4(150 430 431 151)
4(416 417 431 430)
4(138 152 432 418)
4(151 431 432 152)
4(417 418 432 431)
4(152 432 433 153)
4(418 419 433 432)
4(141 155 435 421)
4(154 434 435 155)
4(420 421 435 434)
4(142 156 436 422)
4(155 435 436 156)
4(421 422 436 435)
4(143 157 437 423)
4(156 436 437 157)
4(422 423 437 436)
4(144 158 438 424)
4(157 437 438 158)
4(423 424 438 437)
4(145 159 439 425)
4(158 438 439 159)
4(424 425 439 438)
4(159 439 440 160)
4(425 426 440 439)
4(148 162 442 428)
4(161 441 442 162)
4(427 428 442 441)
4(149 163 443 429)
4(162 442 443 163)
4(428 429 443 442)
4(150 164 444 430)
4(163 443 444 164)
4(429 430 444 443)
4(151 165 445 431)
4(164 444 445 165)
4(430 431 445 444)
4(152 166 446 432)
4(165 445 446 166)
4(431 432 446 445)
4(166 446 447 167)
4(432 433 447 446)
4(155 172 452 435)
4(171 451 452 172)
4(434 435 452 451)
4(156 173 453 436)
4(172 452 453 173)
4(435 436 453 452)
4(157 174 454 437)
4(173 453 454 174)
4(436 437 454 453)
4(158 175 455 438)
4(174 454 455 175)
4(437 438 455 454)
4(159 176 456 439)
4(175 455 456 176)
4(438 439 456 455)
4(176 456 457 177)
4(439 440 457 456)
4(162 179 459 442)
4(178 458 459 179)
4(441 442 459 458)
4(163 180 460 443)
4(179 459 460 180)
4(442 443 460 459)
4(164 181 461 444)
4(180 460 461 181)
4(443 444 461 460)
4(165 182 462 445)
4(181 461 462 182)
4(444 445 462 461)
4(166 183 463 446)
4(182 462 463 183)
4(445 446 463 462)
4(167 184 464 447)
4(183 463 464 184)
4(446 447 464 463)
4(168 185 465 448)
4(184 464 465 185)
4(447 448 465 464)
4(169 186 466 449)
4(185 465 466 186)
4(448 449 466 465)
4(170 187 467 450)
4(186 466 467 187)
4(449 450 467 466)
4(171 188 468 451)
4(187 467 468 188)
4(450 451 468 467)
4(172 189 469 452)
4(188 468 469 189)
4(451 452 469 468)
4(173 190 470 453)
4(189 469 470 190)
4(452 453 470 469)
4(174 191 471 454)
4(190 470 471 191)
4(453 454 471 470)
4(175 192 472 455)
4(191 471 472 192)
4(454 455 472 471)
4(176 193 473 456)
4(192 472 473 193)
4(455 456 473 472)
4(193 473 474 194)
4(456 457 474 473)
4(179 196 476 459)
4(195 475 476 196)
4(458 459 476 475)
4(180 197 477 460)
4(196 476 477 197)
4(459 460 477 476)
4(181 198 478 461)
4(197 477 478 198)
4(460 461 478 477)
4(182 199 479 462)
4(198 478 479 199)
4(461 462 479 478)
4(183 200 480 463)
4(199 479 480 200)
4(462 463 480 479)
4(184 201 481 464)
4(200 480 481 201)
4(463 464 481 480)
4(185 202 482 465)
4(201 481 482 202)
4(464 465 482 481)
4(186 203 483 466)
4(202 482 483 203)
4(465 466 483 482)
4(187 204 484 467)
4(203 483 484 204)
4(466 467 484 483)
4(188 205 485 468)
4(204 484 485 205)
4(467 468 485 484)
4(189 206 486 469)
4(205 485 486 206)
4(468 469 486 485)
4(190 207 487 470)
4(206 486 487 207)
4(469 470 487 486)
4(191 208 488 471)
4(207 487 488 208)
4(470 471 488 487)
4(192 209 489 472)
4(208 488 489 209)
4(471 472 489 488)
4(193 210 490 473)
4(209 489 490 210)
4(472 473 490 489)
4(210 490 491 211)
4(473 474 491 490)
4(196 213 493 476)
4(212 492 493 213)
4(475 476 493 492)
4(197 214 494 477)
4(213 493 494 214)
4(476 477 494 493)
4(198 215 495 478)
4(214 494 495 215)
4(477 478 495 494)
4(199 216 496 479)
4(215 495 496 216)
4(478 479 496 495)
4(200 217 497 480)
4(216 496 497 217)
4(479 480 497 496)
4(201 218 498 481)
4(217 497 498 218)
4(480 481 498 497)
4(202 219 499 482)
4(218 498 499 219)
4(481 482 499 498)
4(203 220 500 483)
4(219 499 500 220)
4(482 483 500 499)
4(204 221 501 484)
4(220 500 501 221)
4(483 484 501 500)
4(205 222 502 485)
4(221 501 502 222)
4(484 485 502 501)
4(206 223 503 486)
4(222 502 503 223)
4(485 486 503 502)
4(207 224 504 487)
4(223 503 504 224)
4(486 487 504 503)
4(208 225 505 488)
4(224 504 505 225)
4(487 488 505 504)
4(209 226 506 489)
4(225 505 506 226)
4(488 489 506 505)
4(210 227 507 490)
4(226 506 507 227)
4(489 490 507 506)
4(227 507 508 228)
4(490 491 508 507)
4(213 230 510 493)
4(229 509 510 230)
4(492 493 510 509)
4(214 231 511 494)
4(230 510 511 231)
4(493 494 511 510)
4(215 232 512 495)
4(231 511 512 232)
4(494 495 512 511)
4(216 233 513 496)
4(232 512 513 233)
4(495 496 513 512)
4(217 234 514 497)
4(233 513 514 234)
4(496 497 514 513)
4(218 235 515 498)
4(234 514 515 235)
4(497 498 515 514)
4(219 236 516 499)
4(235 515 516 236)
4(498 499 516 515)
4(220 237 517 500)
4(236 516 517 237)
4(499 500 517 516)
4(221 238 518 501)
4(237 517 518 238)
4(500 501 518 517)
4(222 239 519 502)
4(238 518 519 239)
4(501 502 519 518)
4(223 240 520 503)
4(239 519 520 240)
4(502 503 520 519)
4(224 241 521 504)
4(240 520 521 241)
4(503 504 521 520)
4(225 242 522 505)
4(241 521 522 242)
4(504 505 522 521)
4(226 243 523 506)
4(242 522 523 243)
4(505 506 523 522)
4(227 244 524 507)
4(243 523 524 244)
4(506 507 524 523)
4(244 524 525 245)
4(507 508 525 524)
4(230 247 527 510)
4(246 526 527 247)
4(509 510 527 526)
4(231 248 528 511)
4(247 527 528 248)
4(510 511 528 527)
4(232 249 529 512)
4(248 528 529 249)
4(511 512 529 528)
4(233 250 530 513)
4(249 529 530 250)
4(512 513 530 529)
4(234 251 531 514)
4(250 530 531 251)
4(513 514 531 530)
4(235 252 532 515)
4(251 531 532 252)
4(514 515 532 531)
4(236 253 533 516)
4(252 532 533 253)
4(515 516 533 532)
4(237 254 534 517)
4(253 533 534 254)
4(516 517 534 533)
4(238 255 535 518)
4(254 534 535 255)
4(517 518 535 534)
4(239 256 536 519)
4(255 535 536 256)
4(518 519 536 535)
4(240 257 537 520)
4(256 536 537 257)
4(519 520 537 536)
4(241 258 538 521)
4(257 537 538 258)
4(520 521 538 537)
4(242 259 539 522)
4(258 538 539 259)
4(521 522 539 538)
4(243 260 540 523)
4(259 539 540 260)
4(522 523 540 539)
4(244 261 541 524)
4(260 540 541 261)
4(523 524 541 540)
4(261 541 542 262)
4(524 525 542 541)
4(247 264 544 527)
4(526 527 544 543)
4(248 265 545 528)
4(527 528 545 544)
4(249 266 546 529)
4(528 529 546 545)
4(250 267 547 530)
4(529 530 547 546)
4(251 268 548 531)
4(530 531 548 547)
4(252 269 549 532)
4(531 532 549 548)
4(253 270 550 533)
4(532 533 550 549)
4(254 271 551 534)
4(533 534 551 550)
4(255 272 552 535)
4(534 535 552 551)
4(256 273 553 536)
4(535 536 553 552)
4(257 274 554 537)
4(536 537 554 553)
4(258 275 555 538)
4(537 538 555 554)
4(259 276 556 539)
4(538 539 556 555)
4(260 277 557 540)
4(539 540 557 556)
4(261 278 558 541)
4(540 541 558 557)
4(541 542 559 558)
4(281 298 578 561)
4(297 577 578 298)
4(560 561 578 577)
4(282 299 579 562)
4(298 578 579 299)
4(561 562 579 578)
4(283 300 580 563)
4(299 579 580 300)
4(562 563 580 579)
4(284 301 581 564)
4(300 580 581 301)
4(563 564 581 580)
4(285 302 582 565)
4(301 581 582 302)
4(564 565 582 581)
4(286 303 583 566)
4(302 582 583 303)
4(565 566 583 582)
4(287 304 584 567)
4(303 583 584 304)
4(566 567 584 583)
4(288 305 585 568)
4(304 584 585 305)
4(567 568 585 584)
4(289 306 586 569)
4(305 585 586 306)
4(568 569 586 585)
4(290 307 587 570)
4(306 586 587 307)
4(569 570 587 586)
4(291 308 588 571)
4(307 587 588 308)
4(570 571 588 587)
4(292 309 589 572)
4(308 588 589 309)
4(571 572 589 588)
4(293 310 590 573)
4(309 589 590 310)
4(572 573 590 589)
4(294 311 591 574)
4(310 590 591 311)
4(573 574 591 590)
4(295 312 592 575)
4(311 591 592 312)
4(574 575 592 591)
4(312 592 593 313)
4(575 576 593 592)
4(298 315 595 578)
4(314 594 595 315)
4(577 578 595 594)
4(299 316 596 579)
4(315 595 596 316)
4(578 579 596 595)
4(300 317 597 580)
4(316 596 597 317)
4(579 580 597 596)
4(301 318 598 581)
4(317 597 598 318)
4(580 581 598 597)
4(302 319 599 582)
4(318 598 599 319)
4(581 582 599 598)
4(303 320 600 583)
4(319 599 600 320)
4(582 583 600 599)
4(304 321 601 584)
4(320 600 601 321)
4(583 584 601 600)
4(305 322 602 585)
4(321 601 602 322)
4(584 585 602 601)
4(306 323 603 586)
4(322 602 603 323)
4(585 586 603 602)
4(307 324 604 587)
4(323 603 604 324)
4(586 587 604 603)
4(308 325 605 588)
4(324 604 605 325)
4(587 588 605 604)
4(309 326 606 589)
4(325 605 606 326)
4(588 589 606 605)
4(310 327 607 590)
4(326 606 607 327)
4(589 590 607 606)
4(311 328 608 591)
4(327 607 608 328)
4(590 591 608 607)
4(312 329 609 592)
4(328 608 609 329)
4(591 592 609 608)
4(329 609 610 330)
4(592 593 610 609)
4(315 332 612 595)
4(331 611 612 332)
4(594 595 612 611)
4(316 333 613 596)
4(332 612 613 333)
4(595 596 613 612)
4(317 334 614 597)
4(333 613 614 334)
4(596 597 614 613)
4(318 335 615 598)
4(334 614 615 335)
4(597 598 615 614)
4(319 336 616 599)
4(335 615 616 336)
4(598 599 616 615)
4(320 337 617 600)
4(336 616 617 337)
4(599 600 617 616)
4(321 338 618 601)
4(337 617 618 338)
4(600 601 618 617)
4(322 339 619 602)
4(338 618 619 339)
4(601 602 619 618)
4(323 340 620 603)
4(339 619 620 340)
4(602 603 620 619)
4(324 341 621 604)
4(340 620 621 341)
4(603 604 621 620)
4(325 342 622 605)
4(341 621 622 342)
4(604 605 622 621)
4(326 343 623 606)
4(342 622 623 343)
4(605 606 623 622)
4(327 344 624 607)
4(343 623 624 344)
4(606 607 624 623)
4(328 345 625 608)
4(344 624 625 345)
4(607 608 625 624)
4(329 346 626 609)
4(345 625 626 346)
4(608 609 626 625)
4(346 626 627 347)
4(609 610 627 626)
4(332 349 629 612)
4(348 628 629 349)
4(611 612 629 628)
4(333 350 630 613)
4(349 629 630 350)
4(612 613 630 629)
4(334 351 631 614)
4(350 630 631 351)
4(613 614 631 630)
4(335 352 632 615)
4(351 631 632 352)
4(614 615 632 631)
4(336 353 633 616)
4(352 632 633 353)
4(615 616 633 632)
4(337 354 634 617)
4(353 633 634 354)
4(616 617 634 633)
4(338 355 635 618)
4(354 634 635 355)
4(617 618 635 634)
4(339 356 636 619)
4(355 635 636 356)
4(618 619 636 635)
4(340 357 637 620)
4(356 636 637 357)
4(619 620 637 636)
4(341 358 638 621)
4(357 637 638 358)
4(620 621 638 637)
4(342 359 639 622)
4(358 638 639 359)
4(621 622 639 638)
4(343 360 640 623)
4(359 639 640 360)
4(622 623 640 639)
4(344 361 641 624)
4(360 640 641 361)
4(623 624 641 640)
4(345 362 642 625)
4(361 641 642 362)
4(624 625 642 641)
4(346 363 643 626)
4(362 642 643 363)
4(625 626 643 642)
4(363 643 644 364)
4(626 627 644 643)
4(349 366 646 629)
4(365 645 646 366)
4(628 629 646 645)
4(350 367 647 630)
4(366 646 647 367)
4(629 630 647 646)
4(351 368 648 631)
4(367 647 648 368)
4(630 631 648 647)
4(352 369 649 632)
4(368 648 649 369)
4(631 632 649 648)
4(353 370 650 633)
4(369 649 650 370)
4(632 633 650 649)
4(354 371 651 634)
4(370 650 651 371)
4(633 634 651 650)
4(355 372 652 635)
4(371 651 652 372)
4(634 635 652 651)
4(356 373 653 636)
4(372 652 653 373)
4(635 636 653 652)
4(357 374 654 637)
4(373 653 654 374)
4(636 637 654 653)
4(358 375 655 638)
4(374 654 655 375)
4(637 638 655 654)
4(359 376 656 639)
4(375 655 656 376)
4(638 639 656 655)
4(360 377 657 640)
4(376 656 657 377)
4(639 640 657 656)
4(361 378 658 641)
4(377 657 658 378)
4(640 641 658 657)
4(362 379 659 642)
4(378 658 659 379)
4(641 642 659 658)
4(363 380 660 643)
4(379 659 660 380)
4(642 643 660 659)
4(380 660 661 381)
4(643 644 661 660)
4(366 383 663 646)
4(382 662 663 383)
4(645 646 663 662)
4(367 384 664 647)
4(383 663 664 384)
4(646 647 664 663)
4(368 385 665 648)
4(384 664 665 385)
4(647 648 665 664)
4(369 386 666 649)
4(385 665 666 386)
4(648 649 666 665)
4(370 387 667 650)
4(386 666 667 387)
4(649 650 667 666)
4(371 388 668 651)
4(387 667 668 388)
4(650 651 668 667)
4(372 389 669 652)
4(651 652 669 668)
4(373 390 670 653)
4(652 653 670 669)
4(374 391 671 654)
4(653 654 671 670)
4(375 392 672 655)
4(654 655 672 671)
4(376 393 673 656)
4(392 672 673 393)
4(655 656 673 672)
4(377 394 674 657)
4(393 673 674 394)
4(656 657 674 673)
4(378 395 675 658)
4(394 674 675 395)
4(657 658 675 674)
4(379 396 676 659)
4(395 675 676 396)
4(658 659 676 675)
4(380 397 677 660)
4(396 676 677 397)
4(659 660 677 676)
4(397 677 678 398)
4(660 661 678 677)
4(383 400 680 663)
4(399 679 680 400)
4(662 663 680 679)
4(384 401 681 664)
4(400 680 681 401)
4(663 664 681 680)
4(385 402 682 665)
4(401 681 682 402)
4(664 665 682 681)
4(386 403 683 666)
4(402 682 683 403)
4(665 666 683 682)
4(387 404 684 667)
4(403 683 684 404)
4(666 667 684 683)
4(404 684 685 405)
4(667 668 685 684)
4(393 407 687 673)
4(406 686 687 407)
4(672 673 687 686)
4(394 408 688 674)
4(407 687 688 408)
4(673 674 688 687)
4(395 409 689 675)
4(408 688 689 409)
4(674 675 689 688)
4(396 410 690 676)
4(409 689 690 410)
4(675 676 690 689)
4(397 411 691 677)
4(410 690 691 411)
4(676 677 691 690)
4(411 691 692 412)
4(677 678 692 691)
4(400 414 694 680)
4(413 693 694 414)
4(679 680 694 693)
4(401 415 695 681)
4(414 694 695 415)
4(680 681 695 694)
4(402 416 696 682)
4(415 695 696 416)
4(681 682 696 695)
4(403 417 697 683)
4(416 696 697 417)
4(682 683 697 696)
4(404 418 698 684)
4(417 697 698 418)
4(683 684 698 697)
4(418 698 699 419)
4(684 685 699 698)
4(407 421 701 687)
4(420 700 701 421)
4(686 687 701 700)
4(408 422 702 688)
4(421 701 702 422)
4(687 688 702 701)
4(409 423 703 689)
4(422 702 703 423)
4(688 689 703 702)
4(410 424 704 690)
4(423 703 704 424)
4(689 690 704 703)
4(411 425 705 691)
4(424 704 705 425)
4(690 691 705 704)
4(425 705 706 426)
4(691 692 706 705)
4(414 428 708 694)
4(427 707 708 428)
4(693 694 708 707)
4(415 429 709 695)
4(428 708 709 429)
4(694 695 709 708)
4(416 430 710 696)
4(429 709 710 430)
4(695 696 710 709)
4(417 431 711 697)
4(430 710 711 431)
4(696 697 711 710)
4(418 432 712 698)
4(431 711 712 432)
4(697 698 712 711)
4(432 712 713 433)
4(698 699 713 712)
4(421 435 715 701)
4(434 714 715 435)
4(700 701 715 714)
4(422 436 716 702)
4(435 715 716 436)
4(701 702 716 715)
4(423 437 717 703)
4(436 716 717 437)
4(702 703 717 716)
4(424 438 718 704)
4(437 717 718 438)
4(703 704 718 717)
4(425 439 719 705)
4(438 718 719 439)
4(704 705 719 718)
4(439 719 720 440)
4(705 706 720 719)
4(428 442 722 708)
4(441 721 722 442)
4(707 708 722 721)
4(429 443 723 709)
4(442 722 723 443)
4(708 709 723 722)
4(430 444 724 710)
4(443 723 724 444)
4(709 710 724 723)
4(431 445 725 711)
4(444 724 725 445)
4(710 711 725 724)
4(432 446 726 712)
4(445 725 726 446)
4(711 712 726 725)
4(446 726 727 447)
4(712 713 727 726)
4(435 452 732 715)
4(451 731 732 452)
4(714 715 732 731)
4(436 453 733 716)
4(452 732 733 453)
4(715 716 733 732)
4(437 454 734 717)
4(453 733 734 454)
4(716 717 734 733)
4(438 455 735 718)
4(454 734 735 455)
4(717 718 735 734)
4(439 456 736 719)
4(455 735 736 456)
4(718 719 736 735)
4(456 736 737 457)
4(719 720 737 736)
4(442 459 739 722)
4(458 738 739 459)
4(721 722 739 738)
4(443 460 740 723)
4(459 739 740 460)
4(722 723 740 739)
4(444 461 741 724)
4(460 740 741 461)
4(723 724 741 740)
4(445 462 742 725)
4(461 741 742 462)
4(724 725 742 741)
4(446 463 743 726)
4(462 742 743 463)
4(725 726 743 742)
4(447 464 744 727)
4(463 743 744 464)
4(726 727 744 743)
4(448 465 745 728)
4(464 744 745 465)
4(727 728 745 744)
4(449 466 746 729)
4(465 745 746 466)
4(728 729 746 745)
4(450 467 747 730)
4(466 746 747 467)
4(729 730 747 746)
4(451 468 748 731)
4(467 747 748 468)
4(730 731 748 747)
4(452 469 749 732)
4(468 748 749 469)
4(731 732 749 748)
4(453 470 750 733)
4(469 749 750 470)
4(732 733 750 749)
4(454 471 751 734)
4(470 750 751 471)
4(733 734 751 750)
4(455 472 752 735)
4(471 751 752 472)
4(734 735 752 751)
4(456 473 753 736)
4(472 752 753 473)
4(735 736 753 752)
4(473 753 754 474)
4(736 737 754 753)
4(459 476 756 739)
4(475 755 756 476)
4(738 739 756 755)
4(460 477 757 740)
4(476 756 757 477)
4(739 740 757 756)
4(461 478 758 741)
4(477 757 758 478)
4(740 741 758 757)
4(462 479 759 742)
4(478 758 759 479)
4(741 742 759 758)
4(463 480 760 743)
4(479 759 760 480)
4(742 743 760 759)
4(464 481 761 744)
4(480 760 761 481)
4(743 744 761 760)
4(465 482 762 745)
4(481 761 762 482)
4(744 745 762 761)
4(466 483 763 746)
4(482 762 763 483)
4(745 746 763 762)
4(467 484 764 747)
4(483 763 764 484)
4(746 747 764 763)
4(468 485 765 748)
4(484 764 765 485)
4(747 748 765 764)
4(469 486 766 749)
4(485 765 766 486)
4(748 749 766 765)
4(470 487 767 750)
4(486 766 767 487)
4(749 750 767 766)
4(471 488 768 751)
4(487 767 768 488)
4(750 751 768 767)
4(472 489 769 752)
4(488 768 769 489)
4(751 752 769 768)
4(473 490 770 753)
4(489 769 770 490)
4(752 753 770 769)
4(490 770 771 491)
4(753 754 771 770)
4(476 493 773 756)
4(492 772 773 493)
4(755 756 773 772)
4(477 494 774 757)
4(493 773 774 494)
4(756 757 774 773)
4(478 495 775 758)
4(494 774 775 495)
4(757 758 775 774)
4(479 496 776 759)
4(495 775 776 496)
4(758 759 776 775)
4(480 497 777 760)
4(496 776 777 497)
4(759 760 777 776)
4(481 498 778 761)
4(497 777 778 498)
4(760 761 778 777)
4(482 499 779 762)
4(498 778 779 499)
4(761 762 779 778)
4(483 500 780 763)
4(499 779 780 500)
4(762 763 780 779)
4(484 501 781 764)
4(500 780 781 501)
4(763 764 781 780)
4(485 502 782 765)
4(501 781 782 502)
4(764 765 782 781)
4(486 503 783 766)
4(502 782 783 503)
4(765 766 783 782)
4(487 504 784 767)
4(503 783 784 504)
4(766 767 784 783)
4(488 505 785 768)
4(504 784 785 505)
4(767 768 785 784)
4(489 506 786 769)
4(505 785 786 506)
4(768 769 786 785)
4(490 507 787 770)
4(506 786 787 507)
4(769 770 787 786)
4(507 787 788 508)
4(770 771 788 787)
4(493 510 790 773)
4(509 789 790 510)
4(772 773 790 789)
4(494 511 791 774)
4(510 790 791 511)
4(773 774 791 790)
4(495 512 792 775)
4(511 791 792 512)
4(774 775 792 791)
4(496 513 793 776)
4(512 792 793 513)
4(775 776 793 792)
4(497 514 794 777)
4(513 793 794 514)
4(776 777 794 793)
4(498 515 795 778)
4(514 794 795 515)
4(777 778 795 794)
4(499 516 796 779)
4(515 795 796 516)
4(778 779 796 795)
4(500 517 797 780)
4(516 796 797 517)
4(779 780 797 796)
4(501 518 798 781)
4(517 797 798 518)
4(780 781 798 797)
4(502 519 799 782)
4(518 798 799 519)
4(781 782 799 798)
4(503 520 800 783)
4(519 799 800 520)
4(782 783 800 799)
4(504 521 801 784)
4(520 800 801 521)
4(783 784 801 800)
4(505 522 802 785)
4(521 801 802 522)
4(784 785 802 801)
4(506 523 803 786)
4(522 802 803 523)
4(785 786 803 802)
4(507 524 804 787)
4(523 803 804 524)
4(786 787 804 803)
4(524 804 805 525)
4(787 788 805 804)
4(510 527 807 790)
4(526 806 807 527)
4(789 790 807 806)
4(511 528 808 791)
4(527 807 808 528)
4(790 791 808 807)
4(512 529 809 792)
4(528 808 809 529)
4(791 792 809 808)
4(513 530 810 793)
4(529 809 810 530)
4(792 793 810 809)
4(514 531 811 794)
4(530 810 811 531)
4(793 794 811 810)
4(515 532 812 795)
4(531 811 812 532)
4(794 795 812 811)
4(516 533 813 796)
4(532 812 813 533)
4(795 796 813 812)
4(517 534 814 797)
4(533 813 814 534)
4(796 797 814 813)
4(518 535 815 798)
4(534 814 815 535)
4(797 798 815 814)
4(519 536 816 799)
4(535 815 816 536)
4(798 799 816 815)
4(520 537 817 800)
4(536 816 817 537)
4(799 800 817 816)
4(521 538 818 801)
4(537 817 818 538)
4(800 801 818 817)
4(522 539 819 802)
4(538 818 819 539)
4(801 802 819 818)
4(523 540 820 803)
4(539 819 820 540)
4(802 803 820 819)
4(524 541 821 804)
4(540 820 821 541)
4(803 804 821 820)
4(541 821 822 542)
4(804 805 822 821)
4(527 544 824 807)
4(806 807 824 823)
4(528 545 825 808)
4(807 808 825 824)
4(529 546 826 809)
4(808 809 826 825)
4(530 547 827 810)
4(809 810 827 826)
4(531 548 828 811)
4(810 811 828 827)
4(532 549 829 812)
4(811 812 829 828)
4(533 550 830 813)
4(812 813 830 829)
4(534 551 831 814)
4(813 814 831 830)
4(535 552 832 815)
4(814 815 832 831)
4(536 553 833 816)
4(815 816 833 832)
4(537 554 834 817)
4(816 817 834 833)
4(538 555 835 818)
4(817 818 835 834)
4(539 556 836 819)
4(818 819 836 835)
4(540 557 837 820)
4(819 820 837 836)
4(541 558 838 821)
4(820 821 838 837)
4(821 822 839 838)
4(561 578 858 841)
4(577 857 858 578)
4(840 841 858 857)
4(562 579 859 842)
4(578 858 859 579)
4(841 842 859 858)
4(563 580 860 843)
4(579 859 860 580)
4(842 843 860 859)
4(564 581 861 844)
4(580 860 861 581)
4(843 844 861 860)
4(565 582 862 845)
4(581 861 862 582)
4(844 845 862 861)
4(566 583 863 846)
4(582 862 863 583)
4(845 846 863 862)
4(567 584 864 847)
4(583 863 864 584)
4(846 847 864 863)
4(568 585 865 848)
4(584 864 865 585)
4(847 848 865 864)
4(569 586 866 849)
4(585 865 866 586)
4(848 849 866 865)
4(570 587 867 850)
4(586 866 867 587)
4(849 850 867 866)
4(571 588 868 851)
4(587 867 868 588)
4(850 851 868 867)
4(572 589 869 852)
4(588 868 869 589)
4(851 852 869 868)
4(573 590 870 853)
4(589 869 870 590)
4(852 853 870 869)
4(574 591 871 854)
4(590 870 871 591)
4(853 854 871 870)
4(575 592 872 855)
4(591 871 872 592)
4(854 855 872 871)
4(592 872 873 593)
4(855 856 873 872)
4(578 595 875 858)
4(594 874 875 595)
4(857 858 875 874)
4(579 596 876 859)
4(595 875 876 596)
4(858 859 876 875)
4(580 597 877 860)
4(596 876 877 597)
4(859 860 877 876)
4(581 598 878 861)
4(597 877 878 598)
4(860 861 878 877)
4(582 599 879 862)
4(598 878 879 599)
4(861 862 879 878)
4(583 600 880 863)
4(599 879 880 600)
4(862 863 880 879)
4(584 601 881 864)
4(600 880 881 601)
4(863 864 881 880)
4(585 602 882 865)
4(601 881 882 602)
4(864 865 882 881)
4(586 603 883 866)
4(602 882 883 603)
4(865 866 883 882)
4(587 604 884 867)
4(603 883 884 604)
4(866 867 884 883)
4(588 605 885 868)
4(604 884 885 605)
4(867 868 885 884)
4(589 606 886 869)
4(605 885 886 606)
4(868 869 886 885)
4(590 607 887 870)
4(606 886 887 607)
4(869 870 887 886)
4(591 608 888 871)
4(607 887 888 608)
4(870 871 888 887)
4(592 609 889 872)
4(608 888 889 609)
4(871 872 889 888)
4(609 889 890 610)
4(872 873 890 889)
4(595 612 892 875)
4(611 891 892 612)
4(874 875 892 891)
4(596 613 893 876)
4(612 892 893 613)
4(875 876 893 892)
4(597 614 894 877)
4(613 893 894 614)
4(876 877 894 893)
4(598 615 895 878)
4(614 894 895 615)
4(877 878 895 894)
4(599 616 896 879)
4(615 895 896 616)
4(878 879 896 895)
4(600 617 897 880)
4(616 896 897 617)
4(879 880 897 896)
4(601 618 898 881)
4(617 897 898 618)
4(880 881 898 897)
4(602 619 899 882)
4(618 898 899 619)
4(881 882 899 898)
4(603 620 900 883)
4(619 899 900 620)
4(882 883 900 899)
4(604 621 901 884)
4(620 900 901 621)
4(883 884 901 900)
4(605 622 902 885)
4(621 901 902 622)
4(884 885 902 901)
4(606 623 903 886)
4(622 902 903 623)
4(885 886 903 902)
4(607 624 904 887)
4(623 903 904 624)
4(886 887 904 903)
4(608 625 905 888)
4(624 904 905 625)
4(887 888 905 904)
4(609 626 906 889)
4(625 905 906 626)
4(888 889 906 905)
4(626 906 907 627)
4(889 890 907 906)
4(612 629 909 892)
4(628 908 909 629)
4(891 892 909 908)
4(613 630 910 893)
4(629 909 910 630)
4(892 893 910 909)
4(614 631 911 894)
4(630 910 911 631)
4(893 894 911 910)
4(615 632 912 895)
4(631 911 912 632)
4(894 895 912 911)
4(616 633 913 896)
4(632 912 913 633)
4(895 896 913 912)
4(617 634 914 897)
4(633 913 914 634)
4(896 897 914 913)
4(618 635 915 898)
4(634 914 915 635)
4(897 898 915 914)
4(619 636 916 899)
4(635 915 916 636)
4(898 899 916 915)
4(620 637 917 900)
4(636 916 917 637)
4(899 900 917 916)
4(621 638 918 901)
4(637 917 918 638)
4(900 901 918 917)
4(622 639 919 902)
4(638 918 919 639)
4(901 902 919 918)
4(623 640 920 903)
4(639 919 920 640)
4(902 903 920 919)
4(624 641 921 904)
4(640 920 921 641)
4(903 904 921 920)
4(625 642 922 905)
4(641 921 922 642)
4(904 905 922 921)
4(626 643 923 906)
4(642 922 923 643)
4(905 906 923 922)
4(643 923 924 644)
4(906 907 924 923)
4(629 646 926 909)
4(645 925 926 646)
4(908 909 926 925)
4(630 647 927 910)
4(646 926 927 647)
4(909 910 927 926)
4(631 648 928 911)
4(647 927 928 648)
4(910 911 928 927)
4(632 649 929 912)
4(648 928 929 649)
4(911 912 929 928)
4(633 650 930 913)
4(649 929 930 650)
4(912 913 930 929)
4(634 651 931 914)
4(650 930 931 651)
4(913 914 931 930)
4(635 652 932 915)
4(651 931 932 652)
4(914 915 932 931)
4(636 653 933 916)
4(652 932 933 653)
4(915 916 933 932)
4(637 654 934 917)
4(653 933 934 654)
4(916 917 934 933)
4(638 655 935 918)
4(654 934 935 655)
4(917 918 935 934)
4(639 656 936 919)
4(655 935 936 656)
4(918 919 936 935)
4(640 657 937 920)
4(656 936 937 657)
4(919 920 937 936)
4(641 658 938 921)
4(657 937 938 658)
4(920 921 938 937)
4(642 659 939 922)
4(658 938 939 659)
4(921 922 939 938)
4(643 660 940 923)
4(659 939 940 660)
4(922 923 940 939)
4(660 940 941 661)
4(923 924 941 940)
4(646 663 943 926)
4(662 942 943 663)
4(925 926 943 942)
4(647 664 944 927)
4(663 943 944 664)
4(926 927 944 943)
4(648 665 945 928)
4(664 944 945 665)
4(927 928 945 944)
4(649 666 946 929)
4(665 945 946 666)
4(928 929 946 945)
4(650 667 947 930)
4(666 946 947 667)
4(929 930 947 946)
4(651 668 948 931)
4(667 947 948 668)
4(930 931 948 947)
4(652 669 949 932)
4(931 932 949 948)
4(653 670 950 933)
4(932 933 950 949)
4(654 671 951 934)
4(933 934 951 950)
4(655 672 952 935)
4(934 935 952 951)
4(656 673 953 936)
4(672 952 953 673)
4(935 936 953 952)
4(657 674 954 937)
4(673 953 954 674)
4(936 937 954 953)
4(658 675 955 938)
4(674 954 955 675)
4(937 938 955 954)
4(659 676 956 939)
4(675 955 956 676)
4(938 939 956 955)
4(660 677 957 940)
4(676 956 957 677)
4(939 940 957 956)
4(677 957 958 678)
4(940 941 958 957)
4(663 680 960 943)
4(679 959 960 680)
4(942 943 960 959)
4(664 681 961 944)
4(680 960 961 681)
4(943 944 961 960)
4(665 682 962 945)
4(681 961 962 682)
4(944 945 962 961)
4(666 683 963 946)
4(682 962 963 683)
4(945 946 963 962)
4(667 684 964 947)
4(683 963 964 684)
4(946 947 964 963)
4(684 964 965 685)
4(947 948 965 964)
4(673 687 967 953)
4(686 966 967 687)
4(952 953 967 966)
4(674 688 968 954)
4(687 967 968 688)
4(953 954 968 967)
4(675 689 969 955)
4(688 968 969 689)
4(954 955 969 968)
4(676 690 970 956)
4(689 969 970 690)
4(955 956 970 969)
4(677 691 971 957)
4(690 970 971 691)
4(956 957 971 970)
4(691 971 972 692)
4(957 958 972 971)
4(680 694 974 960)
4(693 973 974 694)
4(959 960 974 973)
4(681 695 975 961)
4(694 974 975 695)
4(960 961 975 974)
4(682 696 976 962)
4(695 975 976 696)
4(961 962 976 975)
4(683 697 977 963)
4(696 976 977 697)
4(962 963 977 976)
4(684 698 978 964)
4(697 977 978 698)
4(963 964 978 977)
4(698 978 979 699)
4(964 965 979 978)
4(687 701 981 967)
4(700 980 981 701)
4(966 967 981 980)
4(688 702 982 968)
4(701 981 982 702)
4(967 968 982 981)
4(689 703 983 969)
4(702 982 983 703)
4(968 969 983 982)
4(690 704 984 970)
4(703 983 984 704)
4(969 970 984 983)
4(691 705 985 971)
4(704 984 985 705)
4(970 971 985 984)
4(705 985 986 706)
4(971 972 986 985)
4(694 708 988 974)
4(707 987 988 708)
4(973 974 988 987)
4(695 709 989 975)
4(708 988 989 709)
4(974 975 989 988)
4(696 710 990 976)
4(709 989 990 710)
4(975 976 990 989)
4(697 711 991 977)
4(710 990 991 711)
4(976 977 991 990)
4(698 712 992 978)
4(711 991 992 712)
4(977 978 992 991)
4(712 992 993 713)
4(978 979 993 992)
4(701 715 995 981)
4(714 994 995 715)
4(980 981 995 994)
4(702 716 996 982)
4(715 995 996 716)
4(981 982 996 995)
4(703 717 997 983)
4(716 996 997 717)
4(982 983 997 996)
4(704 718 998 984)
4(717 997 998 718)
4(983 984 998 997)
4(705 719 999 985)
4(718 998 999 719)
4(984 985 999 998)
4(719 999 1000 720)
4(985 986 1000 999)
4(708 722 1002 988)
4(721 1001 1002 722)
4(987 988 1002 1001)
4(709 723 1003 989)
4(722 1002 1003 723)
4(988 989 1003 1002)
4(710 724 1004 990)
4(723 1003 1004 724)
4(989 990 1004 1003)
4(711 725 1005 991)
4(724 1004 1005 725)
4(990 991 1005 1004)
4(712 726 1006 992)
4(725 1005 1006 726)
4(991 992 1006 1005)
4(726 1006 1007 727)
4(992 993 1007 1006)
4(715 732 1012 995)
4(731 1011 1012 732)
4(994 995 1012 1011)
4(716 733 1013 996)
4(732 1012 1013 733)
4(995 996 1013 1012)
4(717 734 1014 997)
4(733 1013 1014 734)
4(996 997 1014 1013)
4(718 735 1015 998)
4(734 1014 1015 735)
4(997 998 1015 1014)
4(719 736 1016 999)
4(735 1015 1016 736)
4(998 999 1016 1015)
4(736 1016 1017 737)
4(999 1000 1017 1016)
4(722 739 1019 1002)
4(738 1018 1019 739)
4(1001 1002 1019 1018)
4(723 740 1020 1003)
4(739 1019 1020 740)
4(1002 1003 1020 1019)
4(724 741 1021 1004)
4(740 1020 1021 741)
4(1003 1004 1021 1020)
4(725 742 1022 1005)
4(741 1021 1022 742)
4(1004 1005 1022 1021)
4(726 743 1023 1006)
4(742 1022 1023 743)
4(1005 1006 1023 1022)
4(727 744 1024 1007)
4(743 1023 1024 744)
4(1006 1007 1024 1023)
4(728 745 1025 1008)
4(744 1024 1025 745)
4(1007 1008 1025 1024)
4(729 746 1026 1009)
4(745 1025 1026 746)
4(1008 1009 1026 1025)
4(730 747 1027 1010)
4(746 1026 1027 747)
4(1009 1010 1027 1026)
4(731 748 1028 1011)
4(747 1027 1028 748)
4(1010 1011 1028 1027)
4(732 749 1029 1012)
4(748 1028 1029 749)
4(1011 1012 1029 1028)
4(733 750 1030 1013)
4(749 1029 1030 750)
4(1012 1013 1030 1029)
4(734 751 1031 1014)
4(750 1030 1031 751)
4(1013 1014 1031 1030)
4(735 752 1032 1015)
4(751 1031 1032 752)
4(1014 1015 1032 1031)
4(736 753 1033 1016)
4(752 1032 1033 753)
4(1015 1016 1033 1032)
4(753 1033 1034 754)
4(1016 1017 1034 1033)
4(739 756 1036 1019)
4(755 1035 1036 756)
4(1018 1019 1036 1035)
4(740 757 1037 1020)
4(756 1036 1037 757)
4(1019 1020 1037 1036)
4(741 758 1038 1021)
4(757 1037 1038 758)
4(1020 1021 1038 1037)
4(742 759 1039 1022)
4(758 1038 1039 759)
4(1021 1022 1039 1038)
4(743 760 1040 1023)
4(759 1039 1040 760)
4(1022 1023 1040 1039)
4(744 761 1041 1024)
4(760 1040 1041 761)
4(1023 1024 1041 1040)
4(745 762 1042 1025)
4(761 1041 1042 762)
4(1024 1025 1042 1041)
4(746 763 1043 1026)
4(762 1042 1043 763)
4(1025 1026 1043 1042)
4(747 764 1044 1027)
4(763 1043 1044 764)
4(1026 1027 1044 1043)
4(748 765 1045 1028)
4(764 1044 1045 765)
4(1027 1028 1045 1044)
4(749 766 1046 1029)
4(765 1045 1046 766)
4(1028 1029 1046 1045)
4(750 767 1047 1030)
4(766 1046 1047 767)
4(1029 1030 1047 1046)
4(751 768 1048 1031)
4(767 1047 1048 768)
4(1030 1031 1048 1047)
4(752 769 1049 1032)
4(768 1048 1049 769)
4(1031 1032 1049 1048)
4(753 770 1050 1033)
4(769 1049 1050 770)
4(1032 1033 1050 1049)
4(770 1050 1051 771)
4(1033 1034 1051 1050)
4(756 773 1053 1036)
4(772 1052 1053 773)
4(1035 1036 1053 1052)
4(757 774 1054 1037)
4(773 1053 1054 774)
4(1036 1037 1054 1053)
4(758 775 1055 1038)
4(774 1054 1055 775)
4(1037 1038 1055 1054)
4(759 776 1056 1039)
4(775 1055 1056 776)
4(1038 1039 1056 1055)
4(760 777 1057 1040)
4(776 1056 1057 777)
4(1039 1040 1057 1056)
4(761 778 1058 1041)
4(777 1057 1058 778)
4(1040 1041 1058 1057)
4(762 779 1059 1042)
4(778 1058 1059 779)
4(1041 1042 1059 1058)
4(763 780 1060 1043)
4(779 1059 1060 780)
4(1042 1043 1060 1059)
4(764 781 1061 1044)
4(780 1060 1061 781)
4(1043 1044 1061 1060)
4(765 782 1062 1045)
4(781 1061 1062 782)
4(1044 1045 1062 1061)
4(766 783 1063 1046)
4(782 1062 1063 783)
4(1045 1046 1063 1062)
4(767 784 1064 1047)
4(783 1063 1064 784)
4(1046 1047 1064 1063)
4(768 785 1065 1048)
4(784 1064 1065 785)
4(1047 1048 1065 1064)
4(769 786 1066 1049)
4(785 1065 1066 786)
4(1048 1049 1066 1065)
4(770 787 1067 1050)
4(786 1066 1067 787)
4(1049 1050 1067 1066)
4(787 1067 1068 788)
4(1050 1051 1068 1067)
4(773 790 1070 1053)
4(789 1069 1070 790)
4(1052 1053 1070 1069)
4(774 791 1071 1054)
4(790 1070 1071 791)
4(1053 1054 1071 1070)
4(775 792 1072 1055)
4(791 1071 1072 792)
4(1054 1055 1072 1071)
4(776 793 1073 1056)
4(792 1072 1073 793)
4(1055 1056 1073 1072)
4(777 794 1074 1057)
4(793 1073 1074 794)
4(1056 1057 1074 1073)
4(778 795 1075 1058)
4(794 1074 1075 795)
4(1057 1058 1075 1074)
4(779 796 1076 1059)
4(795 1075 1076 796)
4(1058 1059 1076 1075)
4(780 797 1077 1060)
4(796 1076 1077 797)
4(1059 1060 1077 1076)
4(781 798 1078 1061)
4(797 1077 1078 798)
4(1060 1061 1078 1077)
4(782 799 1079 1062)
4(798 1078 1079 799)
4(1061 1062 1079 1078)
4(783 800 1080 1063)
4(799 1079 1080 800)
4(1062 1063 1080 1079)
4(784 801 1081 1064)
4(800 1080 1081 801)
4(1063 1064 1081 1080)
4(785 802 1082 1065)
4(801 1081 1082 802)
4(1064 1065 1082 1081)
4(786 803 1083 1066)
4(802 1082 1083 803)
4(1065 1066 1083 1082)
4(787 804 1084 1067)
4(803 1083 1084 804)
4(1066 1067 1084 1083)
4(804 1084 1085 805)
4(1067 1068 1085 1084)
4(790 807 1087 1070)
4(806 1086 1087 807)
4(1069 1070 1087 1086)
4(791 808 1088 1071)
4(807 1087 1088 808)
4(1070 1071 1088 1087)
4(792 809 1089 1072)
4(808 1088 1089 809)
4(1071 1072 1089 1088)
4(793 810 1090 1073)
4(809 1089 1090 810)
4(1072 1073 1090 1089)
4(794 811 1091 1074)
4(810 1090 1091 811)
4(1073 1074 1091 1090)
4(795 812 1092 1075)
4(811 1091 1092 812)
4(1074 1075 1092 1091)
4(796 813 1093 1076)
4(812 1092 1093 813)
4(1075 1076 1093 1092)
4(797 814 1094 1077)
4(813 1093 1094 814)
4(1076 1077 1094 1093)
4(798 815 1095 1078)
4(814 1094 1095 815)
4(1077 1078 1095 1094)
4(799 816 1096 1079)
4(815 1095 1096 816)
4(1078 1079 1096 1095)
4(800 817 1097 1080)
4(816 1096 1097 817)
4(1079 1080 1097 1096)
4(801 818 1098 1081)
4(817 1097 1098 818)
4(1080 1081 1098 1097)
4(802 819 1099 1082)
4(818 1098 1099 819)
4(1081 1082 1099 1098)
4(803 820 1100 1083)
4(819 1099 1100 820)
4(1082 1083 1100 1099)
4(804 821 1101 1084)
4(820 1100 1101 821)
4(1083 1084 1101 1100)
4(821 1101 1102 822)
4(1084 1085 1102 1101)
4(807 824 1104 1087)
4(1086 1087 1104 1103)
4(808 825 1105 1088)
4(1087 1088 1105 1104)
4(809 826 1106 1089)
4(1088 1089 1106 1105)
4(810 827 1107 1090)
4(1089 1090 1107 1106)
4(811 828 1108 1091)
4(1090 1091 1108 1107)
4(812 829 1109 1092)
4(1091 1092 1109 1108)
4(813 830 1110 1093)
4(1092 1093 1110 1109)
4(814 831 1111 1094)
4(1093 1094 1111 1110)
4(815 832 1112 1095)
4(1094 1095 1112 1111)
4(816 833 1113 1096)
4(1095 1096 1113 1112)
4(817 834 1114 1097)
4(1096 1097 1114 1113)
4(818 835 1115 1098)
4(1097 1098 1115 1114)
4(819 836 1116 1099)
4(1098 1099 1116 1115)
4(820 837 1117 1100)
4(1099 1100 1117 1116)
4(821 838 1118 1101)
4(1100 1101 1118 1117)
4(1101 1102 1119 1118)
4(841 858 1138 1121)
4(857 1137 1138 858)
4(1120 1121 1138 1137)
4(842 859 1139 1122)
4(858 1138 1139 859)
4(1121 1122 1139 1138)
4(843 860 1140 1123)
4(859 1139 1140 860)
4(1122 1123 1140 1139)
4(844 861 1141 1124)
4(860 1140 1141 861)
4(1123 1124 1141 1140)
4(845 862 1142 1125)
4(861 1141 1142 862)
4(1124 1125 1142 1141)
4(846 863 1143 1126)
4(862 1142 1143 863)
4(1125 1126 1143 1142)
4(847 864 1144 1127)
4(863 1143 1144 864)
4(1126 1127 1144 1143)
4(848 865 1145 1128)
4(864 1144 1145 865)
4(1127 1128 1145 1144)
4(849 866 1146 1129)
4(865 1145 1146 866)
4(1128 1129 1146 1145)
4(850 867 1147 1130)
4(866 1146 1147 867)
4(1129 1130 1147 1146)
4(851 868 1148 1131)
4(867 1147 1148 868)
4(1130 1131 1148 1147)
4(852 869 1149 1132)
4(868 1148 1149 869)
4(1131 1132 1149 1148)
4(853 870 1150 1133)
4(869 1149 1150 870)
4(1132 1133 1150 1149)
4(854 871 1151 1134)
4(870 1150 1151 871)
4(1133 1134 1151 1150)
4(855 872 1152 1135)
4(871 1151 1152 872)
4(1134 1135 1152 1151)
4(872 1152 1153 873)
4(1135 1136 1153 1152)
4(858 875 1155 1138)
4(874 1154 1155 875)
4(1137 1138 1155 1154)
4(859 876 1156 1139)
4(875 1155 1156 876)
4(1138 1139 1156 1155)
4(860 877 1157 1140)
4(876 1156 1157 877)
4(1139 1140 1157 1156)
4(861 878 1158 1141)
4(877 1157 1158 878)
4(1140 1141 1158 1157)
4(862 879 1159 1142)
4(878 1158 1159 879)
4(1141 1142 1159 1158)
4(863 880 1160 1143)
4(879 1159 1160 880)
4(1142 1143 1160 1159)
4(864 881 1161 1144)
4(880 1160 1161 881)
4(1143 1144 1161 1160)
4(865 882 1162 1145)
4(881 1161 1162 882)
4(1144 1145 1162 1161)
4(866 883 1163 1146)
4(882 1162 1163 883)
4(1145 1146 1163 1162)
4(867 884 1164 1147)
4(883 1163 1164 884)
4(1146 1147 1164 1163)
4(868 885 1165 1148)
4(884 1164 1165 885)
4(1147 1148 1165 1164)
4(869 886 1166 1149)
4(885 1165 1166 886)
4(1148 1149 1166 1165)
4(870 887 1167 1150)
4(886 1166 1167 887)
4(1149 1150 1167 1166)
4(871 888 1168 1151)
4(887 1167 1168 888)
4(1150 1151 1168 1167)
4(872 889 1169 1152)
4(888 1168 1169 889)
4(1151 1152 1169 1168)
4(889 1169 1170 890)
4(1152 1153 1170 1169)
4(875 892 1172 1155)
4(891 1171 1172 892)
4(1154 1155 1172 1171)
4(876 893 1173 1156)
4(892 1172 1173 893)
4(1155 1156 1173 1172)
4(877 894 1174 1157)
4(893 1173 1174 894)
4(1156 1157 1174 1173)
4(878 895 1175 1158)
4(894 1174 1175 895)
4(1157 1158 1175 1174)
4(879 896 1176 1159)
4(895 1175 1176 896)
4(1158 1159 1176 1175)
4(880 897 1177 1160)
4(896 1176 1177 897)
4(1159 1160 1177 1176)
4(881 898 1178 1161)
4(897 1177 1178 898)
4(1160 1161 1178 1177)
4(882 899 1179 1162)
4(898 1178 1179 899)
4(1161 1162 1179 1178)
4(883 900 1180 1163)
4(899 1179 1180 900)
4(1162 1163 1180 1179)
4(884 901 1181 1164)
4(900 1180 1181 901)
4(1163 1164 1181 1180)
4(885 902 1182 1165)
4(901 1181 1182 902)
4(1164 1165 1182 1181)
4(886 903 1183 1166)
4(902 1182 1183 903)
4(1165 1166 1183 1182)
4(887 904 1184 1167)
4(903 1183 1184 904)
4(1166 1167 1184 1183)
4(888 905 1185 1168)
4(904 1184 1185 905)
4(1167 1168 1185 1184)
4(889 906 1186 1169)
4(905 1185 1186 906)
4(1168 1169 1186 1185)
4(906 1186 1187 907)
4(1169 1170 1187 1186)
4(892 909 1189 1172)
4(908 1188 1189 909)
4(1171 1172 1189 1188)
4(893 910 1190 1173)
4(909 1189 1190 910)
4(1172 1173 1190 1189)
4(894 911 1191 1174)
4(910 1190 1191 911)
4(1173 1174 1191 1190)
4(895 912 1192 1175)
4(911 1191 1192 912)
4(1174 1175 1192 1191)
4(896 913 1193 1176)
4(912 1192 1193 913)
4(1175 1176 1193 1192)
4(897 914 1194 1177)
4(913 1193 1194 914)
4(1176 1177 1194 1193)
4(898 915 1195 1178)
4(914 1194 1195 915)
4(1177 1178 1195 1194)
4(899 916 1196 1179)
4(915 1195 1196 916)
4(1178 1179 1196 1195)
4(900 917 1197 1180)
4(916 1196 1197 917)
4(1179 1180 1197 1196)
4(901 918 1198 1181)
4(917 1197 1198 918)
4(1180 1181 1198 1197)
4(902 919 1199 1182)
4(918 1198 1199 919)
4(1181 1182 1199 1198)
4(903 920 1200 1183)
4(919 1199 1200 920)
4(1182 1183 1200 1199)
4(904 921 1201 1184)
4(920 1200 1201 921)
4(1183 1184 1201 1200)
4(905 922 1202 1185)
4(921 1201 1202 922)
4(1184 1185 1202 1201)
4(906 923 1203 1186)
4(922 1202 1203 923)
4(1185 1186 1203 1202)
4(923 1203 1204 924)
4(1186 1187 1204 1203)
4(909 926 1206 1189)
4(925 1205 1206 926)
4(1188 1189 1206 1205)
4(910 927 1207 1190)
4(926 1206 1207 927)
4(1189 1190 1207 1206)
4(911 928 1208 1191)
4(927 1207 1208 928)
4(1190 1191 1208 1207)
4(912 929 1209 1192)
4(928 1208 1209 929)
4(1191 1192 1209 1208)
4(913 930 1210 1193)
4(929 1209 1210 930)
4(1192 1193 1210 1209)
4(914 931 1211 1194)
4(930 1210 1211 931)
4(1193 1194 1211 1210)
4(915 932 1212 1195)
4(931 1211 1212 932)
4(1194 1195 1212 1211)
4(916 933 1213 1196)
4(932 1212 1213 933)
4(1195 1196 1213 1212)
4(917 934 1214 1197)
4(933 1213 1214 934)
4(1196 1197 1214 1213)
4(918 935 1215 1198)
4(934 1214 1215 935)
4(1197 1198 1215 1214)
4(919 936 1216 1199)
4(935 1215 1216 936)
4(1198 1199 1216 1215)
4(920 937 1217 1200)
4(936 1216 1217 937)
4(1199 1200 1217 1216)
4(921 938 1218 1201)
4(937 1217 1218 938)
4(1200 1201 1218 1217)
4(922 939 1219 1202)
4(938 1218 1219 939)
4(1201 1202 1219 1218)
4(923 940 1220 1203)
4(939 1219 1220 940)
4(1202 1203 1220 1219)
4(940 1220 1221 941)
4(1203 1204 1221 1220)
4(926 943 1223 1206)
4(942 1222 1223 943)
4(1205 1206 1223 1222)
4(927 944 1224 1207)
4(943 1223 1224 944)
4(1206 1207 1224 1223)
4(928 945 1225 1208)
4(944 1224 1225 945)
4(1207 1208 1225 1224)
4(929 946 1226 1209)
4(945 1225 1226 946)
4(1208 1209 1226 1225)
4(930 947 1227 1210)
4(946 1226 1227 947)
4(1209 1210 1227 1226)
4(931 948 1228 1211)
4(947 1227 1228 948)
4(1210 1211 1228 1227)
4(932 949 1229 1212)
4(1211 1212 1229 1228)
4(933 950 1230 1213)
4(1212 1213 1230 1229)
4(934 951 1231 1214)
4(1213 1214 1231 1230)
4(935 952 1232 1215)
4(1214 1215 1232 1231)
4(936 953 1233 1216)
4(952 1232 1233 953)
4(1215 1216 1233 1232)
4(937 954 1234 1217)
4(953 1233 1234 954)
4(1216 1217 1234 1233)
4(938 955 1235 1218)
4(954 1234 1235 955)
4(1217 1218 1235 1234)
4(939 956 1236 1219)
4(955 1235 1236 956)
4(1218 1219 1236 1235)
4(940 957 1237 1220)
4(956 1236 1237 957)
4(1219 1220 1237 1236)
4(957 1237 1238 958)
4(1220 1221 1238 1237)
4(943 960 1240 1223)
4(959 1239 1240 960)
4(1222 1223 1240 1239)
4(944 961 1241 1224)
4(960 1240 1241 961)
4(1223 1224 1241 1240)
4(945 962 1242 1225)
4(961 1241 1242 962)
4(1224 1225 1242 1241)
4(946 963 1243 1226)
4(962 1242 1243 963)
4(1225 1226 1243 1242)
4(947 964 1244 1227)
4(963 1243 1244 964)
4(1226 1227 1244 1243)
4(964 1244 1245 965)
4(1227 1228 1245 1244)
4(953 967 1250 1233)
4(966 1249 1250 967)
4(1232 1233 1250 1249)
4(954 968 1251 1234)
4(967 1250 1251 968)
4(1233 1234 1251 1250)
4(955 969 1252 1235)
4(968 1251 1252 969)
4(1234 1235 1252 1251)
4(956 970 1253 1236)
4(969 1252 1253 970)
4(1235 1236 1253 1252)
4(957 971 1254 1237)
4(970 1253 1254 971)
4(1236 1237 1254 1253)
4(971 1254 1255 972)
4(1237 1238 1255 1254)
4(960 974 1257 1240)
4(973 1256 1257 974)
4(1239 1240 1257 1256)
4(961 975 1258 1241)
4(974 1257 1258 975)
4(1240 1241 1258 1257)
4(962 976 1259 1242)
4(975 1258 1259 976)
4(1241 1242 1259 1258)
4(963 977 1260 1243)
4(976 1259 1260 977)
4(1242 1243 1260 1259)
4(964 978 1261 1244)
4(977 1260 1261 978)
4(1243 1244 1261 1260)
4(978 1261 1262 979)
4(1244 1245 1262 1261)
4(967 981 1267 1250)
4(980 1266 1267 981)
4(1249 1250 1267 1266)
4(968 982 1268 1251)
4(981 1267 1268 982)
4(1250 1251 1268 1267)
4(969 983 1269 1252)
4(982 1268 1269 983)
4(1251 1252 1269 1268)
4(970 984 1270 1253)
4(983 1269 1270 984)
4(1252 1253 1270 1269)
4(971 985 1271 1254)
4(984 1270 1271 985)
4(1253 1254 1271 1270)
4(985 1271 1272 986)
4(1254 1255 1272 1271)
4(974 988 1274 1257)
4(987 1273 1274 988)
4(1256 1257 1274 1273)
4(975 989 1275 1258)
4(988 1274 1275 989)
4(1257 1258 1275 1274)
4(976 990 1276 1259)
4(989 1275 1276 990)
4(1258 1259 1276 1275)
4(977 991 1277 1260)
4(990 1276 1277 991)
4(1259 1260 1277 1276)
4(978 992 1278 1261)
4(991 1277 1278 992)
4(1260 1261 1278 1277)
4(992 1278 1279 993)
4(1261 1262 1279 1278)
4(981 995 1284 1267)
4(994 1283 1284 995)
4(1266 1267 1284 1283)
4(982 996 1285 1268)
4(995 1284 1285 996)
4(1267 1268 1285 1284)
4(983 997 1286 1269)
4(996 1285 1286 997)
4(1268 1269 1286 1285)
4(984 998 1287 1270)
4(997 1286 1287 998)
4(1269 1270 1287 1286)
4(985 999 1288 1271)
4(998 1287 1288 999)
4(1270 1271 1288 1287)
4(999 1288 1289 1000)
4(1271 1272 1289 1288)
4(988 1002 1291 1274)
4(1001 1290 1291 1002)
4(1273 1274 1291 1290)
4(989 1003 1292 1275)
4(1002 1291 1292 1003)
4(1274 1275 1292 1291)
4(990 1004 1293 1276)
4(1003 1292 1293 1004)
4(1275 1276 1293 1292)
4(991 1005 1294 1277)
4(1004 1293 1294 1005)
4(1276 1277 1294 1293)
4(992 1006 1295 1278)
4(1005 1294 1295 1006)
4(1277 1278 1295 1294)
4(1006 1295 1296 1007)
4(1278 1279 1296 1295)
4(995 1012 1301 1284)
4(1011 1300 1301 1012)
4(1283 1284 1301 1300)
4(996 1013 1302 1285)
4(1012 1301 1302 1013)
4(1284 1285 1302 1301)
4(997 1014 1303 1286)
4(1013 1302 1303 1014)
4(1285 1286 1303 1302)
4(998 1015 1304 1287)
4(1014 1303 1304 1015)
4(1286 1287 1304 1303)
4(999 1016 1305 1288)
4(1015 1304 1305 1016)
4(1287 1288 1305 1304)
4(1016 1305 1306 1017)
4(1288 1289 1306 1305)
4(1002 1019 1308 1291)
4(1018 1307 1308 1019)
4(1290 1291 1308 1307)
4(1003 1020 1309 1292)
4(1019 1308 1309 1020)
4(1291 1292 1309 1308)
4(1004 1021 1310 1293)
4(1020 1309 1310 1021)
4(1292 1293 1310 1309)
4(1005 1022 1311 1294)
4(1021 1310 1311 1022)
4(1293 1294 1311 1310)
4(1006 1023 1312 1295)
4(1022 1311 1312 1023)
4(1294 1295 1312 1311)
4(1007 1024 1313 1296)
4(1023 1312 1313 1024)
4(1295 1296 1313 1312)
4(1008 1025 1314 1297)
4(1024 1313 1314 1025)
4(1296 1297 1314 1313)
4(1009 1026 1315 1298)
4(1025 1314 1315 1026)
4(1297 1298 1315 1314)
4(1010 1027 1316 1299)
4(1026 1315 1316 1027)
4(1298 1299 1316 1315)
4(1011 1028 1317 1300)
4(1027 1316 1317 1028)
4(1299 1300 1317 1316)
4(1012 1029 1318 1301)
4(1028 1317 1318 1029)
4(1300 1301 1318 1317)
4(1013 1030 1319 1302)
4(1029 1318 1319 1030)
4(1301 1302 1319 1318)
4(1014 1031 1320 1303)
4(1030 1319 1320 1031)
4(1302 1303 1320 1319)
4(1015 1032 1321 1304)
4(1031 1320 1321 1032)
4(1303 1304 1321 1320)
4(1016 1033 1322 1305)
4(1032 1321 1322 1033)
4(1304 1305 1322 1321)
4(1033 1322 1323 1034)
4(1305 1306 1323 1322)
4(1019 1036 1325 1308)
4(1035 1324 1325 1036)
4(1307 1308 1325 1324)
4(1020 1037 1326 1309)
4(1036 1325 1326 1037)
4(1308 1309 1326 1325)
4(1021 1038 1327 1310)
4(1037 1326 1327 1038)
4(1309 1310 1327 1326)
4(1022 1039 1328 1311)
4(1038 1327 1328 1039)
4(1310 1311 1328 1327)
4(1023 1040 1329 1312)
4(1039 1328 1329 1040)
4(1311 1312 1329 1328)
4(1024 1041 1330 1313)
4(1040 1329 1330 1041)
4(1312 1313 1330 1329)
4(1025 1042 1331 1314)
4(1041 1330 1331 1042)
4(1313 1314 1331 1330)
4(1026 1043 1332 1315)
4(1042 1331 1332 1043)
4(1314 1315 1332 1331)
4(1027 1044 1333 1316)
4(1043 1332 1333 1044)
4(1315 1316 1333 1332)
4(1028 1045 1334 1317)
4(1044 1333 1334 1045)
4(1316 1317 1334 1333)
4(1029 1046 1335 1318)
4(1045 1334 1335 1046)
4(1317 1318 1335 1334)
4(1030 1047 1336 1319)
4(1046 1335 1336 1047)
4(1318 1319 1336 1335)
4(1031 1048 1337 1320)
4(1047 1336 1337 1048)
4(1319 1320 1337 1336)
4(1032 1049 1338 1321)
4(1048 1337 1338 1049)
4(1320 1321 1338 1337)
4(1033 1050 1339 1322)
4(1049 1338 1339 1050)
4(1321 1322 1339 1338)
4(1050 1339 1340 1051)
4(1322 1323 1340 1339)
4(1036 1053 1342 1325)
4(1052 1341 1342 1053)
4(1324 1325 1342 1341)
4(1037 1054 1343 1326)
4(1053 1342 1343 1054)
4(1325 1326 1343 1342)
4(1038 1055 1344 1327)
4(1054 1343 1344 1055)
4(1326 1327 1344 1343)
4(1039 1056 1345 1328)
4(1055 1344 1345 1056)
4(1327 1328 1345 1344)
4(1040 1057 1346 1329)
4(1056 1345 1346 1057)
4(1328 1329 1346 1345)
4(1041 1058 1347 1330)
4(1057 1346 1347 1058)
4(1329 1330 1347 1346)
4(1042 1059 1348 1331)
4(1058 1347 1348 1059)
4(1330 1331 1348 1347)
4(1043 1060 1349 1332)
4(1059 1348 1349 1060)
4(1331 1332 1349 1348)
4(1044 1061 1350 1333)
4(1060 1349 1350 1061)
4(1332 1333 1350 1349)
4(1045 1062 1351 1334)
4(1061 1350 1351 1062)
4(1333 1334 1351 1350)
4(1046 1063 1352 1335)
4(1062 1351 1352 1063)
4(1334 1335 1352 1351)
4(1047 1064 1353 1336)
4(1063 1352 1353 1064)
4(1335 1336 1353 1352)
4(1048 1065 1354 1337)
4(1064 1353 1354 1065)
4(1336 1337 1354 1353)
4(1049 1066 1355 1338)
4(1065 1354 1355 1066)
4(1337 1338 1355 1354)
4(1050 1067 1356 1339)
4(1066 1355 1356 1067)
4(1338 1339 1356 1355)
4(1067 1356 1357 1068)
4(1339 1340 1357 1356)
4(1053 1070 1359 1342)
4(1069 1358 1359 1070)
4(1341 1342 1359 1358)
4(1054 1071 1360 1343)
4(1070 1359 1360 1071)
4(1342 1343 1360 1359)
4(1055 1072 1361 1344)
4(1071 1360 1361 1072)
4(1343 1344 1361 1360)
4(1056 1073 1362 1345)
4(1072 1361 1362 1073)
4(1344 1345 1362 1361)
4(1057 1074 1363 1346)
4(1073 1362 1363 1074)
4(1345 1346 1363 1362)
4(1058 1075 1364 1347)
4(1074 1363 1364 1075)
4(1346 1347 1364 1363)
4(1059 1076 1365 1348)
4(1075 1364 1365 1076)
4(1347 1348 1365 1364)
4(1060 1077 1366 1349)
4(1076 1365 1366 1077)
4(1348 1349 1366 1365)
4(1061 1078 1367 1350)
4(1077 1366 1367 1078)
4(1349 1350 1367 1366)
4(1062 1079 1368 1351)
4(1078 1367 1368 1079)
4(1350 1351 1368 1367)
4(1063 1080 1369 1352)
4(1079 1368 1369 1080)
4(1351 1352 1369 1368)
4(1064 1081 1370 1353)
4(1080 1369 1370 1081)
4(1352 1353 1370 1369)
4(1065 1082 1371 1354)
4(1081 1370 1371 1082)
4(1353 1354 1371 1370)
4(1066 1083 1372 1355)
4(1082 1371 1372 1083)
4(1354 1355 1372 1371)
4(1067 1084 1373 1356)
4(1083 1372 1373 1084)
4(1355 1356 1373 1372)
4(1084 1373 1374 1085)
4(1356 1357 1374 1373)
4(1070 1087 1376 1359)
4(1086 1375 1376 1087)
4(1358 1359 1376 1375)
4(1071 1088 1377 1360)
4(1087 1376 1377 1088)
4(1359 1360 1377 1376)
4(1072 1089 1378 1361)
4(1088 1377 1378 1089)
4(1360 1361 1378 1377)
4(1073 1090 1379 1362)
4(1089 1378 1379 1090)
4(1361 1362 1379 1378)
4(1074 1091 1380 1363)
4(1090 1379 1380 1091)
4(1362 1363 1380 1379)
4(1075 1092 1381 1364)
4(1091 1380 1381 1092)
4(1363 1364 1381 1380)
4(1076 1093 1382 1365)
4(1092 1381 1382 1093)
4(1364 1365 1382 1381)
4(1077 1094 1383 1366)
4(1093 1382 1383 1094)
4(1365 1366 1383 1382)
4(1078 1095 1384 1367)
4(1094 1383 1384 1095)
4(1366 1367 1384 1383)
4(1079 1096 1385 1368)
4(1095 1384 1385 1096)
4(1367 1368 1385 1384)
4(1080 1097 1386 1369)
4(1096 1385 1386 1097)
4(1368 1369 1386 1385)
4(1081 1098 1387 1370)
4(1097 1386 1387 1098)
4(1369 1370 1387 1386)
4(1082 1099 1388 1371)
4(1098 1387 1388 1099)
4(1370 1371 1388 1387)
4(1083 1100 1389 1372)
4(1099 1388 1389 1100)
4(1371 1372 1389 1388)
4(1084 1101 1390 1373)
4(1100 1389 1390 1101)
4(1372 1373 1390 1389)
4(1101 1390 1391 1102)
4(1373 1374 1391 1390)
4(1087 1104 1393 1376)
4(1375 1376 1393 1392)
4(1088 1105 1394 1377)
4(1376 1377 1394 1393)
4(1089 1106 1395 1378)
4(1377 1378 1395 1394)
4(1090 1107 1396 1379)
4(1378 1379 1396 1395)
4(1091 1108 1397 1380)
4(1379 1380 1397 1396)
4(1092 1109 1398 1381)
4(1380 1381 1398 1397)
4(1093 1110 1399 1382)
4(1381 1382 1399 1398)
4(1094 1111 1400 1383)
4(1382 1383 1400 1399)
4(1095 1112 1401 1384)
4(1383 1384 1401 1400)
4(1096 1113 1402 1385)
4(1384 1385 1402 1401)
4(1097 1114 1403 1386)
4(1385 1386 1403 1402)
4(1098 1115 1404 1387)
4(1386 1387 1404 1403)
4(1099 1116 1405 1388)
4(1387 1388 1405 1404)
4(1100 1117 1406 1389)
4(1388 1389 1406 1405)
4(1101 1118 1407 1390)
4(1389 1390 1407 1406)
4(1390 1391 1408 1407)
4(1121 1138 1427 1410)
4(1137 1426 1427 1138)
4(1409 1410 1427 1426)
4(1122 1139 1428 1411)
4(1138 1427 1428 1139)
4(1410 1411 1428 1427)
4(1123 1140 1429 1412)
4(1139 1428 1429 1140)
4(1411 1412 1429 1428)
4(1124 1141 1430 1413)
4(1140 1429 1430 1141)
4(1412 1413 1430 1429)
4(1125 1142 1431 1414)
4(1141 1430 1431 1142)
4(1413 1414 1431 1430)
4(1126 1143 1432 1415)
4(1142 1431 1432 1143)
4(1414 1415 1432 1431)
4(1127 1144 1433 1416)
4(1143 1432 1433 1144)
4(1415 1416 1433 1432)
4(1128 1145 1434 1417)
4(1144 1433 1434 1145)
4(1416 1417 1434 1433)
4(1129 1146 1435 1418)
4(1145 1434 1435 1146)
4(1417 1418 1435 1434)
4(1130 1147 1436 1419)
4(1146 1435 1436 1147)
4(1418 1419 1436 1435)
4(1131 1148 1437 1420)
4(1147 1436 1437 1148)
4(1419 1420 1437 1436)
4(1132 1149 1438 1421)
4(1148 1437 1438 1149)
4(1420 1421 1438 1437)
4(1133 1150 1439 1422)
4(1149 1438 1439 1150)
4(1421 1422 1439 1438)
4(1134 1151 1440 1423)
4(1150 1439 1440 1151)
4(1422 1423 1440 1439)
4(1135 1152 1441 1424)
4(1151 1440 1441 1152)
4(1423 1424 1441 1440)
4(1152 1441 1442 1153)
4(1424 1425 1442 1441)
4(1138 1155 1444 1427)
4(1154 1443 1444 1155)
4(1426 1427 1444 1443)
4(1139 1156 1445 1428)
4(1155 1444 1445 1156)
4(1427 1428 1445 1444)
4(1140 1157 1446 1429)
4(1156 1445 1446 1157)
4(1428 1429 1446 1445)
4(1141 1158 1447 1430)
4(1157 1446 1447 1158)
4(1429 1430 1447 1446)
4(1142 1159 1448 1431)
4(1158 1447 1448 1159)
4(1430 1431 1448 1447)
4(1143 1160 1449 1432)
4(1159 1448 1449 1160)
4(1431 1432 1449 1448)
4(1144 1161 1450 1433)
4(1160 1449 1450 1161)
4(1432 1433 1450 1449)
4(1145 1162 1451 1434)
4(1161 1450 1451 1162)
4(1433 1434 1451 1450)
4(1146 1163 1452 1435)
4(1162 1451 1452 1163)
4(1434 1435 1452 1451)
4(1147 1164 1453 1436)
4(1163 1452 1453 1164)
4(1435 1436 1453 1452)
4(1148 1165 1454 1437)
4(1164 1453 1454 1165)
4(1436 1437 1454 1453)
4(1149 1166 1455 1438)
4(1165 1454 1455 1166)
4(1437 1438 1455 1454)
4(1150 1167 1456 1439)
4(1166 1455 1456 1167)
4(1438 1439 1456 1455)
4(1151 1168 1457 1440)
4(1167 1456 1457 1168)
4(1439 1440 1457 1456)
4(1152 1169 1458 1441)
4(1168 1457 1458 1169)
4(1440 1441 1458 1457)
4(1169 1458 1459 1170)
4(1441 1442 1459 1458)
4(1155 1172 1461 1444)
4(1171 1460 1461 1172)
4(1443 1444 1461 1460)
4(1156 1173 1462 1445)
4(1172 1461 1462 1173)
4(1444 1445 1462 1461)
4(1157 1174 1463 1446)
4(1173 1462 1463 1174)
4(1445 1446 1463 1462)
4(1158 1175 1464 1447)
4(1174 1463 1464 1175)
4(1446 1447 1464 1463)
4(1159 1176 1465 1448)
4(1175 1464 1465 1176)
4(1447 1448 1465 1464)
4(1160 1177 1466 1449)
4(1176 1465 1466 1177)
4(1448 1449 1466 1465)
4(1161 1178 1467 1450)
4(1177 1466 1467 1178)
4(1449 1450 1467 1466)
4(1162 1179 1468 1451)
4(1178 1467 1468 1179)
4(1450 1451 1468 1467)
4(1163 1180 1469 1452)
4(1179 1468 1469 1180)
4(1451 1452 1469 1468)
4(1164 1181 1470 1453)
4(1180 1469 1470 1181)
4(1452 1453 1470 1469)
4(1165 1182 1471 1454)
4(1181 1470 1471 1182)
4(1453 1454 1471 1470)
4(1166 1183 1472 1455)
4(1182 1471 1472 1183)
4(1454 1455 1472 1471)
4(1167 1184 1473 1456)
4(1183 1472 1473 1184)
4(1455 1456 1473 1472)
4(1168 1185 1474 1457)
4(1184 1473 1474 1185)
4(1456 1457 1474 1473)
4(1169 1186 1475 1458)
4(1185 1474 1475 1186)
4(1457 1458 1475 1474)
4(1186 1475 1476 1187)
4(1458 1459 1476 1475)
4(1172 1189 1478 1461)
4(1188 1477 1478 1189)
4(1460 1461 1478 1477)
4(1173 1190 1479 1462)
4(1189 1478 1479 1190)
4(1461 1462 1479 1478)
4(1174 1191 1480 1463)
4(1190 1479 1480 1191)
4(1462 1463 1480 1479)
4(1175 1192 1481 1464)
4(1191 1480 1481 1192)
4(1463 1464 1481 1480)
4(1176 1193 1482 1465)
4(1192 1481 1482 1193)
4(1464 1465 1482 1481)
4(1177 1194 1483 1466)
4(1193 1482 1483 1194)
4(1465 1466 1483 1482)
4(1178 1195 1484 1467)
4(1194 1483 1484 1195)
4(1466 1467 1484 1483)
4(1179 1196 1485 1468)
4(1195 1484 1485 1196)
4(1467 1468 1485 1484)
4(1180 1197 1486 1469)
4(1196 1485 1486 1197)
4(1468 1469 1486 1485)
4(1181 1198 1487 1470)
4(1197 1486 1487 1198)
4(1469 1470 1487 1486)
4(1182 1199 1488 1471)
4(1198 1487 1488 1199)
4(1470 1471 1488 1487)
4(1183 1200 1489 1472)
4(1199 1488 1489 1200)
4(1471 1472 1489 1488)
4(1184 1201 1490 1473)
4(1200 1489 1490 1201)
4(1472 1473 1490 1489)
4(1185 1202 1491 1474)
4(1201 1490 1491 1202)
4(1473 1474 1491 1490)
4(1186 1203 1492 1475)
4(1202 1491 1492 1203)
4(1474 1475 1492 1491)
4(1203 1492 1493 1204)
4(1475 1476 1493 1492)
4(1189 1206 1495 1478)
4(1205 1494 1495 1206)
4(1477 1478 1495 1494)
4(1190 1207 1496 1479)
4(1206 1495 1496 1207)
4(1478 1479 1496 1495)
4(1191 1208 1497 1480)
4(1207 1496 1497 1208)
4(1479 1480 1497 1496)
4(1192 1209 1498 1481)
4(1208 1497 1498 1209)
4(1480 1481 1498 1497)
4(1193 1210 1499 1482)
4(1209 1498 1499 1210)
4(1481 1482 1499 1498)
4(1194 1211 1500 1483)
4(1210 1499 1500 1211)
4(1482 1483 1500 1499)
4(1195 1212 1501 1484)
4(1211 1500 1501 1212)
4(1483 1484 1501 1500)
4(1196 1213 1502 1485)
4(1212 1501 1502 1213)
4(1484 1485 1502 1501)
4(1197 1214 1503 1486)
4(1213 1502 1503 1214)
4(1485 1486 1503 1502)
4(1198 1215 1504 1487)
4(1214 1503 1504 1215)
4(1486 1487 1504 1503)
4(1199 1216 1505 1488)
4(1215 1504 1505 1216)
4(1487 1488 1505 1504)
4(1200 1217 1506 1489)
4(1216 1505 1506 1217)
4(1488 1489 1506 1505)
4(1201 1218 1507 1490)
4(1217 1506 1507 1218)
4(1489 1490 1507 1506)
4(1202 1219 1508 1491)
4(1218 1507 1508 1219)
4(1490 1491 1508 1507)
4(1203 1220 1509 1492)
4(1219 1508 1509 1220)
4(1491 1492 1509 1508)
4(1220 1509 1510 1221)
4(1492 1493 1510 1509)
4(1206 1223 1512 1495)
4(1222 1511 1512 1223)
4(1494 1495 1512 1511)
4(1207 1224 1513 1496)
4(1223 1512 1513 1224)
4(1495 1496 1513 1512)
4(1208 1225 1514 1497)
4(1224 1513 1514 1225)
4(1496 1497 1514 1513)
4(1209 1226 1515 1498)
4(1225 1514 1515 1226)
4(1497 1498 1515 1514)
4(1210 1227 1516 1499)
4(1226 1515 1516 1227)
4(1498 1499 1516 1515)
4(1211 1228 1517 1500)
4(1227 1516 1517 1228)
4(1499 1500 1517 1516)
4(1212 1229 1518 1501)
4(1228 1517 1518 1229)
4(1500 1501 1518 1517)
4(1213 1230 1519 1502)
4(1229 1518 1519 1230)
4(1501 1502 1519 1518)
4(1214 1231 1520 1503)
4(1230 1519 1520 1231)
4(1502 1503 1520 1519)
4(1215 1232 1521 1504)
4(1231 1520 1521 1232)
4(1503 1504 1521 1520)
4(1216 1233 1522 1505)
4(1232 1521 1522 1233)
4(1504 1505 1522 1521)
4(1217 1234 1523 1506)
4(1233 1522 1523 1234)
4(1505 1506 1523 1522)
4(1218 1235 1524 1507)
4(1234 1523 1524 1235)
4(1506 1507 1524 1523)
4(1219 1236 1525 1508)
4(1235 1524 1525 1236)
4(1507 1508 1525 1524)
4(1220 1237 1526 1509)
4(1236 1525 1526 1237)
4(1508 1509 1526 1525)
4(1237 1526 1527 1238)
4(1509 1510 1527 1526)
4(1223 1240 1529 1512)
4(1239 1528 1529 1240)
4(1511 1512 1529 1528)
4(1224 1241 1530 1513)
4(1240 1529 1530 1241)
4(1512 1513 1530 1529)
4(1225 1242 1531 1514)
4(1241 1530 1531 1242)
4(1513 1514 1531 1530)
4(1226 1243 1532 1515)
4(1242 1531 1532 1243)
4(1514 1515 1532 1531)
4(1227 1244 1533 1516)
4(1243 1532 1533 1244)
4(1515 1516 1533 1532)
4(1228 1245 1534 1517)
4(1244 1533 1534 1245)
4(1516 1517 1534 1533)
4(1229 1246 1535 1518)
4(1245 1534 1535 1246)
4(1517 1518 1535 1534)
4(1230 1247 1536 1519)
4(1246 1535 1536 1247)
4(1518 1519 1536 1535)
4(1231 1248 1537 1520)
4(1247 1536 1537 1248)
4(1519 1520 1537 1536)
4(1232 1249 1538 1521)
4(1248 1537 1538 1249)
4(1520 1521 1538 1537)
4(1233 1250 1539 1522)
4(1249 1538 1539 1250)
4(1521 1522 1539 1538)
4(1234 1251 1540 1523)
4(1250 1539 1540 1251)
4(1522 1523 1540 1539)
4(1235 1252 1541 1524)
4(1251 1540 1541 1252)
4(1523 1524 1541 1540)
4(1236 1253 1542 1525)
4(1252 1541 1542 1253)
4(1524 1525 1542 1541)
4(1237 1254 1543 1526)
4(1253 1542 1543 1254)
4(1525 1526 1543 1542)
4(1254 1543 1544 1255)
4(1526 1527 1544 1543)
4(1240 1257 1546 1529)
4(1256 1545 1546 1257)
4(1528 1529 1546 1545)
4(1241 1258 1547 1530)
4(1257 1546 1547 1258)
4(1529 1530 1547 1546)
4(1242 1259 1548 1531)
4(1258 1547 1548 1259)
4(1530 1531 1548 1547)
4(1243 1260 1549 1532)
4(1259 1548 1549 1260)
4(1531 1532 1549 1548)
4(1244 1261 1550 1533)
4(1260 1549 1550 1261)
4(1532 1533 1550 1549)
4(1245 1262 1551 1534)
4(1261 1550 1551 1262)
4(1533 1534 1551 1550)
4(1246 1263 1552 1535)
4(1262 1551 1552 1263)
4(1534 1535 1552 1551)
4(1247 1264 1553 1536)
4(1263 1552 1553 1264)
4(1535 1536 1553 1552)
4(1248 1265 1554 1537)
4(1264 1553 1554 1265)
4(1536 1537 1554 1553)
4(1249 1266 1555 1538)
4(1265 1554 1555 1266)
4(1537 1538 1555 1554)
4(1250 1267 1556 1539)
4(1266 1555 1556 1267)
4(1538 1539 1556 1555)
4(1251 1268 1557 1540)
4(1267 1556 1557 1268)
4(1539 1540 1557 1556)
4(1252 1269 1558 1541)
4(1268 1557 1558 1269)
4(1540 1541 1558 1557)
4(1253 1270 1559 1542)
4(1269 1558 1559 1270)
4(1541 1542 1559 1558)
4(1254 1271 1560 1543)
4(1270 1559 1560 1271)
4(1542 1543 1560 1559)
4(1271 1560 1561 1272)
4(1543 1544 1561 1560)
4(1257 1274 1563 1546)
4(1273 1562 1563 1274)
4(1545 1546 1563 1562)
4(1258 1275 1564 1547)
4(1274 1563 1564 1275)
4(1546 1547 1564 1563)
4(1259 1276 1565 1548)
4(1275 1564 1565 1276)
4(1547 1548 1565 1564)
4(1260 1277 1566 1549)
4(1276 1565 1566 1277)
4(1548 1549 1566 1565)
4(1261 1278 1567 1550)
4(1277 1566 1567 1278)
4(1549 1550 1567 1566)
4(1262 1279 1568 1551)
4(1278 1567 1568 1279)
4(1550 1551 1568 1567)
4(1263 1280 1569 1552)
4(1279 1568 1569 1280)
4(1551 1552 1569 1568)
4(1264 1281 1570 1553)
4(1280 1569 1570 1281)
4(1552 1553 1570 1569)
4(1265 1282 1571 1554)
4(1281 1570 1571 1282)
4(1553 1554 1571 1570)
4(1266 1283 1572 1555)
4(1282 1571 1572 1283)
4(1554 1555 1572 1571)
4(1267 1284 1573 1556)
4(1283 1572 1573 1284)
4(1555 1556 1573 1572)
4(1268 1285 1574 1557)
4(1284 1573 1574 1285)
4(1556 1557 1574 1573)
4(1269 1286 1575 1558)
4(1285 1574 1575 1286)
4(1557 1558 1575 1574)
4(1270 1287 1576 1559)
4(1286 1575 1576 1287)
4(1558 1559 1576 1575)
4(1271 1288 1577 1560)
4(1287 1576 1577 1288)
4(1559 1560 1577 1576)
4(1288 1577 1578 1289)
4(1560 1561 1578 1577)
4(1274 1291 1580 1563)
4(1290 1579 1580 1291)
4(1562 1563 1580 1579)
4(1275 1292 1581 1564)
4(1291 1580 1581 1292)
4(1563 1564 1581 1580)
4(1276 1293 1582 1565)
4(1292 1581 1582 1293)
4(1564 1565 1582 1581)
4(1277 1294 1583 1566)
4(1293 1582 1583 1294)
4(1565 1566 1583 1582)
4(1278 1295 1584 1567)
4(1294 1583 1584 1295)
4(1566 1567 1584 1583)
4(1279 1296 1585 1568)
4(1295 1584 1585 1296)
4(1567 1568 1585 1584)
4(1280 1297 1586 1569)
4(1296 1585 1586 1297)
4(1568 1569 1586 1585)
4(1281 1298 1587 1570)
4(1297 1586 1587 1298)
4(1569 1570 1587 1586)
4(1282 1299 1588 1571)
4(1298 1587 1588 1299)
4(1570 1571 1588 1587)
4(1283 1300 1589 1572)
4(1299 1588 1589 1300)
4(1571 1572 1589 1588)
4(1284 1301 1590 1573)
4(1300 1589 1590 1301)
4(1572 1573 1590 1589)
4(1285 1302 1591 1574)
4(1301 1590 1591 1302)
4(1573 1574 1591 1590)
4(1286 1303 1592 1575)
4(1302 1591 1592 1303)
4(1574 1575 1592 1591)
4(1287 1304 1593 1576)
4(1303 1592 1593 1304)
4(1575 1576 1593 1592)
4(1288 1305 1594 1577)
4(1304 1593 1594 1305)
4(1576 1577 1594 1593)
4(1305 1594 1595 1306)
4(1577 1578 1595 1594)
4(1291 1308 1597 1580)
4(1307 1596 1597 1308)
4(1579 1580 1597 1596)
4(1292 1309 1598 1581)
4(1308 1597 1598 1309)
4(1580 1581 1598 1597)
4(1293 1310 1599 1582)
4(1309 1598 1599 1310)
4(1581 1582 1599 1598)
4(1294 1311 1600 1583)
4(1310 1599 1600 1311)
4(1582 1583 1600 1599)
4(1295 1312 1601 1584)
4(1311 1600 1601 1312)
4(1583 1584 1601 1600)
4(1296 1313 1602 1585)
4(1312 1601 1602 1313)
4(1584 1585 1602 1601)
4(1297 1314 1603 1586)
4(1313 1602 1603 1314)
4(1585 1586 1603 1602)
4(1298 1315 1604 1587)
4(1314 1603 1604 1315)
4(1586 1587 1604 1603)
4(1299 1316 1605 1588)
4(1315 1604 1605 1316)
4(1587 1588 1605 1604)
4(1300 1317 1606 1589)
4(1316 1605 1606 1317)
4(1588 1589 1606 1605)
4(1301 1318 1607 1590)
4(1317 1606 1607 1318)
4(1589 1590 1607 1606)
4(1302 1319 1608 1591)
4(1318 1607 1608 1319)
4(1590 1591 1608 1607)
4(1303 1320 1609 1592)
4(1319 1608 1609 1320)
4(1591 1592 1609 1608)
4(1304 1321 1610 1593)
4(1320 1609 1610 1321)
4(1592 1593 1610 1609)
4(1305 1322 1611 1594)
4(1321 1610 1611 1322)
4(1593 1594 1611 1610)
4(1322 1611 1612 1323)
4(1594 1595 1612 1611)
4(1308 1325 1614 1597)
4(1324 1613 1614 1325)
4(1596 1597 1614 1613)
4(1309 1326 1615 1598)
4(1325 1614 1615 1326)
4(1597 1598 1615 1614)
4(1310 1327 1616 1599)
4(1326 1615 1616 1327)
4(1598 1599 1616 1615)
4(1311 1328 1617 1600)
4(1327 1616 1617 1328)
4(1599 1600 1617 1616)
4(1312 1329 1618 1601)
4(1328 1617 1618 1329)
4(1600 1601 1618 1617)
4(1313 1330 1619 1602)
4(1329 1618 1619 1330)
4(1601 1602 1619 1618)
4(1314 1331 1620 1603)
4(1330 1619 1620 1331)
4(1602 1603 1620 1619)
4(1315 1332 1621 1604)
4(1331 1620 1621 1332)
4(1603 1604 1621 1620)
4(1316 1333 1622 1605)
4(1332 1621 1622 1333)
4(1604 1605 1622 1621)
4(1317 1334 1623 1606)
4(1333 1622 1623 1334)
4(1605 1606 1623 1622)
4(1318 1335 1624 1607)
4(1334 1623 1624 1335)
4(1606 1607 1624 1623)
4(1319 1336 1625 1608)
4(1335 1624 1625 1336)
4(1607 1608 1625 1624)
4(1320 1337 1626 1609)
4(1336 1625 1626 1337)
4(1608 1609 1626 1625)
4(1321 1338 1627 1610)
4(1337 1626 1627 1338)
4(1609 1610 1627 1626)
4(1322 1339 1628 1611)
4(1338 1627 1628 1339)
4(1610 1611 1628 1627)
4(1339 1628 1629 1340)
4(1611 1612 1629 1628)
4(1325 1342 1631 1614)
4(1341 1630 1631 1342)
4(1613 1614 1631 1630)
4(1326 1343 1632 1615)
4(1342 1631 1632 1343)
4(1614 1615 1632 1631)
4(1327 1344 1633 1616)
4(1343 1632 1633 1344)
4(1615 1616 1633 1632)
4(1328 1345 1634 1617)
4(1344 1633 1634 1345)
4(1616 1617 1634 1633)
4(1329 1346 1635 1618)
4(1345 1634 1635 1346)
4(1617 1618 1635 1634)
4(1330 1347 1636 1619)
4(1346 1635 1636 1347)
4(1618 1619 1636 1635)
4(1331 1348 1637 1620)
4(1347 1636 1637 1348)
4(1619 1620 1637 1636)
4(1332 1349 1638 1621)
4(1348 1637 1638 1349)
4(1620 1621 1638 1637)
4(1333 1350 1639 1622)
4(1349 1638 1639 1350)
4(1621 1622 1639 1638)
4(1334 1351 1640 1623)
4(1350 1639 1640 1351)
4(1622 1623 1640 1639)
4(1335 1352 1641 1624)
4(1351 1640 1641 1352)
4(1623 1624 1641 1640)
4(1336 1353 1642 1625)
4(1352 1641 1642 1353)
4(1624 1625 1642 1641)
4(1337 1354 1643 1626)
4(1353 1642 1643 1354)
4(1625 1626 1643 1642)
4(1338 1355 1644 1627)
4(1354 1643 1644 1355)
4(1626 1627 1644 1643)
4(1339 1356 1645 1628)
4(1355 1644 1645 1356)
4(1627 1628 1645 1644)
4(1356 1645 1646 1357)
4(1628 1629 1646 1645)
4(1342 1359 1648 1631)
4(1358 1647 1648 1359)
4(1630 1631 1648 1647)
4(1343 1360 1649 1632)
4(1359 1648 1649 1360)
4(1631 1632 1649 1648)
4(1344 1361 1650 1633)
4(1360 1649 1650 1361)
4(1632 1633 1650 1649)
4(1345 1362 1651 1634)
4(1361 1650 1651 1362)
4(1633 1634 1651 1650)
4(1346 1363 1652 1635)
4(1362 1651 1652 1363)
4(1634 1635 1652 1651)
4(1347 1364 1653 1636)
4(1363 1652 1653 1364)
4(1635 1636 1653 1652)
4(1348 1365 1654 1637)
4(1364 1653 1654 1365)
4(1636 1637 1654 1653)
4(1349 1366 1655 1638)
4(1365 1654 1655 1366)
4(1637 1638 1655 1654)
4(1350 1367 1656 1639)
4(1366 1655 1656 1367)
4(1638 1639 1656 1655)
4(1351 1368 1657 1640)
4(1367 1656 1657 1368)
4(1639 1640 1657 1656)
4(1352 1369 1658 1641)
4(1368 1657 1658 1369)
4(1640 1641 1658 1657)
4(1353 1370 1659 1642)
4(1369 1658 1659 1370)
4(1641 1642 1659 1658)
4(1354 1371 1660 1643)
4(1370 1659 1660 1371)
4(1642 1643 1660 1659)
4(1355 1372 1661 1644)
4(1371 1660 1661 1372)
4(1643 1644 1661 1660)
4(1356 1373 1662 1645)
4(1372 1661 1662 1373)
4(1644 1645 1662 1661)
4(1373 1662 1663 1374)
4(1645 1646 1663 1662)
4(1359 1376 1665 1648)
4(1375 1664 1665 1376)
4(1647 1648 1665 1664)
4(1360 1377 1666 1649)
4(1376 1665 1666 1377)
4(1648 1649 1666 1665)
4(1361 1378 1667 1650)
4(1377 1666 1667 1378)
4(1649 1650 1667 1666)
4(1362 1379 1668 1651)
4(1378 1667 1668 1379)
4(1650 1651 1668 1667)
4(1363 1380 1669 1652)
4(1379 1668 1669 1380)
4(1651 1652 1669 1668)
4(1364 1381 1670 1653)
4(1380 1669 1670 1381)
4(1652 1653 1670 1669)
4(1365 1382 1671 1654)
4(1381 1670 1671 1382)
4(1653 1654 1671 1670)
4(1366 1383 1672 1655)
4(1382 1671 1672 1383)
4(1654 1655 1672 1671)
4(1367 1384 1673 1656)
4(1383 1672 1673 1384)
4(1655 1656 1673 1672)
4(1368 1385 1674 1657)
4(1384 1673 1674 1385)
4(1656 1657 1674 1673)
4(1369 1386 1675 1658)
4(1385 1674 1675 1386)
4(1657 1658 1675 1674)
4(1370 1387 1676 1659)
4(1386 1675 1676 1387)
4(1658 1659 1676 1675)
4(1371 1388 1677 1660)
4(1387 1676 1677 1388)
4(1659 1660 1677 1676)
4(1372 1389 1678 1661)
4(1388 1677 1678 1389)
4(1660 1661 1678 1677)
4(1373 1390 1679 1662)
4(1389 1678 1679 1390)
4(1661 1662 1679 1678)
4(1390 1679 1680 1391)
4(1662 1663 1680 1679)
4(1376 1393 1682 1665)
4(1664 1665 1682 1681)
4(1377 1394 1683 1666)
4(1665 1666 1683 1682)
4(1378 1395 1684 1667)
4(1666 1667 1684 1683)
4(1379 1396 1685 1668)
4(1667 1668 1685 1684)
4(1380 1397 1686 1669)
4(1668 1669 1686 1685)
4(1381 1398 1687 1670)
4(1669 1670 1687 1686)
4(1382 1399 1688 1671)
4(1670 1671 1688 1687)
4(1383 1400 1689 1672)
4(1671 1672 1689 1688)
4(1384 1401 1690 1673)
4(1672 1673 1690 1689)
4(1385 1402 1691 1674)
4(1673 1674 1691 1690)
4(1386 1403 1692 1675)
4(1674 1675 1692 1691)
4(1387 1404 1693 1676)
4(1675 1676 1693 1692)
4(1388 1405 1694 1677)
4(1676 1677 1694 1693)
4(1389 1406 1695 1678)
4(1677 1678 1695 1694)
4(1390 1407 1696 1679)
4(1678 1679 1696 1695)
4(1679 1680 1697 1696)
4(1410 1427 1716 1699)
4(1426 1715 1716 1427)
4(1698 1699 1716 1715)
4(1411 1428 1717 1700)
4(1427 1716 1717 1428)
4(1699 1700 1717 1716)
4(1412 1429 1718 1701)
4(1428 1717 1718 1429)
4(1700 1701 1718 1717)
4(1413 1430 1719 1702)
4(1429 1718 1719 1430)
4(1701 1702 1719 1718)
4(1414 1431 1720 1703)
4(1430 1719 1720 1431)
4(1702 1703 1720 1719)
4(1415 1432 1721 1704)
4(1431 1720 1721 1432)
4(1703 1704 1721 1720)
4(1416 1433 1722 1705)
4(1432 1721 1722 1433)
4(1704 1705 1722 1721)
4(1417 1434 1723 1706)
4(1433 1722 1723 1434)
4(1705 1706 1723 1722)
4(1418 1435 1724 1707)
4(1434 1723 1724 1435)
4(1706 1707 1724 1723)
4(1419 1436 1725 1708)
4(1435 1724 1725 1436)
4(1707 1708 1725 1724)
4(1420 1437 1726 1709)
4(1436 1725 1726 1437)
4(1708 1709 1726 1725)
4(1421 1438 1727 1710)
4(1437 1726 1727 1438)
4(1709 1710 1727 1726)
4(1422 1439 1728 1711)
4(1438 1727 1728 1439)
4(1710 1711 1728 1727)
4(1423 1440 1729 1712)
4(1439 1728 1729 1440)
4(1711 1712 1729 1728)
4(1424 1441 1730 1713)
4(1440 1729 1730 1441)
4(1712 1713 1730 1729)
4(1441 1730 1731 1442)
4(1713 1714 1731 1730)
4(1427 1444 1733 1716)
4(1443 1732 1733 1444)
4(1715 1716 1733 1732)
4(1428 1445 1734 1717)
4(1444 1733 1734 1445)
4(1716 1717 1734 1733)
4(1429 1446 1735 1718)
4(1445 1734 1735 1446)
4(1717 1718 1735 1734)
4(1430 1447 1736 1719)
4(1446 1735 1736 1447)
4(1718 1719 1736 1735)
4(1431 1448 1737 1720)
4(1447 1736 1737 1448)
4(1719 1720 1737 1736)
4(1432 1449 1738 1721)
4(1448 1737 1738 1449)
4(1720 1721 1738 1737)
4(1433 1450 1739 1722)
4(1449 1738 1739 1450)
4(1721 1722 1739 1738)
4(1434 1451 1740 1723)
4(1450 1739 1740 1451)
4(1722 1723 1740 1739)
4(1435 1452 1741 1724)
4(1451 1740 1741 1452)
4(1723 1724 1741 1740)
4(1436 1453 1742 1725)
4(1452 1741 1742 1453)
4(1724 1725 1742 1741)
4(1437 1454 1743 1726)
4(1453 1742 1743 1454)
4(1725 1726 1743 1742)
4(1438 1455 1744 1727)
4(1454 1743 1744 1455)
4(1726 1727 1744 1743)
4(1439 1456 1745 1728)
4(1455 1744 1745 1456)
4(1727 1728 1745 1744)
4(1440 1457 1746 1729)
4(1456 1745 1746 1457)
4(1728 1729 1746 1745)
4(1441 1458 1747 1730)
4(1457 1746 1747 1458)
4(1729 1730 1747 1746)
4(1458 1747 1748 1459)
4(1730 1731 1748 1747)
4(1444 1461 1750 1733)
4(1460 1749 1750 1461)
4(1732 1733 1750 1749)
4(1445 1462 1751 1734)
4(1461 1750 1751 1462)
4(1733 1734 1751 1750)
4(1446 1463 1752 1735)
4(1462 1751 1752 1463)
4(1734 1735 1752 1751)
4(1447 1464 1753 1736)
4(1463 1752 1753 1464)
4(1735 1736 1753 1752)
4(1448 1465 1754 1737)
4(1464 1753 1754 1465)
4(1736 1737 1754 1753)
4(1449 1466 1755 1738)
4(1465 1754 1755 1466)
4(1737 1738 1755 1754)
4(1450 1467 1756 1739)
4(1466 1755 1756 1467)
4(1738 1739 1756 1755)
4(1451 1468 1757 1740)
4(1467 1756 1757 1468)
4(1739 1740 1757 1756)
4(1452 1469 1758 1741)
4(1468 1757 1758 1469)
4(1740 1741 1758 1757)
4(1453 1470 1759 1742)
4(1469 1758 1759 1470)
4(1741 1742 1759 1758)
4(1454 1471 1760 1743)
4(1470 1759 1760 1471)
4(1742 1743 1760 1759)
4(1455 1472 1761 1744)
4(1471 1760 1761 1472)
4(1743 1744 1761 1760)
4(1456 1473 1762 1745)
4(1472 1761 1762 1473)
4(1744 1745 1762 1761)
4(1457 1474 1763 1746)
4(1473 1762 1763 1474)
4(1745 1746 1763 1762)
4(1458 1475 1764 1747)
4(1474 1763 1764 1475)
4(1746 1747 1764 1763)
4(1475 1764 1765 1476)
4(1747 1748 1765 1764)
4(1461 1478 1767 1750)
4(1477 1766 1767 1478)
4(1749 1750 1767 1766)
4(1462 1479 1768 1751)
4(1478 1767 1768 1479)
4(1750 1751 1768 1767)
4(1463 1480 1769 1752)
4(1479 1768 1769 1480)
4(1751 1752 1769 1768)
4(1464 1481 1770 1753)
4(1480 1769 1770 1481)
4(1752 1753 1770 1769)
4(1465 1482 1771 1754)
4(1481 1770 1771 1482)
4(1753 1754 1771 1770)
4(1466 1483 1772 1755)
4(1482 1771 1772 1483)
4(1754 1755 1772 1771)
4(1467 1484 1773 1756)
4(1483 1772 1773 1484)
4(1755 1756 1773 1772)
4(1468 1485 1774 1757)
4(1484 1773 1774 1485)
4(1756 1757 1774 1773)
4(1469 1486 1775 1758)
4(1485 1774 1775 1486)
4(1757 1758 1775 1774)
4(1470 1487 1776 1759)
4(1486 1775 1776 1487)
4(1758 1759 1776 1775)
4(1471 1488 1777 1760)
4(1487 1776 1777 1488)
4(1759 1760 1777 1776)
4(1472 1489 1778 1761)
4(1488 1777 1778 1489)
4(1760 1761 1778 1777)
4(1473 1490 1779 1762)
4(1489 1778 1779 1490)
4(1761 1762 1779 1778)
4(1474 1491 1780 1763)
4(1490 1779 1780 1491)
4(1762 1763 1780 1779)
4(1475 1492 1781 1764)
4(1491 1780 1781 1492)
4(1763 1764 1781 1780)
4(1492 1781 1782 1493)
4(1764 1765 1782 1781)
4(1478 1495 1784 1767)
4(1494 1783 1784 1495)
4(1766 1767 1784 1783)
4(1479 1496 1785 1768)
4(1495 1784 1785 1496)
4(1767 1768 1785 1784)
4(1480 1497 1786 1769)
4(1496 1785 1786 1497)
4(1768 1769 1786 1785)
4(1481 1498 1787 1770)
4(1497 1786 1787 1498)
4(1769 1770 1787 1786)
4(1482 1499 1788 1771)
4(1498 1787 1788 1499)
4(1770 1771 1788 1787)
4(1483 1500 1789 1772)
4(1499 1788 1789 1500)
4(1771 1772 1789 1788)
4(1484 1501 1790 1773)
4(1500 1789 1790 1501)
4(1772 1773 1790 1789)
4(1485 1502 1791 1774)
4(1501 1790 1791 1502)
4(1773 1774 1791 1790)
4(1486 1503 1792 1775)
4(1502 1791 1792 1503)
4(1774 1775 1792 1791)
4(1487 1504 1793 1776)
4(1503 1792 1793 1504)
4(1775 1776 1793 1792)
4(1488 1505 1794 1777)
4(1504 1793 1794 1505)
4(1776 1777 1794 1793)
4(1489 1506 1795 1778)
4(1505 1794 1795 1506)
4(1777 1778 1795 1794)
4(1490 1507 1796 1779)
4(1506 1795 1796 1507)
4(1778 1779 1796 1795)
4(1491 1508 1797 1780)
4(1507 1796 1797 1508)
4(1779 1780 1797 1796)
4(1492 1509 1798 1781)
4(1508 1797 1798 1509)
4(1780 1781 1798 1797)
4(1509 1798 1799 1510)
4(1781 1782 1799 1798)
4(1495 1512 1801 1784)
4(1511 1800 1801 1512)
4(1783 1784 1801 1800)
4(1496 1513 1802 1785)
4(1512 1801 1802 1513)
4(1784 1785 1802 1801)
4(1497 1514 1803 1786)
4(1513 1802 1803 1514)
4(1785 1786 1803 1802)
4(1498 1515 1804 1787)
4(1514 1803 1804 1515)
4(1786 1787 1804 1803)
4(1499 1516 1805 1788)
4(1515 1804 1805 1516)
4(1787 1788 1805 1804)
4(1500 1517 1806 1789)
4(1516 1805 1806 1517)
4(1788 1789 1806 1805)
4(1501 1518 1807 1790)
4(1517 1806 1807 1518)
4(1789 1790 1807 1806)
4(1502 1519 1808 1791)
4(1518 1807 1808 1519)
4(1790 1791 1808 1807)
4(1503 1520 1809 1792)
4(1519 1808 1809 1520)
4(1791 1792 1809 1808)
4(1504 1521 1810 1793)
4(1520 1809 1810 1521)
4(1792 1793 1810 1809)
4(1505 1522 1811 1794)
4(1521 1810 1811 1522)
4(1793 1794 1811 1810)
4(1506 1523 1812 1795)
4(1522 1811 1812 1523)
4(1794 1795 1812 1811)
4(1507 1524 1813 1796)
4(1523 1812 1813 1524)
4(1795 1796 1813 1812)
4(1508 1525 1814 1797)
4(1524 1813 1814 1525)
4(1796 1797 1814 1813)
4(1509 1526 1815 1798)
4(1525 1814 1815 1526)
4(1797 1798 1815 1814)
4(1526 1815 1816 1527)
4(1798 1799 1816 1815)
4(1512 1529 1818 1801)
4(1528 1817 1818 1529)
4(1800 1801 1818 1817)
4(1513 1530 1819 1802)
4(1529 1818 1819 1530)
4(1801 1802 1819 1818)
4(1514 1531 1820 1803)
4(1530 1819 1820 1531)
4(1802 1803 1820 1819)
4(1515 1532 1821 1804)
4(1531 1820 1821 1532)
4(1803 1804 1821 1820)
4(1516 1533 1822 1805)
4(1532 1821 1822 1533)
4(1804 1805 1822 1821)
4(1517 1534 1823 1806)
4(1533 1822 1823 1534)
4(1805 1806 1823 1822)
4(1518 1535 1824 1807)
4(1534 1823 1824 1535)
4(1806 1807 1824 1823)
4(1519 1536 1825 1808)
4(1535 1824 1825 1536)
4(1807 1808 1825 1824)
4(1520 1537 1826 1809)
4(1536 1825 1826 1537)
4(1808 1809 1826 1825)
4(1521 1538 1827 1810)
4(1537 1826 1827 1538)
4(1809 1810 1827 1826)
4(1522 1539 1828 1811)
4(1538 1827 1828 1539)
4(1810 1811 1828 1827)
4(1523 1540 1829 1812)
4(1539 1828 1829 1540)
4(1811 1812 1829 1828)
4(1524 1541 1830 1813)
4(1540 1829 1830 1541)
4(1812 1813 1830 1829)
4(1525 1542 1831 1814)
4(1541 1830 1831 1542)
4(1813 1814 1831 1830)
4(1526 1543 1832 1815)
4(1542 1831 1832 1543)
4(1814 1815 1832 1831)
4(1543 1832 1833 1544)
4(1815 1816 1833 1832)
4(1529 1546 1835 1818)
4(1545 1834 1835 1546)
4(1817 1818 1835 1834)
4(1530 1547 1836 1819)
4(1546 1835 1836 1547)
4(1818 1819 1836 1835)
4(1531 1548 1837 1820)
4(1547 1836 1837 1548)
4(1819 1820 1837 1836)
4(1532 1549 1838 1821)
4(1548 1837 1838 1549)
4(1820 1821 1838 1837)
4(1533 1550 1839 1822)
4(1549 1838 1839 1550)
4(1821 1822 1839 1838)
4(1534 1551 1840 1823)
4(1550 1839 1840 1551)
4(1822 1823 1840 1839)
4(1535 1552 1841 1824)
4(1551 1840 1841 1552)
4(1823 1824 1841 1840)
4(1536 1553 1842 1825)
4(1552 1841 1842 1553)
4(1824 1825 1842 1841)
4(1537 1554 1843 1826)
4(1553 1842 1843 1554)
4(1825 1826 1843 1842)
4(1538 1555 1844 1827)
4(1554 1843 1844 1555)
4(1826 1827 1844 1843)
4(1539 1556 1845 1828)
4(1555 1844 1845 1556)
4(1827 1828 1845 1844)
4(1540 1557 1846 1829)
4(1556 1845 1846 1557)
4(1828 1829 1846 1845)
4(1541 1558 1847 1830)
4(1557 1846 1847 1558)
4(1829 1830 1847 1846)
4(1542 1559 1848 1831)
4(1558 1847 1848 1559)
4(1830 1831 1848 1847)
4(1543 1560 1849 1832)
4(1559 1848 1849 1560)
4(1831 1832 1849 1848)
4(1560 1849 1850 1561)
4(1832 1833 1850 1849)
4(1546 1563 1852 1835)
4(1562 1851 1852 1563)
4(1834 1835 1852 1851)
4(1547 1564 1853 1836)
4(1563 1852 1853 1564)
4(1835 1836 1853 1852)
4(1548 1565 1854 1837)
4(1564 1853 1854 1565)
4(1836 1837 1854 1853)
4(1549 1566 1855 1838)
4(1565 1854 1855 1566)
4(1837 1838 1855 1854)
4(1550 1567 1856 1839)
4(1566 1855 1856 1567)
4(1838 1839 1856 1855)
4(1551 1568 1857 1840)
4(1567 1856 1857 1568)
4(1839 1840 1857 1856)
4(1552 1569 1858 1841)
4(1568 1857 1858 1569)
4(1840 1841 1858 1857)
4(1553 1570 1859 1842)
4(1569 1858 1859 1570)
4(1841 1842 1859 1858)
4(1554 1571 1860 1843)
4(1570 1859 1860 1571)
4(1842 1843 1860 1859)
4(1555 1572 1861 1844)
4(1571 1860 1861 1572)
4(1843 1844 1861 1860)
4(1556 1573 1862 1845)
4(1572 1861 1862 1573)
4(1844 1845 1862 1861)
4(1557 1574 1863 1846)
4(1573 1862 1863 1574)
4(1845 1846 1863 1862)
4(1558 1575 1864 1847)
4(1574 1863 1864 1575)
4(1846 1847 1864 1863)
4(1559 1576 1865 1848)
4(1575 1864 1865 1576)
4(1847 1848 1865 1864)
4(1560 1577 1866 1849)
4(1576 1865 1866 1577)
4(1848 1849 1866 1865)
4(1577 1866 1867 1578)
4(1849 1850 1867 1866)
4(1563 1580 1869 1852)
4(1579 1868 1869 1580)
4(1851 1852 1869 1868)
4(1564 1581 1870 1853)
4(1580 1869 1870 1581)
4(1852 1853 1870 1869)
4(1565 1582 1871 1854)
4(1581 1870 1871 1582)
4(1853 1854 1871 1870)
4(1566 1583 1872 1855)
4(1582 1871 1872 1583)
4(1854 1855 1872 1871)
4(1567 1584 1873 1856)
4(1583 1872 1873 1584)
4(1855 1856 1873 1872)
4(1568 1585 1874 1857)
4(1584 1873 1874 1585)
4(1856 1857 1874 1873)
4(1569 1586 1875 1858)
4(1585 1874 1875 1586)
4(1857 1858 1875 1874)
4(1570 1587 1876 1859)
4(1586 1875 1876 1587)
4(1858 1859 1876 1875)
4(1571 1588 1877 1860)
4(1587 1876 1877 1588)
4(1859 1860 1877 1876)
4(1572 1589 1878 1861)
4(1588 1877 1878 1589)
4(1860 1861 1878 1877)
4(1573 1590 1879 1862)
4(1589 1878 1879 1590)
4(1861 1862 1879 1878)
4(1574 1591 1880 1863)
4(1590 1879 1880 1591)
4(1862 1863 1880 1879)
4(1575 1592 1881 1864)
4(1591 1880 1881 1592)
4(1863 1864 1881 1880)
4(1576 1593 1882 1865)
4(1592 1881 1882 1593)
4(1864 1865 1882 1881)
4(1577 1594 1883 1866)
4(1593 1882 1883 1594)
4(1865 1866 1883 1882)
4(1594 1883 1884 1595)
4(1866 1867 1884 1883)
4(1580 1597 1886 1869)
4(1596 1885 1886 1597)
4(1868 1869 1886 1885)
4(1581 1598 1887 1870)
4(1597 1886 1887 1598)
4(1869 1870 1887 1886)
4(1582 1599 1888 1871)
4(1598 1887 1888 1599)
4(1870 1871 1888 1887)
4(1583 1600 1889 1872)
4(1599 1888 1889 1600)
4(1871 1872 1889 1888)
4(1584 1601 1890 1873)
4(1600 1889 1890 1601)
4(1872 1873 1890 1889)
4(1585 1602 1891 1874)
4(1601 1890 1891 1602)
4(1873 1874 1891 1890)
4(1586 1603 1892 1875)
4(1602 1891 1892 1603)
4(1874 1875 1892 1891)
4(1587 1604 1893 1876)
4(1603 1892 1893 1604)
4(1875 1876 1893 1892)
4(1588 1605 1894 1877)
4(1604 1893 1894 1605)
4(1876 1877 1894 1893)
4(1589 1606 1895 1878)
4(1605 1894 1895 1606)
4(1877 1878 1895 1894)
4(1590 1607 1896 1879)
4(1606 1895 1896 1607)
4(1878 1879 1896 1895)
4(1591 1608 1897 1880)
4(1607 1896 1897 1608)
4(1879 1880 1897 1896)
4(1592 1609 1898 1881)
4(1608 1897 1898 1609)
4(1880 1881 1898 1897)
4(1593 1610 1899 1882)
4(1609 1898 1899 1610)
4(1881 1882 1899 1898)
4(1594 1611 1900 1883)
4(1610 1899 1900 1611)
4(1882 1883 1900 1899)
4(1611 1900 1901 1612)
4(1883 1884 1901 1900)
4(1597 1614 1903 1886)
4(1613 1902 1903 1614)
4(1885 1886 1903 1902)
4(1598 1615 1904 1887)
4(1614 1903 1904 1615)
4(1886 1887 1904 1903)
4(1599 1616 1905 1888)
4(1615 1904 1905 1616)
4(1887 1888 1905 1904)
4(1600 1617 1906 1889)
4(1616 1905 1906 1617)
4(1888 1889 1906 1905)
4(1601 1618 1907 1890)
4(1617 1906 1907 1618)
4(1889 1890 1907 1906)
4(1602 1619 1908 1891)
4(1618 1907 1908 1619)
4(1890 1891 1908 1907)
4(1603 1620 1909 1892)
4(1619 1908 1909 1620)
4(1891 1892 1909 1908)
4(1604 1621 1910 1893)
4(1620 1909 1910 1621)
4(1892 1893 1910 1909)
4(1605 1622 1911 1894)
4(1621 1910 1911 1622)
4(1893 1894 1911 1910)
4(1606 1623 1912 1895)
4(1622 1911 1912 1623)
4(1894 1895 1912 1911)
4(1607 1624 1913 1896)
4(1623 1912 1913 1624)
4(1895 1896 1913 1912)
4(1608 1625 1914 1897)
4(1624 1913 1914 1625)
4(1896 1897 1914 1913)
4(1609 1626 1915 1898)
4(1625 1914 1915 1626)
4(1897 1898 1915 1914)
4(1610 1627 1916 1899)
4(1626 1915 1916 1627)
4(1898 1899 1916 1915)
4(1611 1628 1917 1900)
4(1627 1916 1917 1628)
4(1899 1900 1917 1916)
4(1628 1917 1918 1629)
4(1900 1901 1918 1917)
4(1614 1631 1920 1903)
4(1630 1919 1920 1631)
4(1902 1903 1920 1919)
4(1615 1632 1921 1904)
4(1631 1920 1921 1632)
4(1903 1904 1921 1920)
4(1616 1633 1922 1905)
4(1632 1921 1922 1633)
4(1904 1905 1922 1921)
4(1617 1634 1923 1906)
4(1633 1922 1923 1634)
4(1905 1906 1923 1922)
4(1618 1635 1924 1907)
4(1634 1923 1924 1635)
4(1906 1907 1924 1923)
4(1619 1636 1925 1908)
4(1635 1924 1925 1636)
4(1907 1908 1925 1924)
4(1620 1637 1926 1909)
4(1636 1925 1926 1637)
4(1908 1909 1926 1925)
4(1621 1638 1927 1910)
4(1637 1926 1927 1638)
4(1909 1910 1927 1926)
4(1622 1639 1928 1911)
4(1638 1927 1928 1639)
4(1910 1911 1928 1927)
4(1623 1640 1929 1912)
4(1639 1928 1929 1640)
4(1911 1912 1929 1928)
4(1624 1641 1930 1913)
4(1640 1929 1930 1641)
4(1912 1913 1930 1929)
4(1625 1642 1931 1914)
4(1641 1930 1931 1642)
4(1913 1914 1931 1930)
4(1626 1643 1932 1915)
4(1642 1931 1932 1643)
4(1914 1915 1932 1931)
4(1627 1644 1933 1916)
4(1643 1932 1933 1644)
4(1915 1916 1933 1932)
4(1628 1645 1934 1917)
4(1644 1933 1934 1645)
4(1916 1917 1934 1933)
4(1645 1934 1935 1646)
4(1917 1918 1935 1934)
4(1631 1648 1937 1920)
4(1647 1936 1937 1648)
4(1919 1920 1937 1936)
4(1632 1649 1938 1921)
4(1648 1937 1938 1649)
4(1920 1921 1938 1937)
4(1633 1650 1939 1922)
4(1649 1938 1939 1650)
4(1921 1922 1939 1938)
4(1634 1651 1940 1923)
4(1650 1939 1940 1651)
4(1922 1923 1940 1939)
4(1635 1652 1941 1924)
4(1651 1940 1941 1652)
4(1923 1924 1941 1940)
4(1636 1653 1942 1925)
4(1652 1941 1942 1653)
4(1924 1925 1942 1941)
4(1637 1654 1943 1926)
4(1653 1942 1943 1654)
4(1925 1926 1943 1942)
4(1638 1655 1944 1927)
4(1654 1943 1944 1655)
4(1926 1927 1944 1943)
4(1639 1656 1945 1928)
4(1655 1944 1945 1656)
4(1927 1928 1945 1944)
4(1640 1657 1946 1929)
4(1656 1945 1946 1657)
4(1928 1929 1946 1945)
4(1641 1658 1947 1930)
4(1657 1946 1947 1658)
4(1929 1930 1947 1946)
4(1642 1659 1948 1931)
4(1658 1947 1948 1659)
4(1930 1931 1948 1947)
4(1643 1660 1949 1932)
4(1659 1948 1949 1660)
4(1931 1932 1949 1948)
4(1644 1661 1950 1933)
4(1660 1949 1950 1661)
4(1932 1933 1950 1949)
4(1645 1662 1951 1934)
4(1661 1950 1951 1662)
4(1933 1934 1951 1950)
4(1662 1951 1952 1663)
4(1934 1935 1952 1951)
4(1648 1665 1954 1937)
4(1664 1953 1954 1665)
4(1936 1937 1954 1953)
4(1649 1666 1955 1938)
4(1665 1954 1955 1666)
4(1937 1938 1955 1954)
4(1650 1667 1956 1939)
4(1666 1955 1956 1667)
4(1938 1939 1956 1955)
4(1651 1668 1957 1940)
4(1667 1956 1957 1668)
4(1939 1940 1957 1956)
4(1652 1669 1958 1941)
4(1668 1957 1958 1669)
4(1940 1941 1958 1957)
4(1653 1670 1959 1942)
4(1669 1958 1959 1670)
4(1941 1942 1959 1958)
4(1654 1671 1960 1943)
4(1670 1959 1960 1671)
4(1942 1943 1960 1959)
4(1655 1672 1961 1944)
4(1671 1960 1961 1672)
4(1943 1944 1961 1960)
4(1656 1673 1962 1945)
4(1672 1961 1962 1673)
4(1944 1945 1962 1961)
4(1657 1674 1963 1946)
4(1673 1962 1963 1674)
4(1945 1946 1963 1962)
4(1658 1675 1964 1947)
4(1674 1963 1964 1675)
4(1946 1947 1964 1963)
4(1659 1676 1965 1948)
4(1675 1964 1965 1676)
4(1947 1948 1965 1964)
4(1660 1677 1966 1949)
4(1676 1965 1966 1677)
4(1948 1949 1966 1965)
4(1661 1678 1967 1950)
4(1677 1966 1967 1678)
4(1949 1950 1967 1966)
4(1662 1679 1968 1951)
4(1678 1967 1968 1679)
4(1950 1951 1968 1967)
4(1679 1968 1969 1680)
4(1951 1952 1969 1968)
4(1665 1682 1971 1954)
4(1953 1954 1971 1970)
4(1666 1683 1972 1955)
4(1954 1955 1972 1971)
4(1667 1684 1973 1956)
4(1955 1956 1973 1972)
4(1668 1685 1974 1957)
4(1956 1957 1974 1973)
4(1669 1686 1975 1958)
4(1957 1958 1975 1974)
4(1670 1687 1976 1959)
4(1958 1959 1976 1975)
4(1671 1688 1977 1960)
4(1959 1960 1977 1976)
4(1672 1689 1978 1961)
4(1960 1961 1978 1977)
4(1673 1690 1979 1962)
4(1961 1962 1979 1978)
4(1674 1691 1980 1963)
4(1962 1963 1980 1979)
4(1675 1692 1981 1964)
4(1963 1964 1981 1980)
4(1676 1693 1982 1965)
4(1964 1965 1982 1981)
4(1677 1694 1983 1966)
4(1965 1966 1983 1982)
4(1678 1695 1984 1967)
4(1966 1967 1984 1983)
4(1679 1696 1985 1968)
4(1967 1968 1985 1984)
4(1968 1969 1986 1985)
4(1699 1716 2005 1988)
4(1715 2004 2005 1716)
4(1987 1988 2005 2004)
4(1700 1717 2006 1989)
4(1716 2005 2006 1717)
4(1988 1989 2006 2005)
4(1701 1718 2007 1990)
4(1717 2006 2007 1718)
4(1989 1990 2007 2006)
4(1702 1719 2008 1991)
4(1718 2007 2008 1719)
4(1990 1991 2008 2007)
4(1703 1720 2009 1992)
4(1719 2008 2009 1720)
4(1991 1992 2009 2008)
4(1704 1721 2010 1993)
4(1720 2009 2010 1721)
4(1992 1993 2010 2009)
4(1705 1722 2011 1994)
4(1721 2010 2011 1722)
4(1993 1994 2011 2010)
4(1706 1723 2012 1995)
4(1722 2011 2012 1723)
4(1994 1995 2012 2011)
4(1707 1724 2013 1996)
4(1723 2012 2013 1724)
4(1995 1996 2013 2012)
4(1708 1725 2014 1997)
4(1724 2013 2014 1725)
4(1996 1997 2014 2013)
4(1709 1726 2015 1998)
4(1725 2014 2015 1726)
4(1997 1998 2015 2014)
4(1710 1727 2016 1999)
4(1726 2015 2016 1727)
4(1998 1999 2016 2015)
4(1711 1728 2017 2000)
4(1727 2016 2017 1728)
4(1999 2000 2017 2016)
4(1712 1729 2018 2001)
4(1728 2017 2018 1729)
4(2000 2001 2018 2017)
4(1713 1730 2019 2002)
4(1729 2018 2019 1730)
4(2001 2002 2019 2018)
4(1730 2019 2020 1731)
4(2002 2003 2020 2019)
4(1716 1733 2022 2005)
4(1732 2021 2022 1733)
4(2004 2005 2022 2021)
4(1717 1734 2023 2006)
4(1733 2022 2023 1734)
4(2005 2006 2023 2022)
4(1718 1735 2024 2007)
4(1734 2023 2024 1735)
4(2006 2007 2024 2023)
4(1719 1736 2025 2008)
4(1735 2024 2025 1736)
4(2007 2008 2025 2024)
4(1720 1737 2026 2009)
4(1736 2025 2026 1737)
4(2008 2009 2026 2025)
4(1721 1738 2027 2010)
4(1737 2026 2027 1738)
4(2009 2010 2027 2026)
4(1722 1739 2028 2011)
4(1738 2027 2028 1739)
4(2010 2011 2028 2027)
4(1723 1740 2029 2012)
4(1739 2028 2029 1740)
4(2011 2012 2029 2028)
4(1724 1741 2030 2013)
4(1740 2029 2030 1741)
4(2012 2013 2030 2029)
4(1725 1742 2031 2014)
4(1741 2030 2031 1742)
4(2013 2014 2031 2030)
4(1726 1743 2032 2015)
4(1742 2031 2032 1743)
4(2014 2015 2032 2031)
4(1727 1744 2033 2016)
4(1743 2032 2033 1744)
4(2015 2016 2033 2032)
4(1728 1745 2034 2017)
4(1744 2033 2034 1745)
4(2016 2017 2034 2033)
4(1729 1746 2035 2018)
4(1745 2034 2035 1746)
4(2017 2018 2035 2034)
4(1730 1747 2036 2019)
4(1746 2035 2036 1747)
4(2018 2019 2036 2035)
4(1747 2036 2037 1748)
4(2019 2020 2037 2036)
4(1733 1750 2039 2022)
4(1749 2038 2039 1750)
4(2021 2022 2039 2038)
4(1734 1751 2040 2023)
4(1750 2039 2040 1751)
4(2022 2023 2040 2039)
4(1735 1752 2041 2024)
4(1751 2040 2041 1752)
4(2023 2024 2041 2040)
4(1736 1753 2042 2025)
4(1752 2041 2042 1753)
4(2024 2025 2042 2041)
4(1737 1754 2043 2026)
4(1753 2042 2043 1754)
4(2025 2026 2043 2042)
4(1738 1755 2044 2027)
4(1754 2043 2044 1755)
4(2026 2027 2044 2043)
4(1739 1756 2045 2028)
4(1755 2044 2045 1756)
4(2027 2028 2045 2044)
4(1740 1757 2046 2029)
4(1756 2045 2046 1757)
4(2028 2029 2046 2045)
4(1741 1758 2047 2030)
4(1757 2046 2047 1758)
4(2029 2030 2047 2046)
4(1742 1759 2048 2031)
4(1758 2047 2048 1759)
4(2030 2031 2048 2047)
4(1743 1760 2049 2032)
4(1759 2048 2049 1760)
4(2031 2032 2049 2048)
4(1744 1761 2050 2033)
4(1760 2049 2050 1761)
4(2032 2033 2050 2049)
4(1745 1762 2051 2034)
4(1761 2050 2051 1762)
4(2033 2034 2051 2050)
4(1746 1763 2052 2035)
4(1762 2051 2052 1763)
4(2034 2035 2052 2051)
4(1747 1764 2053 2036)
4(1763 2052 2053 1764)
4(2035 2036 2053 2052)
4(1764 2053 2054 1765)
4(2036 2037 2054 2053)
4(1750 1767 2056 2039)
4(1766 2055 2056 1767)
4(2038 2039 2056 2055)
4(1751 1768 2057 2040)
4(1767 2056 2057 1768)
4(2039 2040 2057 2056)
4(1752 1769 2058 2041)
4(1768 2057 2058 1769)
4(2040 2041 2058 2057)
4(1753 1770 2059 2042)
4(1769 2058 2059 1770)
4(2041 2042 2059 2058)
4(1754 1771 2060 2043)
4(1770 2059 2060 1771)
4(2042 2043 2060 2059)
4(1755 1772 2061 2044)
4(1771 2060 2061 1772)
4(2043 2044 2061 2060)
4(1756 1773 2062 2045)
4(1772 2061 2062 1773)
4(2044 2045 2062 2061)
4(1757 1774 2063 2046)
4(1773 2062 2063 1774)
4(2045 2046 2063 2062)
4(1758 1775 2064 2047)
4(1774 2063 2064 1775)
4(2046 2047 2064 2063)
4(1759 1776 2065 2048)
4(1775 2064 2065 1776)
4(2047 2048 2065 2064)
4(1760 1777 2066 2049)
4(1776 2065 2066 1777)
4(2048 2049 2066 2065)
4(1761 1778 2067 2050)
4(1777 2066 2067 1778)
4(2049 2050 2067 2066)
4(1762 1779 2068 2051)
4(1778 2067 2068 1779)
4(2050 2051 2068 2067)
4(1763 1780 2069 2052)
4(1779 2068 2069 1780)
4(2051 2052 2069 2068)
4(1764 1781 2070 2053)
4(1780 2069 2070 1781)
4(2052 2053 2070 2069)
4(1781 2070 2071 1782)
4(2053 2054 2071 2070)
4(1767 1784 2073 2056)
4(1783 2072 2073 1784)
4(2055 2056 2073 2072)
4(1768 1785 2074 2057)
4(1784 2073 2074 1785)
4(2056 2057 2074 2073)
4(1769 1786 2075 2058)
4(1785 2074 2075 1786)
4(2057 2058 2075 2074)
4(1770 1787 2076 2059)
4(1786 2075 2076 1787)
4(2058 2059 2076 2075)
4(1771 1788 2077 2060)
4(1787 2076 2077 1788)
4(2059 2060 2077 2076)
4(1772 1789 2078 2061)
4(1788 2077 2078 1789)
4(2060 2061 2078 2077)
4(1773 1790 2079 2062)
4(1789 2078 2079 1790)
4(2061 2062 2079 2078)
4(1774 1791 2080 2063)
4(1790 2079 2080 1791)
4(2062 2063 2080 2079)
4(1775 1792 2081 2064)
4(1791 2080 2081 1792)
4(2063 2064 2081 2080)
4(1776 1793 2082 2065)
4(1792 2081 2082 1793)
4(2064 2065 2082 2081)
4(1777 1794 2083 2066)
4(1793 2082 2083 1794)
4(2065 2066 2083 2082)
4(1778 1795 2084 2067)
4(1794 2083 2084 1795)
4(2066 2067 2084 2083)
4(1779 1796 2085 2068)
4(1795 2084 2085 1796)
4(2067 2068 2085 2084)
4(1780 1797 2086 2069)
4(1796 2085 2086 1797)
4(2068 2069 2086 2085)
4(1781 1798 2087 2070)
4(1797 2086 2087 1798)
4(2069 2070 2087 2086)
4(1798 2087 2088 1799)
4(2070 2071 2088 2087)
4(1784 1801 2090 2073)
4(1800 2089 2090 1801)
4(2072 2073 2090 2089)
4(1785 1802 2091 2074)
4(1801 2090 2091 1802)
4(2073 2074 2091 2090)
4(1786 1803 2092 2075)
4(1802 2091 2092 1803)
4(2074 2075 2092 2091)
4(1787 1804 2093 2076)
4(1803 2092 2093 1804)
4(2075 2076 2093 2092)
4(1788 1805 2094 2077)
4(1804 2093 2094 1805)
4(2076 2077 2094 2093)
4(1789 1806 2095 2078)
4(1805 2094 2095 1806)
4(2077 2078 2095 2094)
4(1790 1807 2096 2079)
4(1806 2095 2096 1807)
4(2078 2079 2096 2095)
4(1791 1808 2097 2080)
4(1807 2096 2097 1808)
4(2079 2080 2097 2096)
4(1792 1809 2098 2081)
4(1808 2097 2098 1809)
4(2080 2081 2098 2097)
4(1793 1810 2099 2082)
4(1809 2098 2099 1810)
4(2081 2082 2099 2098)
4(1794 1811 2100 2083)
4(1810 2099 2100 1811)
4(2082 2083 2100 2099)
4(1795 1812 2101 2084)
4(1811 2100 2101 1812)
4(2083 2084 2101 2100)
4(1796 1813 2102 2085)
4(1812 2101 2102 1813)
4(2084 2085 2102 2101)
4(1797 1814 2103 2086)
4(1813 2102 2103 1814)
4(2085 2086 2103 2102)
4(1798 1815 2104 2087)
4(1814 2103 2104 1815)
4(2086 2087 2104 2103)
4(1815 2104 2105 1816)
4(2087 2088 2105 2104)
4(1801 1818 2107 2090)
4(1817 2106 2107 1818)
4(2089 2090 2107 2106)
4(1802 1819 2108 2091)
4(1818 2107 2108 1819)
4(2090 2091 2108 2107)
4(1803 1820 2109 2092)
4(1819 2108 2109 1820)
4(2091 2092 2109 2108)
4(1804 1821 2110 2093)
4(1820 2109 2110 1821)
4(2092 2093 2110 2109)
4(1805 1822 2111 2094)
4(1821 2110 2111 1822)
4(2093 2094 2111 2110)
4(1806 1823 2112 2095)
4(1822 2111 2112 1823)
4(2094 2095 2112 2111)
4(1807 1824 2113 2096)
4(1823 2112 2113 1824)
4(2095 2096 2113 2112)
4(1808 1825 2114 2097)
4(1824 2113 2114 1825)
4(2096 2097 2114 2113)
4(1809 1826 2115 2098)
4(1825 2114 2115 1826)
4(2097 2098 2115 2114)
4(1810 1827 2116 2099)
4(1826 2115 2116 1827)
4(2098 2099 2116 2115)
4(1811 1828 2117 2100)
4(1827 2116 2117 1828)
4(2099 2100 2117 2116)
4(1812 1829 2118 2101)
4(1828 2117 2118 1829)
4(2100 2101 2118 2117)
4(1813 1830 2119 2102)
4(1829 2118 2119 1830)
4(2101 2102 2119 2118)
4(1814 1831 2120 2103)
4(1830 2119 2120 1831)
4(2102 2103 2120 2119)
4(1815 1832 2121 2104)
4(1831 2120 2121 1832)
4(2103 2104 2121 2120)
4(1832 2121 2122 1833)
4(2104 2105 2122 2121)
4(1818 1835 2124 2107)
4(1834 2123 2124 1835)
4(2106 2107 2124 2123)
4(1819 1836 2125 2108)
4(1835 2124 2125 1836)
4(2107 2108 2125 2124)
4(1820 1837 2126 2109)
4(1836 2125 2126 1837)
4(2108 2109 2126 2125)
4(1821 1838 2127 2110)
4(1837 2126 2127 1838)
4(2109 2110 2127 2126)
4(1822 1839 2128 2111)
4(1838 2127 2128 1839)
4(2110 2111 2128 2127)
4(1823 1840 2129 2112)
4(1839 2128 2129 1840)
4(2111 2112 2129 2128)
4(1824 1841 2130 2113)
4(1840 2129 2130 1841)
4(2112 2113 2130 2129)
4(1825 1842 2131 2114)
4(1841 2130 2131 1842)
4(2113 2114 2131 2130)
4(1826 1843 2132 2115)
4(1842 2131 2132 1843)
4(2114 2115 2132 2131)
4(1827 1844 2133 2116)
4(1843 2132 2133 1844)
4(2115 2116 2133 2132)
4(1828 1845 2134 2117)
4(1844 2133 2134 1845)
4(2116 2117 2134 2133)
4(1829 1846 2135 2118)
4(1845 2134 2135 1846)
4(2117 2118 2135 2134)
4(1830 1847 2136 2119)
4(1846 2135 2136 1847)
4(2118 2119 2136 2135)
4(1831 1848 2137 2120)
4(1847 2136 2137 1848)
4(2119 2120 2137 2136)
4(1832 1849 2138 2121)
4(1848 2137 2138 1849)
4(2120 2121 2138 2137)
4(1849 2138 2139 1850)
4(2121 2122 2139 2138)
4(1835 1852 2141 2124)
4(1851 2140 2141 1852)
4(2123 2124 2141 2140)
4(1836 1853 2142 2125)
4(1852 2141 2142 1853)
4(2124 2125 2142 2141)
4(1837 1854 2143 2126)
4(1853 2142 2143 1854)
4(2125 2126 2143 2142)
4(1838 1855 2144 2127)
4(1854 2143 2144 1855)
4(2126 2127 2144 2143)
4(1839 1856 2145 2128)
4(1855 2144 2145 1856)
4(2127 2128 2145 2144)
4(1840 1857 2146 2129)
4(1856 2145 2146 1857)
4(2128 2129 2146 2145)
4(1841 1858 2147 2130)
4(1857 2146 2147 1858)
4(2129 2130 2147 2146)
4(1842 1859 2148 2131)
4(1858 2147 2148 1859)
4(2130 2131 2148 2147)
4(1843 1860 2149 2132)
4(1859 2148 2149 1860)
4(2131 2132 2149 2148)
4(1844 1861 2150 2133)
4(1860 2149 2150 1861)
4(2132 2133 2150 2149)
4(1845 1862 2151 2134)
4(1861 2150 2151 1862)
4(2133 2134 2151 2150)
4(1846 1863 2152 2135)
4(1862 2151 2152 1863)
4(2134 2135 2152 2151)
4(1847 1864 2153 2136)
4(1863 2152 2153 1864)
4(2135 2136 2153 2152)
4(1848 1865 2154 2137)
4(1864 2153 2154 1865)
4(2136 2137 2154 2153)
4(1849 1866 2155 2138)
4(1865 2154 2155 1866)
4(2137 2138 2155 2154)
4(1866 2155 2156 1867)
4(2138 2139 2156 2155)
4(1852 1869 2158 2141)
4(1868 2157 2158 1869)
4(2140 2141 2158 2157)
4(1853 1870 2159 2142)
4(1869 2158 2159 1870)
4(2141 2142 2159 2158)
4(1854 1871 2160 2143)
4(1870 2159 2160 1871)
4(2142 2143 2160 2159)
4(1855 1872 2161 2144)
4(1871 2160 2161 1872)
4(2143 2144 2161 2160)
4(1856 1873 2162 2145)
4(1872 2161 2162 1873)
4(2144 2145 2162 2161)
4(1857 1874 2163 2146)
4(1873 2162 2163 1874)
4(2145 2146 2163 2162)
4(1858 1875 2164 2147)
4(1874 2163 2164 1875)
4(2146 2147 2164 2163)
4(1859 1876 2165 2148)
4(1875 2164 2165 1876)
4(2147 2148 2165 2164)
4(1860 1877 2166 2149)
4(1876 2165 2166 1877)
4(2148 2149 2166 2165)
4(1861 1878 2167 2150)
4(1877 2166 2167 1878)
4(2149 2150 2167 2166)
4(1862 1879 2168 2151)
4(1878 2167 2168 1879)
4(2150 2151 2168 2167)
4(1863 1880 2169 2152)
4(1879 2168 2169 1880)
4(2151 2152 2169 2168)
4(1864 1881 2170 2153)
4(1880 2169 2170 1881)
4(2152 2153 2170 2169)
4(1865 1882 2171 2154)
4(1881 2170 2171 1882)
4(2153 2154 2171 2170)
4(1866 1883 2172 2155)
4(1882 2171 2172 1883)
4(2154 2155 2172 2171)
4(1883 2172 2173 1884)
4(2155 2156 2173 2172)
4(1869 1886 2175 2158)
4(1885 2174 2175 1886)
4(2157 2158 2175 2174)
4(1870 1887 2176 2159)
4(1886 2175 2176 1887)
4(2158 2159 2176 2175)
4(1871 1888 2177 2160)
4(1887 2176 2177 1888)
4(2159 2160 2177 2176)
4(1872 1889 2178 2161)
4(1888 2177 2178 1889)
4(2160 2161 2178 2177)
4(1873 1890 2179 2162)
4(1889 2178 2179 1890)
4(2161 2162 2179 2178)
4(1874 1891 2180 2163)
4(1890 2179 2180 1891)
4(2162 2163 2180 2179)
4(1875 1892 2181 2164)
4(1891 2180 2181 1892)
4(2163 2164 2181 2180)
4(1876 1893 2182 2165)
4(1892 2181 2182 1893)
4(2164 2165 2182 2181)
4(1877 1894 2183 2166)
4(1893 2182 2183 1894)
4(2165 2166 2183 2182)
4(1878 1895 2184 2167)
4(1894 2183 2184 1895)
4(2166 2167 2184 2183)
4(1879 1896 2185 2168)
4(1895 2184 2185 1896)
4(2167 2168 2185 2184)
4(1880 1897 2186 2169)
4(1896 2185 2186 1897)
4(2168 2169 2186 2185)
4(1881 1898 2187 2170)
4(1897 2186 2187 1898)
4(2169 2170 2187 2186)
4(1882 1899 2188 2171)
4(1898 2187 2188 1899)
4(2170 2171 2188 2187)
4(1883 1900 2189 2172)
4(1899 2188 2189 1900)
4(2171 2172 2189 2188)
4(1900 2189 2190 1901)
4(2172 2173 2190 2189)
4(1886 1903 2192 2175)
4(1902 2191 2192 1903)
4(2174 2175 2192 2191)
4(1887 1904 2193 2176)
4(1903 2192 2193 1904)
4(2175 2176 2193 2192)
4(1888 1905 2194 2177)
4(1904 2193 2194 1905)
4(2176 2177 2194 2193)
4(1889 1906 2195 2178)
4(1905 2194 2195 1906)
4(2177 2178 2195 2194)
4(1890 1907 2196 2179)
4(1906 2195 2196 1907)
4(2178 2179 2196 2195)
4(1891 1908 2197 2180)
4(1907 2196 2197 1908)
4(2179 2180 2197 2196)
4(1892 1909 2198 2181)
4(1908 2197 2198 1909)
4(2180 2181 2198 2197)
4(1893 1910 2199 2182)
4(1909 2198 2199 1910)
4(2181 2182 2199 2198)
4(1894 1911 2200 2183)
4(1910 2199 2200 1911)
4(2182 2183 2200 2199)
4(1895 1912 2201 2184)
4(1911 2200 2201 1912)
4(2183 2184 2201 2200)
4(1896 1913 2202 2185)
4(1912 2201 2202 1913)
4(2184 2185 2202 2201)
4(1897 1914 2203 2186)
4(1913 2202 2203 1914)
4(2185 2186 2203 2202)
4(1898 1915 2204 2187)
4(1914 2203 2204 1915)
4(2186 2187 2204 2203)
4(1899 1916 2205 2188)
4(1915 2204 2205 1916)
4(2187 2188 2205 2204)
4(1900 1917 2206 2189)
4(1916 2205 2206 1917)
4(2188 2189 2206 2205)
4(1917 2206 2207 1918)
4(2189 2190 2207 2206)
4(1903 1920 2209 2192)
4(1919 2208 2209 1920)
4(2191 2192 2209 2208)
4(1904 1921 2210 2193)
4(1920 2209 2210 1921)
4(2192 2193 2210 2209)
4(1905 1922 2211 2194)
4(1921 2210 2211 1922)
4(2193 2194 2211 2210)
4(1906 1923 2212 2195)
4(1922 2211 2212 1923)
4(2194 2195 2212 2211)
4(1907 1924 2213 2196)
4(1923 2212 2213 1924)
4(2195 2196 2213 2212)
4(1908 1925 2214 2197)
4(1924 2213 2214 1925)
4(2196 2197 2214 2213)
4(1909 1926 2215 2198)
4(1925 2214 2215 1926)
4(2197 2198 2215 2214)
4(1910 1927 2216 2199)
4(1926 2215 2216 1927)
4(2198 2199 2216 2215)
4(1911 1928 2217 2200)
4(1927 2216 2217 1928)
4(2199 2200 2217 2216)
4(1912 1929 2218 2201)
4(1928 2217 2218 1929)
4(2200 2201 2218 2217)
4(1913 1930 2219 2202)
4(1929 2218 2219 1930)
4(2201 2202 2219 2218)
4(1914 1931 2220 2203)
4(1930 2219 2220 1931)
4(2202 2203 2220 2219)
4(1915 1932 2221 2204)
4(1931 2220 2221 1932)
4(2203 2204 2221 2220)
4(1916 1933 2222 2205)
4(1932 2221 2222 1933)
4(2204 2205 2222 2221)
4(1917 1934 2223 2206)
4(1933 2222 2223 1934)
4(2205 2206 2223 2222)
4(1934 2223 2224 1935)
4(2206 2207 2224 2223)
4(1920 1937 2226 2209)
4(1936 2225 2226 1937)
4(2208 2209 2226 2225)
4(1921 1938 2227 2210)
4(1937 2226 2227 1938)
4(2209 2210 2227 2226)
4(1922 1939 2228 2211)
4(1938 2227 2228 1939)
4(2210 2211 2228 2227)
4(1923 1940 2229 2212)
4(1939 2228 2229 1940)
4(2211 2212 2229 2228)
4(1924 1941 2230 2213)
4(1940 2229 2230 1941)
4(2212 2213 2230 2229)
4(1925 1942 2231 2214)
4(1941 2230 2231 1942)
4(2213 2214 2231 2230)
4(1926 1943 2232 2215)
4(1942 2231 2232 1943)
4(2214 2215 2232 2231)
4(1927 1944 2233 2216)
4(1943 2232 2233 1944)
4(2215 2216 2233 2232)
4(1928 1945 2234 2217)
4(1944 2233 2234 1945)
4(2216 2217 2234 2233)
4(1929 1946 2235 2218)
4(1945 2234 2235 1946)
4(2217 2218 2235 2234)
4(1930 1947 2236 2219)
4(1946 2235 2236 1947)
4(2218 2219 2236 2235)
4(1931 1948 2237 2220)
4(1947 2236 2237 1948)
4(2219 2220 2237 2236)
4(1932 1949 2238 2221)
4(1948 2237 2238 1949)
4(2220 2221 2238 2237)
4(1933 1950 2239 2222)
4(1949 2238 2239 1950)
4(2221 2222 2239 2238)
4(1934 1951 2240 2223)
4(1950 2239 2240 1951)
4(2222 2223 2240 2239)
4(1951 2240 2241 1952)
4(2223 2224 2241 2240)
4(1937 1954 2243 2226)
4(1953 2242 2243 1954)
4(2225 2226 2243 2242)
4(1938 1955 2244 2227)
4(1954 2243 2244 1955)
4(2226 2227 2244 2243)
4(1939 1956 2245 2228)
4(1955 2244 2245 1956)
4(2227 2228 2245 2244)
4(1940 1957 2246 2229)
4(1956 2245 2246 1957)
4(2228 2229 2246 2245)
4(1941 1958 2247 2230)
4(1957 2246 2247 1958)
4(2229 2230 2247 2246)
4(1942 1959 2248 2231)
4(1958 2247 2248 1959)
4(2230 2231 2248 2247)
4(1943 1960 2249 2232)
4(1959 2248 2249 1960)
4(2231 2232 2249 2248)
4(1944 1961 2250 2233)
4(1960 2249 2250 1961)
4(2232 2233 2250 2249)
4(1945 1962 2251 2234)
4(1961 2250 2251 1962)
4(2233 2234 2251 2250)
4(1946 1963 2252 2235)
4(1962 2251 2252 1963)
4(2234 2235 2252 2251)
4(1947 1964 2253 2236)
4(1963 2252 2253 1964)
4(2235 2236 2253 2252)
4(1948 1965 2254 2237)
4(1964 2253 2254 1965)
4(2236 2237 2254 2253)
4(1949 1966 2255 2238)
4(1965 2254 2255 1966)
4(2237 2238 2255 2254)
4(1950 1967 2256 2239)
4(1966 2255 2256 1967)
4(2238 2239 2256 2255)
4(1951 1968 2257 2240)
4(1967 2256 2257 1968)
4(2239 2240 2257 2256)
4(1968 2257 2258 1969)
4(2240 2241 2258 2257)
4(1954 1971 2260 2243)
4(2242 2243 2260 2259)
4(1955 1972 2261 2244)
4(2243 2244 2261 2260)
4(1956 1973 2262 2245)
4(2244 2245 2262 2261)
4(1957 1974 2263 2246)
4(2245 2246 2263 2262)
4(1958 1975 2264 2247)
4(2246 2247 2264 2263)
4(1959 1976 2265 2248)
4(2247 2248 2265 2264)
4(1960 1977 2266 2249)
4(2248 2249 2266 2265)
4(1961 1978 2267 2250)
4(2249 2250 2267 2266)
4(1962 1979 2268 2251)
4(2250 2251 2268 2267)
4(1963 1980 2269 2252)
4(2251 2252 2269 2268)
4(1964 1981 2270 2253)
4(2252 2253 2270 2269)
4(1965 1982 2271 2254)
4(2253 2254 2271 2270)
4(1966 1983 2272 2255)
4(2254 2255 2272 2271)
4(1967 1984 2273 2256)
4(2255 2256 2273 2272)
4(1968 1985 2274 2257)
4(2256 2257 2274 2273)
4(2257 2258 2275 2274)
4(1988 2005 2294 2277)
4(2004 2293 2294 2005)
4(2276 2277 2294 2293)
4(1989 2006 2295 2278)
4(2005 2294 2295 2006)
4(2277 2278 2295 2294)
4(1990 2007 2296 2279)
4(2006 2295 2296 2007)
4(2278 2279 2296 2295)
4(1991 2008 2297 2280)
4(2007 2296 2297 2008)
4(2279 2280 2297 2296)
4(1992 2009 2298 2281)
4(2008 2297 2298 2009)
4(2280 2281 2298 2297)
4(1993 2010 2299 2282)
4(2009 2298 2299 2010)
4(2281 2282 2299 2298)
4(1994 2011 2300 2283)
4(2010 2299 2300 2011)
4(2282 2283 2300 2299)
4(1995 2012 2301 2284)
4(2011 2300 2301 2012)
4(2283 2284 2301 2300)
4(1996 2013 2302 2285)
4(2012 2301 2302 2013)
4(2284 2285 2302 2301)
4(1997 2014 2303 2286)
4(2013 2302 2303 2014)
4(2285 2286 2303 2302)
4(1998 2015 2304 2287)
4(2014 2303 2304 2015)
4(2286 2287 2304 2303)
4(1999 2016 2305 2288)
4(2015 2304 2305 2016)
4(2287 2288 2305 2304)
4(2000 2017 2306 2289)
4(2016 2305 2306 2017)
4(2288 2289 2306 2305)
4(2001 2018 2307 2290)
4(2017 2306 2307 2018)
4(2289 2290 2307 2306)
4(2002 2019 2308 2291)
4(2018 2307 2308 2019)
4(2290 2291 2308 2307)
4(2019 2308 2309 2020)
4(2291 2292 2309 2308)
4(2005 2022 2311 2294)
4(2021 2310 2311 2022)
4(2293 2294 2311 2310)
4(2006 2023 2312 2295)
4(2022 2311 2312 2023)
4(2294 2295 2312 2311)
4(2007 2024 2313 2296)
4(2023 2312 2313 2024)
4(2295 2296 2313 2312)
4(2008 2025 2314 2297)
4(2024 2313 2314 2025)
4(2296 2297 2314 2313)
4(2009 2026 2315 2298)
4(2025 2314 2315 2026)
4(2297 2298 2315 2314)
4(2010 2027 2316 2299)
4(2026 2315 2316 2027)
4(2298 2299 2316 2315)
4(2011 2028 2317 2300)
4(2027 2316 2317 2028)
4(2299 2300 2317 2316)
4(2012 2029 2318 2301)
4(2028 2317 2318 2029)
4(2300 2301 2318 2317)
4(2013 2030 2319 2302)
4(2029 2318 2319 2030)
4(2301 2302 2319 2318)
4(2014 2031 2320 2303)
4(2030 2319 2320 2031)
4(2302 2303 2320 2319)
4(2015 2032 2321 2304)
4(2031 2320 2321 2032)
4(2303 2304 2321 2320)
4(2016 2033 2322 2305)
4(2032 2321 2322 2033)
4(2304 2305 2322 2321)
4(2017 2034 2323 2306)
4(2033 2322 2323 2034)
4(2305 2306 2323 2322)
4(2018 2035 2324 2307)
4(2034 2323 2324 2035)
4(2306 2307 2324 2323)
4(2019 2036 2325 2308)
4(2035 2324 2325 2036)
4(2307 2308 2325 2324)
4(2036 2325 2326 2037)
4(2308 2309 2326 2325)
4(2022 2039 2328 2311)
4(2038 2327 2328 2039)
4(2310 2311 2328 2327)
4(2023 2040 2329 2312)
4(2039 2328 2329 2040)
4(2311 2312 2329 2328)
4(2024 2041 2330 2313)
4(2040 2329 2330 2041)
4(2312 2313 2330 2329)
4(2025 2042 2331 2314)
4(2041 2330 2331 2042)
4(2313 2314 2331 2330)
4(2026 2043 2332 2315)
4(2042 2331 2332 2043)
4(2314 2315 2332 2331)
4(2027 2044 2333 2316)
4(2043 2332 2333 2044)
4(2315 2316 2333 2332)
4(2028 2045 2334 2317)
4(2044 2333 2334 2045)
4(2316 2317 2334 2333)
4(2029 2046 2335 2318)
4(2045 2334 2335 2046)
4(2317 2318 2335 2334)
4(2030 2047 2336 2319)
4(2046 2335 2336 2047)
4(2318 2319 2336 2335)
4(2031 2048 2337 2320)
4(2047 2336 2337 2048)
4(2319 2320 2337 2336)
4(2032 2049 2338 2321)
4(2048 2337 2338 2049)
4(2320 2321 2338 2337)
4(2033 2050 2339 2322)
4(2049 2338 2339 2050)
4(2321 2322 2339 2338)
4(2034 2051 2340 2323)
4(2050 2339 2340 2051)
4(2322 2323 2340 2339)
4(2035 2052 2341 2324)
4(2051 2340 2341 2052)
4(2323 2324 2341 2340)
4(2036 2053 2342 2325)
4(2052 2341 2342 2053)
4(2324 2325 2342 2341)
4(2053 2342 2343 2054)
4(2325 2326 2343 2342)
4(2039 2056 2345 2328)
4(2055 2344 2345 2056)
4(2327 2328 2345 2344)
4(2040 2057 2346 2329)
4(2056 2345 2346 2057)
4(2328 2329 2346 2345)
4(2041 2058 2347 2330)
4(2057 2346 2347 2058)
4(2329 2330 2347 2346)
4(2042 2059 2348 2331)
4(2058 2347 2348 2059)
4(2330 2331 2348 2347)
4(2043 2060 2349 2332)
4(2059 2348 2349 2060)
4(2331 2332 2349 2348)
4(2044 2061 2350 2333)
4(2060 2349 2350 2061)
4(2332 2333 2350 2349)
4(2045 2062 2351 2334)
4(2061 2350 2351 2062)
4(2333 2334 2351 2350)
4(2046 2063 2352 2335)
4(2062 2351 2352 2063)
4(2334 2335 2352 2351)
4(2047 2064 2353 2336)
4(2063 2352 2353 2064)
4(2335 2336 2353 2352)
4(2048 2065 2354 2337)
4(2064 2353 2354 2065)
4(2336 2337 2354 2353)
4(2049 2066 2355 2338)
4(2065 2354 2355 2066)
4(2337 2338 2355 2354)
4(2050 2067 2356 2339)
4(2066 2355 2356 2067)
4(2338 2339 2356 2355)
4(2051 2068 2357 2340)
4(2067 2356 2357 2068)
4(2339 2340 2357 2356)
4(2052 2069 2358 2341)
4(2068 2357 2358 2069)
4(2340 2341 2358 2357)
4(2053 2070 2359 2342)
4(2069 2358 2359 2070)
4(2341 2342 2359 2358)
4(2070 2359 2360 2071)
4(2342 2343 2360 2359)
4(2056 2073 2362 2345)
4(2072 2361 2362 2073)
4(2344 2345 2362 2361)
4(2057 2074 2363 2346)
4(2073 2362 2363 2074)
4(2345 2346 2363 2362)
4(2058 2075 2364 2347)
4(2074 2363 2364 2075)
4(2346 2347 2364 2363)
4(2059 2076 2365 2348)
4(2075 2364 2365 2076)
4(2347 2348 2365 2364)
4(2060 2077 2366 2349)
4(2076 2365 2366 2077)
4(2348 2349 2366 2365)
4(2061 2078 2367 2350)
4(2077 2366 2367 2078)
4(2349 2350 2367 2366)
4(2062 2079 2368 2351)
4(2078 2367 2368 2079)
4(2350 2351 2368 2367)
4(2063 2080 2369 2352)
4(2079 2368 2369 2080)
4(2351 2352 2369 2368)
4(2064 2081 2370 2353)
4(2080 2369 2370 2081)
4(2352 2353 2370 2369)
4(2065 2082 2371 2354)
4(2081 2370 2371 2082)
4(2353 2354 2371 2370)
4(2066 2083 2372 2355)
4(2082 2371 2372 2083)
4(2354 2355 2372 2371)
4(2067 2084 2373 2356)
4(2083 2372 2373 2084)
4(2355 2356 2373 2372)
4(2068 2085 2374 2357)
4(2084 2373 2374 2085)
4(2356 2357 2374 2373)
4(2069 2086 2375 2358)
4(2085 2374 2375 2086)
4(2357 2358 2375 2374)
4(2070 2087 2376 2359)
4(2086 2375 2376 2087)
4(2358 2359 2376 2375)
4(2087 2376 2377 2088)
4(2359 2360 2377 2376)
4(2073 2090 2379 2362)
4(2089 2378 2379 2090)
4(2361 2362 2379 2378)
4(2074 2091 2380 2363)
4(2090 2379 2380 2091)
4(2362 2363 2380 2379)
4(2075 2092 2381 2364)
4(2091 2380 2381 2092)
4(2363 2364 2381 2380)
4(2076 2093 2382 2365)
4(2092 2381 2382 2093)
4(2364 2365 2382 2381)
4(2077 2094 2383 2366)
4(2093 2382 2383 2094)
4(2365 2366 2383 2382)
4(2078 2095 2384 2367)
4(2094 2383 2384 2095)
4(2366 2367 2384 2383)
4(2079 2096 2385 2368)
4(2095 2384 2385 2096)
4(2367 2368 2385 2384)
4(2080 2097 2386 2369)
4(2096 2385 2386 2097)
4(2368 2369 2386 2385)
4(2081 2098 2387 2370)
4(2097 2386 2387 2098)
4(2369 2370 2387 2386)
4(2082 2099 2388 2371)
4(2098 2387 2388 2099)
4(2370 2371 2388 2387)
4(2083 2100 2389 2372)
4(2099 2388 2389 2100)
4(2371 2372 2389 2388)
4(2084 2101 2390 2373)
4(2100 2389 2390 2101)
4(2372 2373 2390 2389)
4(2085 2102 2391 2374)
4(2101 2390 2391 2102)
4(2373 2374 2391 2390)
4(2086 2103 2392 2375)
4(2102 2391 2392 2103)
4(2374 2375 2392 2391)
4(2087 2104 2393 2376)
4(2103 2392 2393 2104)
4(2375 2376 2393 2392)
4(2104 2393 2394 2105)
4(2376 2377 2394 2393)
4(2090 2107 2396 2379)
4(2106 2395 2396 2107)
4(2378 2379 2396 2395)
4(2091 2108 2397 2380)
4(2107 2396 2397 2108)
4(2379 2380 2397 2396)
4(2092 2109 2398 2381)
4(2108 2397 2398 2109)
4(2380 2381 2398 2397)
4(2093 2110 2399 2382)
4(2109 2398 2399 2110)
4(2381 2382 2399 2398)
4(2094 2111 2400 2383)
4(2110 2399 2400 2111)
4(2382 2383 2400 2399)
4(2095 2112 2401 2384)
4(2111 2400 2401 2112)
4(2383 2384 2401 2400)
4(2096 2113 2402 2385)
4(2112 2401 2402 2113)
4(2384 2385 2402 2401)
4(2097 2114 2403 2386)
4(2113 2402 2403 2114)
4(2385 2386 2403 2402)
4(2098 2115 2404 2387)
4(2114 2403 2404 2115)
4(2386 2387 2404 2403)
4(2099 2116 2405 2388)
4(2115 2404 2405 2116)
4(2387 2388 2405 2404)
4(2100 2117 2406 2389)
4(2116 2405 2406 2117)
4(2388 2389 2406 2405)
4(2101 2118 2407 2390)
4(2117 2406 2407 2118)
4(2389 2390 2407 2406)
4(2102 2119 2408 2391)
4(2118 2407 2408 2119)
4(2390 2391 2408 2407)
4(2103 2120 2409 2392)
4(2119 2408 2409 2120)
4(2391 2392 2409 2408)
4(2104 2121 2410 2393)
4(2120 2409 2410 2121)
4(2392 2393 2410 2409)
4(2121 2410 2411 2122)
4(2393 2394 2411 2410)
4(2107 2124 2413 2396)
4(2123 2412 2413 2124)
4(2395 2396 2413 2412)
4(2108 2125 2414 2397)
4(2124 2413 2414 2125)
4(2396 2397 2414 2413)
4(2109 2126 2415 2398)
4(2125 2414 2415 2126)
4(2397 2398 2415 2414)
4(2110 2127 2416 2399)
4(2126 2415 2416 2127)
4(2398 2399 2416 2415)
4(2111 2128 2417 2400)
4(2127 2416 2417 2128)
4(2399 2400 2417 2416)
4(2112 2129 2418 2401)
4(2128 2417 2418 2129)
4(2400 2401 2418 2417)
4(2113 2130 2419 2402)
4(2129 2418 2419 2130)
4(2401 2402 2419 2418)
4(2114 2131 2420 2403)
4(2130 2419 2420 2131)
4(2402 2403 2420 2419)
4(2115 2132 2421 2404)
4(2131 2420 2421 2132)
4(2403 2404 2421 2420)
4(2116 2133 2422 2405)
4(2132 2421 2422 2133)
4(2404 2405 2422 2421)
4(2117 2134 2423 2406)
4(2133 2422 2423 2134)
4(2405 2406 2423 2422)
4(2118 2135 2424 2407)
4(2134 2423 2424 2135)
4(2406 2407 2424 2423)
4(2119 2136 2425 2408)
4(2135 2424 2425 2136)
4(2407 2408 2425 2424)
4(2120 2137 2426 2409)
4(2136 2425 2426 2137)
4(2408 2409 2426 2425)
4(2121 2138 2427 2410)
4(2137 2426 2427 2138)
4(2409 2410 2427 2426)
4(2138 2427 2428 2139)
4(2410 2411 2428 2427)
4(2124 2141 2430 2413)
4(2140 2429 2430 2141)
4(2412 2413 2430 2429)
4(2125 2142 2431 2414)
4(2141 2430 2431 2142)
4(2413 2414 2431 2430)
4(2126 2143 2432 2415)
4(2142 2431 2432 2143)
4(2414 2415 2432 2431)
4(2127 2144 2433 2416)
4(2143 2432 2433 2144)
4(2415 2416 2433 2432)
4(2128 2145 2434 2417)
4(2144 2433 2434 2145)
4(2416 2417 2434 2433)
4(2129 2146 2435 2418)
4(2145 2434 2435 2146)
4(2417 2418 2435 2434)
4(2130 2147 2436 2419)
4(2146 2435 2436 2147)
4(2418 2419 2436 2435)
4(2131 2148 2437 2420)
4(2147 2436 2437 2148)
4(2419 2420 2437 2436)
4(2132 2149 2438 2421)
4(2148 2437 2438 2149)
4(2420 2421 2438 2437)
4(2133 2150 2439 2422)
4(2149 2438 2439 2150)
4(2421 2422 2439 2438)
4(2134 2151 2440 2423)
4(2150 2439 2440 2151)
4(2422 2423 2440 2439)
4(2135 2152 2441 2424)
4(2151 2440 2441 2152)
4(2423 2424 2441 2440)
4(2136 2153 2442 2425)
4(2152 2441 2442 2153)
4(2424 2425 2442 2441)
4(2137 2154 2443 2426)
4(2153 2442 2443 2154)
4(2425 2426 2443 2442)
4(2138 2155 2444 2427)
4(2154 2443 2444 2155)
4(2426 2427 2444 2443)
4(2155 2444 2445 2156)
4(2427 2428 2445 2444)
4(2141 2158 2447 2430)
4(2157 2446 2447 2158)
4(2429 2430 2447 2446)
4(2142 2159 2448 2431)
4(2158 2447 2448 2159)
4(2430 2431 2448 2447)
4(2143 2160 2449 2432)
4(2159 2448 2449 2160)
4(2431 2432 2449 2448)
4(2144 2161 2450 2433)
4(2160 2449 2450 2161)
4(2432 2433 2450 2449)
4(2145 2162 2451 2434)
4(2161 2450 2451 2162)
4(2433 2434 2451 2450)
4(2146 2163 2452 2435)
4(2162 2451 2452 2163)
4(2434 2435 2452 2451)
4(2147 2164 2453 2436)
4(2163 2452 2453 2164)
4(2435 2436 2453 2452)
4(2148 2165 2454 2437)
4(2164 2453 2454 2165)
4(2436 2437 2454 2453)
4(2149 2166 2455 2438)
4(2165 2454 2455 2166)
4(2437 2438 2455 2454)
4(2150 2167 2456 2439)
4(2166 2455 2456 2167)
4(2438 2439 2456 2455)
4(2151 2168 2457 2440)
4(2167 2456 2457 2168)
4(2439 2440 2457 2456)
4(2152 2169 2458 2441)
4(2168 2457 2458 2169)
4(2440 2441 2458 2457)
4(2153 2170 2459 2442)
4(2169 2458 2459 2170)
4(2441 2442 2459 2458)
4(2154 2171 2460 2443)
4(2170 2459 2460 2171)
4(2442 2443 2460 2459)
4(2155 2172 2461 2444)
4(2171 2460 2461 2172)
4(2443 2444 2461 2460)
4(2172 2461 2462 2173)
4(2444 2445 2462 2461)
4(2158 2175 2464 2447)
4(2174 2463 2464 2175)
4(2446 2447 2464 2463)
4(2159 2176 2465 2448)
4(2175 2464 2465 2176)
4(2447 2448 2465 2464)
4(2160 2177 2466 2449)
4(2176 2465 2466 2177)
4(2448 2449 2466 2465)
4(2161 2178 2467 2450)
4(2177 2466 2467 2178)
4(2449 2450 2467 2466)
4(2162 2179 2468 2451)
4(2178 2467 2468 2179)
4(2450 2451 2468 2467)
4(2163 2180 2469 2452)
4(2179 2468 2469 2180)
4(2451 2452 2469 2468)
4(2164 2181 2470 2453)
4(2180 2469 2470 2181)
4(2452 2453 2470 2469)
4(2165 2182 2471 2454)
4(2181 2470 2471 2182)
4(2453 2454 2471 2470)
4(2166 2183 2472 2455)
4(2182 2471 2472 2183)
4(2454 2455 2472 2471)
4(2167 2184 2473 2456)
4(2183 2472 2473 2184)
4(2455 2456 2473 2472)
4(2168 2185 2474 2457)
4(2184 2473 2474 2185)
4(2456 2457 2474 2473)
4(2169 2186 2475 2458)
4(2185 2474 2475 2186)
4(2457 2458 2475 2474)
4(2170 2187 2476 2459)
4(2186 2475 2476 2187)
4(2458 2459 2476 2475)
4(2171 2188 2477 2460)
4(2187 2476 2477 2188)
4(2459 2460 2477 2476)
4(2172 2189 2478 2461)
4(2188 2477 2478 2189)
4(2460 2461 2478 2477)
4(2189 2478 2479 2190)
4(2461 2462 2479 2478)
4(2175 2192 2481 2464)
4(2191 2480 2481 2192)
4(2463 2464 2481 2480)
4(2176 2193 2482 2465)
4(2192 2481 2482 2193)
4(2464 2465 2482 2481)
4(2177 2194 2483 2466)
4(2193 2482 2483 2194)
4(2465 2466 2483 2482)
4(2178 2195 2484 2467)
4(2194 2483 2484 2195)
4(2466 2467 2484 2483)
4(2179 2196 2485 2468)
4(2195 2484 2485 2196)
4(2467 2468 2485 2484)
4(2180 2197 2486 2469)
4(2196 2485 2486 2197)
4(2468 2469 2486 2485)
4(2181 2198 2487 2470)
4(2197 2486 2487 2198)
4(2469 2470 2487 2486)
4(2182 2199 2488 2471)
4(2198 2487 2488 2199)
4(2470 2471 2488 2487)
4(2183 2200 2489 2472)
4(2199 2488 2489 2200)
4(2471 2472 2489 2488)
4(2184 2201 2490 2473)
4(2200 2489 2490 2201)
4(2472 2473 2490 2489)
4(2185 2202 2491 2474)
4(2201 2490 2491 2202)
4(2473 2474 2491 2490)
4(2186 2203 2492 2475)
4(2202 2491 2492 2203)
4(2474 2475 2492 2491)
4(2187 2204 2493 2476)
4(2203 2492 2493 2204)
4(2475 2476 2493 2492)
4(2188 2205 2494 2477)
4(2204 2493 2494 2205)
4(2476 2477 2494 2493)
4(2189 2206 2495 2478)
4(2205 2494 2495 2206)
4(2477 2478 2495 2494)
4(2206 2495 2496 2207)
4(2478 2479 2496 2495)
4(2192 2209 2498 2481)
4(2208 2497 2498 2209)
4(2480 2481 2498 2497)
4(2193 2210 2499 2482)
4(2209 2498 2499 2210)
4(2481 2482 2499 2498)
4(2194 2211 2500 2483)
4(2210 2499 2500 2211)
4(2482 2483 2500 2499)
4(2195 2212 2501 2484)
4(2211 2500 2501 2212)
4(2483 2484 2501 2500)
4(2196 2213 2502 2485)
4(2212 2501 2502 2213)
4(2484 2485 2502 2501)
4(2197 2214 2503 2486)
4(2213 2502 2503 2214)
4(2485 2486 2503 2502)
4(2198 2215 2504 2487)
4(2214 2503 2504 2215)
4(2486 2487 2504 2503)
4(2199 2216 2505 2488)
4(2215 2504 2505 2216)
4(2487 2488 2505 2504)
4(2200 2217 2506 2489)
4(2216 2505 2506 2217)
4(2488 2489 2506 2505)
4(2201 2218 2507 2490)
4(2217 2506 2507 2218)
4(2489 2490 2507 2506)
4(2202 2219 2508 2491)
4(2218 2507 2508 2219)
4(2490 2491 2508 2507)
4(2203 2220 2509 2492)
4(2219 2508 2509 2220)
4(2491 2492 2509 2508)
4(2204 2221 2510 2493)
4(2220 2509 2510 2221)
4(2492 2493 2510 2509)
4(2205 2222 2511 2494)
4(2221 2510 2511 2222)
4(2493 2494 2511 2510)
4(2206 2223 2512 2495)
4(2222 2511 2512 2223)
4(2494 2495 2512 2511)
4(2223 2512 2513 2224)
4(2495 2496 2513 2512)
4(2209 2226 2515 2498)
4(2225 2514 2515 2226)
4(2497 2498 2515 2514)
4(2210 2227 2516 2499)
4(2226 2515 2516 2227)
4(2498 2499 2516 2515)
4(2211 2228 2517 2500)
4(2227 2516 2517 2228)
4(2499 2500 2517 2516)
4(2212 2229 2518 2501)
4(2228 2517 2518 2229)
4(2500 2501 2518 2517)
4(2213 2230 2519 2502)
4(2229 2518 2519 2230)
4(2501 2502 2519 2518)
4(2214 2231 2520 2503)
4(2230 2519 2520 2231)
4(2502 2503 2520 2519)
4(2215 2232 2521 2504)
4(2231 2520 2521 2232)
4(2503 2504 2521 2520)
4(2216 2233 2522 2505)
4(2232 2521 2522 2233)
4(2504 2505 2522 2521)
4(2217 2234 2523 2506)
4(2233 2522 2523 2234)
4(2505 2506 2523 2522)
4(2218 2235 2524 2507)
4(2234 2523 2524 2235)
4(2506 2507 2524 2523)
4(2219 2236 2525 2508)
4(2235 2524 2525 2236)
4(2507 2508 2525 2524)
4(2220 2237 2526 2509)
4(2236 2525 2526 2237)
4(2508 2509 2526 2525)
4(2221 2238 2527 2510)
4(2237 2526 2527 2238)
4(2509 2510 2527 2526)
4(2222 2239 2528 2511)
4(2238 2527 2528 2239)
4(2510 2511 2528 2527)
4(2223 2240 2529 2512)
4(2239 2528 2529 2240)
4(2511 2512 2529 2528)
4(2240 2529 2530 2241)
4(2512 2513 2530 2529)
4(2226 2243 2532 2515)
4(2242 2531 2532 2243)
4(2514 2515 2532 2531)
4(2227 2244 2533 2516)
4(2243 2532 2533 2244)
4(2515 2516 2533 2532)
4(2228 2245 2534 2517)
4(2244 2533 2534 2245)
4(2516 2517 2534 2533)
4(2229 2246 2535 2518)
4(2245 2534 2535 2246)
4(2517 2518 2535 2534)
4(2230 2247 2536 2519)
4(2246 2535 2536 2247)
4(2518 2519 2536 2535)
4(2231 2248 2537 2520)
4(2247 2536 2537 2248)
4(2519 2520 2537 2536)
4(2232 2249 2538 2521)
4(2248 2537 2538 2249)
4(2520 2521 2538 2537)
4(2233 2250 2539 2522)
4(2249 2538 2539 2250)
4(2521 2522 2539 2538)
4(2234 2251 2540 2523)
4(2250 2539 2540 2251)
4(2522 2523 2540 2539)
4(2235 2252 2541 2524)
4(2251 2540 2541 2252)
4(2523 2524 2541 2540)
4(2236 2253 2542 2525)
4(2252 2541 2542 2253)
4(2524 2525 2542 2541)
4(2237 2254 2543 2526)
4(2253 2542 2543 2254)
4(2525 2526 2543 2542)
4(2238 2255 2544 2527)
4(2254 2543 2544 2255)
4(2526 2527 2544 2543)
4(2239 2256 2545 2528)
4(2255 2544 2545 2256)
4(2527 2528 2545 2544)
4(2240 2257 2546 2529)
4(2256 2545 2546 2257)
4(2528 2529 2546 2545)
4(2257 2546 2547 2258)
4(2529 2530 2547 2546)
4(2243 2260 2549 2532)
4(2531 2532 2549 2548)
4(2244 2261 2550 2533)
4(2532 2533 2550 2549)
4(2245 2262 2551 2534)
4(2533 2534 2551 2550)
4(2246 2263 2552 2535)
4(2534 2535 2552 2551)
4(2247 2264 2553 2536)
4(2535 2536 2553 2552)
4(2248 2265 2554 2537)
4(2536 2537 2554 2553)
4(2249 2266 2555 2538)
4(2537 2538 2555 2554)
4(2250 2267 2556 2539)
4(2538 2539 2556 2555)
4(2251 2268 2557 2540)
4(2539 2540 2557 2556)
4(2252 2269 2558 2541)
4(2540 2541 2558 2557)
4(2253 2270 2559 2542)
4(2541 2542 2559 2558)
4(2254 2271 2560 2543)
4(2542 2543 2560 2559)
4(2255 2272 2561 2544)
4(2543 2544 2561 2560)
4(2256 2273 2562 2545)
4(2544 2545 2562 2561)
4(2257 2274 2563 2546)
4(2545 2546 2563 2562)
4(2546 2547 2564 2563)
4(2277 2294 2583 2566)
4(2293 2582 2583 2294)
4(2565 2566 2583 2582)
4(2278 2295 2584 2567)
4(2294 2583 2584 2295)
4(2566 2567 2584 2583)
4(2279 2296 2585 2568)
4(2295 2584 2585 2296)
4(2567 2568 2585 2584)
4(2280 2297 2586 2569)
4(2296 2585 2586 2297)
4(2568 2569 2586 2585)
4(2281 2298 2587 2570)
4(2297 2586 2587 2298)
4(2569 2570 2587 2586)
4(2282 2299 2588 2571)
4(2298 2587 2588 2299)
4(2570 2571 2588 2587)
4(2283 2300 2589 2572)
4(2299 2588 2589 2300)
4(2571 2572 2589 2588)
4(2284 2301 2590 2573)
4(2300 2589 2590 2301)
4(2572 2573 2590 2589)
4(2285 2302 2591 2574)
4(2301 2590 2591 2302)
4(2573 2574 2591 2590)
4(2286 2303 2592 2575)
4(2302 2591 2592 2303)
4(2574 2575 2592 2591)
4(2287 2304 2593 2576)
4(2303 2592 2593 2304)
4(2575 2576 2593 2592)
4(2288 2305 2594 2577)
4(2304 2593 2594 2305)
4(2576 2577 2594 2593)
4(2289 2306 2595 2578)
4(2305 2594 2595 2306)
4(2577 2578 2595 2594)
4(2290 2307 2596 2579)
4(2306 2595 2596 2307)
4(2578 2579 2596 2595)
4(2291 2308 2597 2580)
4(2307 2596 2597 2308)
4(2579 2580 2597 2596)
4(2308 2597 2598 2309)
4(2580 2581 2598 2597)
4(2294 2311 2600 2583)
4(2310 2599 2600 2311)
4(2582 2583 2600 2599)
4(2295 2312 2601 2584)
4(2311 2600 2601 2312)
4(2583 2584 2601 2600)
4(2296 2313 2602 2585)
4(2312 2601 2602 2313)
4(2584 2585 2602 2601)
4(2297 2314 2603 2586)
4(2313 2602 2603 2314)
4(2585 2586 2603 2602)
4(2298 2315 2604 2587)
4(2314 2603 2604 2315)
4(2586 2587 2604 2603)
4(2299 2316 2605 2588)
4(2315 2604 2605 2316)
4(2587 2588 2605 2604)
4(2300 2317 2606 2589)
4(2316 2605 2606 2317)
4(2588 2589 2606 2605)
4(2301 2318 2607 2590)
4(2317 2606 2607 2318)
4(2589 2590 2607 2606)
4(2302 2319 2608 2591)
4(2318 2607 2608 2319)
4(2590 2591 2608 2607)
4(2303 2320 2609 2592)
4(2319 2608 2609 2320)
4(2591 2592 2609 2608)
4(2304 2321 2610 2593)
4(2320 2609 2610 2321)
4(2592 2593 2610 2609)
4(2305 2322 2611 2594)
4(2321 2610 2611 2322)
4(2593 2594 2611 2610)
4(2306 2323 2612 2595)
4(2322 2611 2612 2323)
4(2594 2595 2612 2611)
4(2307 2324 2613 2596)
4(2323 2612 2613 2324)
4(2595 2596 2613 2612)
4(2308 2325 2614 2597)
4(2324 2613 2614 2325)
4(2596 2597 2614 2613)
4(2325 2614 2615 2326)
4(2597 2598 2615 2614)
4(2311 2328 2617 2600)
4(2327 2616 2617 2328)
4(2599 2600 2617 2616)
4(2312 2329 2618 2601)
4(2328 2617 2618 2329)
4(2600 2601 2618 2617)
4(2313 2330 2619 2602)
4(2329 2618 2619 2330)
4(2601 2602 2619 2618)
4(2314 2331 2620 2603)
4(2330 2619 2620 2331)
4(2602 2603 2620 2619)
4(2315 2332 2621 2604)
4(2331 2620 2621 2332)
4(2603 2604 2621 2620)
4(2316 2333 2622 2605)
4(2332 2621 2622 2333)
4(2604 2605 2622 2621)
4(2317 2334 2623 2606)
4(2333 2622 2623 2334)
4(2605 2606 2623 2622)
4(2318 2335 2624 2607)
4(2334 2623 2624 2335)
4(2606 2607 2624 2623)
4(2319 2336 2625 2608)
4(2335 2624 2625 2336)
4(2607 2608 2625 2624)
4(2320 2337 2626 2609)
4(2336 2625 2626 2337)
4(2608 2609 2626 2625)
4(2321 2338 2627 2610)
4(2337 2626 2627 2338)
4(2609 2610 2627 2626)
4(2322 2339 2628 2611)
4(2338 2627 2628 2339)
4(2610 2611 2628 2627)
4(2323 2340 2629 2612)
4(2339 2628 2629 2340)
4(2611 2612 2629 2628)
4(2324 2341 2630 2613)
4(2340 2629 2630 2341)
4(2612 2613 2630 2629)
4(2325 2342 2631 2614)
4(2341 2630 2631 2342)
4(2613 2614 2631 2630)
4(2342 2631 2632 2343)
4(2614 2615 2632 2631)
4(2328 2345 2634 2617)
4(2344 2633 2634 2345)
4(2616 2617 2634 2633)
4(2329 2346 2635 2618)
4(2345 2634 2635 2346)
4(2617 2618 2635 2634)
4(2330 2347 2636 2619)
4(2346 2635 2636 2347)
4(2618 2619 2636 2635)
4(2331 2348 2637 2620)
4(2347 2636 2637 2348)
4(2619 2620 2637 2636)
4(2332 2349 2638 2621)
4(2348 2637 2638 2349)
4(2620 2621 2638 2637)
4(2333 2350 2639 2622)
4(2349 2638 2639 2350)
4(2621 2622 2639 2638)
4(2334 2351 2640 2623)
4(2350 2639 2640 2351)
4(2622 2623 2640 2639)
4(2335 2352 2641 2624)
4(2351 2640 2641 2352)
4(2623 2624 2641 2640)
4(2336 2353 2642 2625)
4(2352 2641 2642 2353)
4(2624 2625 2642 2641)
4(2337 2354 2643 2626)
4(2353 2642 2643 2354)
4(2625 2626 2643 2642)
4(2338 2355 2644 2627)
4(2354 2643 2644 2355)
4(2626 2627 2644 2643)
4(2339 2356 2645 2628)
4(2355 2644 2645 2356)
4(2627 2628 2645 2644)
4(2340 2357 2646 2629)
4(2356 2645 2646 2357)
4(2628 2629 2646 2645)
4(2341 2358 2647 2630)
4(2357 2646 2647 2358)
4(2629 2630 2647 2646)
4(2342 2359 2648 2631)
4(2358 2647 2648 2359)
4(2630 2631 2648 2647)
4(2359 2648 2649 2360)
4(2631 2632 2649 2648)
4(2345 2362 2651 2634)
4(2361 2650 2651 2362)
4(2633 2634 2651 2650)
4(2346 2363 2652 2635)
4(2362 2651 2652 2363)
4(2634 2635 2652 2651)
4(2347 2364 2653 2636)
4(2363 2652 2653 2364)
4(2635 2636 2653 2652)
4(2348 2365 2654 2637)
4(2364 2653 2654 2365)
4(2636 2637 2654 2653)
4(2349 2366 2655 2638)
4(2365 2654 2655 2366)
4(2637 2638 2655 2654)
4(2350 2367 2656 2639)
4(2366 2655 2656 2367)
4(2638 2639 2656 2655)
4(2351 2368 2657 2640)
4(2367 2656 2657 2368)
4(2639 2640 2657 2656)
4(2352 2369 2658 2641)
4(2368 2657 2658 2369)
4(2640 2641 2658 2657)
4(2353 2370 2659 2642)
4(2369 2658 2659 2370)
4(2641 2642 2659 2658)
4(2354 2371 2660 2643)
4(2370 2659 2660 2371)
4(2642 2643 2660 2659)
4(2355 2372 2661 2644)
4(2371 2660 2661 2372)
4(2643 2644 2661 2660)
4(2356 2373 2662 2645)
4(2372 2661 2662 2373)
4(2644 2645 2662 2661)
4(2357 2374 2663 2646)
4(2373 2662 2663 2374)
4(2645 2646 2663 2662)
4(2358 2375 2664 2647)
4(2374 2663 2664 2375)
4(2646 2647 2664 2663)
4(2359 2376 2665 2648)
4(2375 2664 2665 2376)
4(2647 2648 2665 2664)
4(2376 2665 2666 2377)
4(2648 2649 2666 2665)
4(2362 2379 2668 2651)
4(2378 2667 2668 2379)
4(2650 2651 2668 2667)
4(2363 2380 2669 2652)
4(2379 2668 2669 2380)
4(2651 2652 2669 2668)
4(2364 2381 2670 2653)
4(2380 2669 2670 2381)
4(2652 2653 2670 2669)
4(2365 2382 2671 2654)
4(2381 2670 2671 2382)
4(2653 2654 2671 2670)
4(2366 2383 2672 2655)
4(2382 2671 2672 2383)
4(2654 2655 2672 2671)
4(2367 2384 2673 2656)
4(2383 2672 2673 2384)
4(2655 2656 2673 2672)
4(2368 2385 2674 2657)
4(2384 2673 2674 2385)
4(2656 2657 2674 2673)
4(2369 2386 2675 2658)
4(2385 2674 2675 2386)
4(2657 2658 2675 2674)
4(2370 2387 2676 2659)
4(2386 2675 2676 2387)
4(2658 2659 2676 2675)
4(2371 2388 2677 2660)
4(2387 2676 2677 2388)
4(2659 2660 2677 2676)
4(2372 2389 2678 2661)
4(2388 2677 2678 2389)
4(2660 2661 2678 2677)
4(2373 2390 2679 2662)
4(2389 2678 2679 2390)
4(2661 2662 2679 2678)
4(2374 2391 2680 2663)
4(2390 2679 2680 2391)
4(2662 2663 2680 2679)
4(2375 2392 2681 2664)
4(2391 2680 2681 2392)
4(2663 2664 2681 2680)
4(2376 2393 2682 2665)
4(2392 2681 2682 2393)
4(2664 2665 2682 2681)
4(2393 2682 2683 2394)
4(2665 2666 2683 2682)
4(2379 2396 2685 2668)
4(2395 2684 2685 2396)
4(2667 2668 2685 2684)
4(2380 2397 2686 2669)
4(2396 2685 2686 2397)
4(2668 2669 2686 2685)
4(2381 2398 2687 2670)
4(2397 2686 2687 2398)
4(2669 2670 2687 2686)
4(2382 2399 2688 2671)
4(2398 2687 2688 2399)
4(2670 2671 2688 2687)
4(2383 2400 2689 2672)
4(2399 2688 2689 2400)
4(2671 2672 2689 2688)
4(2384 2401 2690 2673)
4(2400 2689 2690 2401)
4(2672 2673 2690 2689)
4(2385 2402 2691 2674)
4(2401 2690 2691 2402)
4(2673 2674 2691 2690)
4(2386 2403 2692 2675)
4(2402 2691 2692 2403)
4(2674 2675 2692 2691)
4(2387 2404 2693 2676)
4(2403 2692 2693 2404)
4(2675 2676 2693 2692)
4(2388 2405 2694 2677)
4(2404 2693 2694 2405)
4(2676 2677 2694 2693)
4(2389 2406 2695 2678)
4(2405 2694 2695 2406)
4(2677 2678 2695 2694)
4(2390 2407 2696 2679)
4(2406 2695 2696 2407)
4(2678 2679 2696 2695)
4(2391 2408 2697 2680)
4(2407 2696 2697 2408)
4(2679 2680 2697 2696)
4(2392 2409 2698 2681)
4(2408 2697 2698 2409)
4(2680 2681 2698 2697)
4(2393 2410 2699 2682)
4(2409 2698 2699 2410)
4(2681 2682 2699 2698)
4(2410 2699 2700 2411)
4(2682 2683 2700 2699)
4(2396 2413 2702 2685)
4(2412 2701 2702 2413)
4(2684 2685 2702 2701)
4(2397 2414 2703 2686)
4(2413 2702 2703 2414)
4(2685 2686 2703 2702)
4(2398 2415 2704 2687)
4(2414 2703 2704 2415)
4(2686 2687 2704 2703)
4(2399 2416 2705 2688)
4(2415 2704 2705 2416)
4(2687 2688 2705 2704)
4(2400 2417 2706 2689)
4(2416 2705 2706 2417)
4(2688 2689 2706 2705)
4(2401 2418 2707 2690)
4(2417 2706 2707 2418)
4(2689 2690 2707 2706)
4(2402 2419 2708 2691)
4(2418 2707 2708 2419)
4(2690 2691 2708 2707)
4(2403 2420 2709 2692)
4(2419 2708 2709 2420)
4(2691 2692 2709 2708)
4(2404 2421 2710 2693)
4(2420 2709 2710 2421)
4(2692 2693 2710 2709)
4(2405 2422 2711 2694)
4(2421 2710 2711 2422)
4(2693 2694 2711 2710)
4(2406 2423 2712 2695)
4(2422 2711 2712 2423)
4(2694 2695 2712 2711)
4(2407 2424 2713 2696)
4(2423 2712 2713 2424)
4(2695 2696 2713 2712)
4(2408 2425 2714 2697)
4(2424 2713 2714 2425)
4(2696 2697 2714 2713)
4(2409 2426 2715 2698)
4(2425 2714 2715 2426)
4(2697 2698 2715 2714)
4(2410 2427 2716 2699)
4(2426 2715 2716 2427)
4(2698 2699 2716 2715)
4(2427 2716 2717 2428)
4(2699 2700 2717 2716)
4(2413 2430 2719 2702)
4(2429 2718 2719 2430)
4(2701 2702 2719 2718)
4(2414 2431 2720 2703)
4(2430 2719 2720 2431)
4(2702 2703 2720 2719)
4(2415 2432 2721 2704)
4(2431 2720 2721 2432)
4(2703 2704 2721 2720)
4(2416 2433 2722 2705)
4(2432 2721 2722 2433)
4(2704 2705 2722 2721)
4(2417 2434 2723 2706)
4(2433 2722 2723 2434)
4(2705 2706 2723 2722)
4(2418 2435 2724 2707)
4(2434 2723 2724 2435)
4(2706 2707 2724 2723)
4(2419 2436 2725 2708)
4(2435 2724 2725 2436)
4(2707 2708 2725 2724)
4(2420 2437 2726 2709)
4(2436 2725 2726 2437)
4(2708 2709 2726 2725)
4(2421 2438 2727 2710)
4(2437 2726 2727 2438)
4(2709 2710 2727 2726)
4(2422 2439 2728 2711)
4(2438 2727 2728 2439)
4(2710 2711 2728 2727)
4(2423 2440 2729 2712)
4(2439 2728 2729 2440)
4(2711 2712 2729 2728)
4(2424 2441 2730 2713)
4(2440 2729 2730 2441)
4(2712 2713 2730 2729)
4(2425 2442 2731 2714)
4(2441 2730 2731 2442)
4(2713 2714 2731 2730)
4(2426 2443 2732 2715)
4(2442 2731 2732 2443)
4(2714 2715 2732 2731)
4(2427 2444 2733 2716)
4(2443 2732 2733 2444)
4(2715 2716 2733 2732)
4(2444 2733 2734 2445)
4(2716 2717 2734 2733)
4(2430 2447 2736 2719)
4(2446 2735 2736 2447)
4(2718 2719 2736 2735)
4(2431 2448 2737 2720)
4(2447 2736 2737 2448)
4(2719 2720 2737 2736)
4(2432 2449 2738 2721)
4(2448 2737 2738 2449)
4(2720 2721 2738 2737)
4(2433 2450 2739 2722)
4(2449 2738 2739 2450)
4(2721 2722 2739 2738)
4(2434 2451 2740 2723)
4(2450 2739 2740 2451)
4(2722 2723 2740 2739)
4(2435 2452 2741 2724)
4(2451 2740 2741 2452)
4(2723 2724 2741 2740)
4(2436 2453 2742 2725)
4(2452 2741 2742 2453)
4(2724 2725 2742 2741)
4(2437 2454 2743 2726)
4(2453 2742 2743 2454)
4(2725 2726 2743 2742)
4(2438 2455 2744 2727)
4(2454 2743 2744 2455)
4(2726 2727 2744 2743)
4(2439 2456 2745 2728)
4(2455 2744 2745 2456)
4(2727 2728 2745 2744)
4(2440 2457 2746 2729)
4(2456 2745 2746 2457)
4(2728 2729 2746 2745)
4(2441 2458 2747 2730)
4(2457 2746 2747 2458)
4(2729 2730 2747 2746)
4(2442 2459 2748 2731)
4(2458 2747 2748 2459)
4(2730 2731 2748 2747)
4(2443 2460 2749 2732)
4(2459 2748 2749 2460)
4(2731 2732 2749 2748)
4(2444 2461 2750 2733)
4(2460 2749 2750 2461)
4(2732 2733 2750 2749)
4(2461 2750 2751 2462)
4(2733 2734 2751 2750)
4(2447 2464 2753 2736)
4(2463 2752 2753 2464)
4(2735 2736 2753 2752)
4(2448 2465 2754 2737)
4(2464 2753 2754 2465)
4(2736 2737 2754 2753)
4(2449 2466 2755 2738)
4(2465 2754 2755 2466)
4(2737 2738 2755 2754)
4(2450 2467 2756 2739)
4(2466 2755 2756 2467)
4(2738 2739 2756 2755)
4(2451 2468 2757 2740)
4(2467 2756 2757 2468)
4(2739 2740 2757 2756)
4(2452 2469 2758 2741)
4(2468 2757 2758 2469)
4(2740 2741 2758 2757)
4(2453 2470 2759 2742)
4(2469 2758 2759 2470)
4(2741 2742 2759 2758)
4(2454 2471 2760 2743)
4(2470 2759 2760 2471)
4(2742 2743 2760 2759)
4(2455 2472 2761 2744)
4(2471 2760 2761 2472)
4(2743 2744 2761 2760)
4(2456 2473 2762 2745)
4(2472 2761 2762 2473)
4(2744 2745 2762 2761)
4(2457 2474 2763 2746)
4(2473 2762 2763 2474)
4(2745 2746 2763 2762)
4(2458 2475 2764 2747)
4(2474 2763 2764 2475)
4(2746 2747 2764 2763)
4(2459 2476 2765 2748)
4(2475 2764 2765 2476)
4(2747 2748 2765 2764)
4(2460 2477 2766 2749)
4(2476 2765 2766 2477)
4(2748 2749 2766 2765)
4(2461 2478 2767 2750)
4(2477 2766 2767 2478)
4(2749 2750 2767 2766)
4(2478 2767 2768 2479)
4(2750 2751 2768 2767)
4(2464 2481 2770 2753)
4(2480 2769 2770 2481)
4(2752 2753 2770 2769)
4(2465 2482 2771 2754)
4(2481 2770 2771 2482)
4(2753 2754 2771 2770)
4(2466 2483 2772 2755)
4(2482 2771 2772 2483)
4(2754 2755 2772 2771)
4(2467 2484 2773 2756)
4(2483 2772 2773 2484)
4(2755 2756 2773 2772)
4(2468 2485 2774 2757)
4(2484 2773 2774 2485)
4(2756 2757 2774 2773)
4(2469 2486 2775 2758)
4(2485 2774 2775 2486)
4(2757 2758 2775 2774)
4(2470 2487 2776 2759)
4(2486 2775 2776 2487)
4(2758 2759 2776 2775)
4(2471 2488 2777 2760)
4(2487 2776 2777 2488)
4(2759 2760 2777 2776)
4(2472 2489 2778 2761)
4(2488 2777 2778 2489)
4(2760 2761 2778 2777)
4(2473 2490 2779 2762)
4(2489 2778 2779 2490)
4(2761 2762 2779 2778)
4(2474 2491 2780 2763)
4(2490 2779 2780 2491)
4(2762 2763 2780 2779)
4(2475 2492 2781 2764)
4(2491 2780 2781 2492)
4(2763 2764 2781 2780)
4(2476 2493 2782 2765)
4(2492 2781 2782 2493)
4(2764 2765 2782 2781)
4(2477 2494 2783 2766)
4(2493 2782 2783 2494)
4(2765 2766 2783 2782)
4(2478 2495 2784 2767)
4(2494 2783 2784 2495)
4(2766 2767 2784 2783)
4(2495 2784 2785 2496)
4(2767 2768 2785 2784)
4(2481 2498 2787 2770)
4(2497 2786 2787 2498)
4(2769 2770 2787 2786)
4(2482 2499 2788 2771)
4(2498 2787 2788 2499)
4(2770 2771 2788 2787)
4(2483 2500 2789 2772)
4(2499 2788 2789 2500)
4(2771 2772 2789 2788)
4(2484 2501 2790 2773)
4(2500 2789 2790 2501)
4(2772 2773 2790 2789)
4(2485 2502 2791 2774)
4(2501 2790 2791 2502)
4(2773 2774 2791 2790)
4(2486 2503 2792 2775)
4(2502 2791 2792 2503)
4(2774 2775 2792 2791)
4(2487 2504 2793 2776)
4(2503 2792 2793 2504)
4(2775 2776 2793 2792)
4(2488 2505 2794 2777)
4(2504 2793 2794 2505)
4(2776 2777 2794 2793)
4(2489 2506 2795 2778)
4(2505 2794 2795 2506)
4(2777 2778 2795 2794)
4(2490 2507 2796 2779)
4(2506 2795 2796 2507)
4(2778 2779 2796 2795)
4(2491 2508 2797 2780)
4(2507 2796 2797 2508)
4(2779 2780 2797 2796)
4(2492 2509 2798 2781)
4(2508 2797 2798 2509)
4(2780 2781 2798 2797)
4(2493 2510 2799 2782)
4(2509 2798 2799 2510)
4(2781 2782 2799 2798)
4(2494 2511 2800 2783)
4(2510 2799 2800 2511)
4(2782 2783 2800 2799)
4(2495 2512 2801 2784)
4(2511 2800 2801 2512)
4(2783 2784 2801 2800)
4(2512 2801 2802 2513)
4(2784 2785 2802 2801)
4(2498 2515 2804 2787)
4(2514 2803 2804 2515)
4(2786 2787 2804 2803)
4(2499 2516 2805 2788)
4(2515 2804 2805 2516)
4(2787 2788 2805 2804)
4(2500 2517 2806 2789)
4(2516 2805 2806 2517)
4(2788 2789 2806 2805)
4(2501 2518 2807 2790)
4(2517 2806 2807 2518)
4(2789 2790 2807 2806)
4(2502 2519 2808 2791)
4(2518 2807 2808 2519)
4(2790 2791 2808 2807)
4(2503 2520 2809 2792)
4(2519 2808 2809 2520)
4(2791 2792 2809 2808)
4(2504 2521 2810 2793)
4(2520 2809 2810 2521)
4(2792 2793 2810 2809)
4(2505 2522 2811 2794)
4(2521 2810 2811 2522)
4(2793 2794 2811 2810)
4(2506 2523 2812 2795)
4(2522 2811 2812 2523)
4(2794 2795 2812 2811)
4(2507 2524 2813 2796)
4(2523 2812 2813 2524)
4(2795 2796 2813 2812)
4(2508 2525 2814 2797)
4(2524 2813 2814 2525)
4(2796 2797 2814 2813)
4(2509 2526 2815 2798)
4(2525 2814 2815 2526)
4(2797 2798 2815 2814)
4(2510 2527 2816 2799)
4(2526 2815 2816 2527)
4(2798 2799 2816 2815)
4(2511 2528 2817 2800)
4(2527 2816 2817 2528)
4(2799 2800 2817 2816)
4(2512 2529 2818 2801)
4(2528 2817 2818 2529)
4(2800 2801 2818 2817)
4(2529 2818 2819 2530)
4(2801 2802 2819 2818)
4(2515 2532 2821 2804)
4(2531 2820 2821 2532)
4(2803 2804 2821 2820)
4(2516 2533 2822 2805)
4(2532 2821 2822 2533)
4(2804 2805 2822 2821)
4(2517 2534 2823 2806)
4(2533 2822 2823 2534)
4(2805 2806 2823 2822)
4(2518 2535 2824 2807)
4(2534 2823 2824 2535)
4(2806 2807 2824 2823)
4(2519 2536 2825 2808)
4(2535 2824 2825 2536)
4(2807 2808 2825 2824)
4(2520 2537 2826 2809)
4(2536 2825 2826 2537)
4(2808 2809 2826 2825)
4(2521 2538 2827 2810)
4(2537 2826 2827 2538)
4(2809 2810 2827 2826)
4(2522 2539 2828 2811)
4(2538 2827 2828 2539)
4(2810 2811 2828 2827)
4(2523 2540 2829 2812)
4(2539 2828 2829 2540)
4(2811 2812 2829 2828)
4(2524 2541 2830 2813)
4(2540 2829 2830 2541)
4(2812 2813 2830 2829)
4(2525 2542 2831 2814)
4(2541 2830 2831 2542)
4(2813 2814 2831 2830)
4(2526 2543 2832 2815)
4(2542 2831 2832 2543)
4(2814 2815 2832 2831)
4(2527 2544 2833 2816)
4(2543 2832 2833 2544)
4(2815 2816 2833 2832)
4(2528 2545 2834 2817)
4(2544 2833 2834 2545)
4(2816 2817 2834 2833)
4(2529 2546 2835 2818)
4(2545 2834 2835 2546)
4(2817 2818 2835 2834)
4(2546 2835 2836 2547)
4(2818 2819 2836 2835)
4(2532 2549 2838 2821)
4(2820 2821 2838 2837)
4(2533 2550 2839 2822)
4(2821 2822 2839 2838)
4(2534 2551 2840 2823)
4(2822 2823 2840 2839)
4(2535 2552 2841 2824)
4(2823 2824 2841 2840)
4(2536 2553 2842 2825)
4(2824 2825 2842 2841)
4(2537 2554 2843 2826)
4(2825 2826 2843 2842)
4(2538 2555 2844 2827)
4(2826 2827 2844 2843)
4(2539 2556 2845 2828)
4(2827 2828 2845 2844)
4(2540 2557 2846 2829)
4(2828 2829 2846 2845)
4(2541 2558 2847 2830)
4(2829 2830 2847 2846)
4(2542 2559 2848 2831)
4(2830 2831 2848 2847)
4(2543 2560 2849 2832)
4(2831 2832 2849 2848)
4(2544 2561 2850 2833)
4(2832 2833 2850 2849)
4(2545 2562 2851 2834)
4(2833 2834 2851 2850)
4(2546 2563 2852 2835)
4(2834 2835 2852 2851)
4(2835 2836 2853 2852)
4(2566 2583 2872 2855)
4(2582 2871 2872 2583)
4(2854 2855 2872 2871)
4(2567 2584 2873 2856)
4(2583 2872 2873 2584)
4(2855 2856 2873 2872)
4(2568 2585 2874 2857)
4(2584 2873 2874 2585)
4(2856 2857 2874 2873)
4(2569 2586 2875 2858)
4(2585 2874 2875 2586)
4(2857 2858 2875 2874)
4(2570 2587 2876 2859)
4(2586 2875 2876 2587)
4(2858 2859 2876 2875)
4(2571 2588 2877 2860)
4(2587 2876 2877 2588)
4(2859 2860 2877 2876)
4(2572 2589 2878 2861)
4(2588 2877 2878 2589)
4(2860 2861 2878 2877)
4(2573 2590 2879 2862)
4(2589 2878 2879 2590)
4(2861 2862 2879 2878)
4(2574 2591 2880 2863)
4(2590 2879 2880 2591)
4(2862 2863 2880 2879)
4(2575 2592 2881 2864)
4(2591 2880 2881 2592)
4(2863 2864 2881 2880)
4(2576 2593 2882 2865)
4(2592 2881 2882 2593)
4(2864 2865 2882 2881)
4(2577 2594 2883 2866)
4(2593 2882 2883 2594)
4(2865 2866 2883 2882)
4(2578 2595 2884 2867)
4(2594 2883 2884 2595)
4(2866 2867 2884 2883)
4(2579 2596 2885 2868)
4(2595 2884 2885 2596)
4(2867 2868 2885 2884)
4(2580 2597 2886 2869)
4(2596 2885 2886 2597)
4(2868 2869 2886 2885)
4(2597 2886 2887 2598)
4(2869 2870 2887 2886)
4(2583 2600 2889 2872)
4(2599 2888 2889 2600)
4(2871 2872 2889 2888)
4(2584 2601 2890 2873)
4(2600 2889 2890 2601)
4(2872 2873 2890 2889)
4(2585 2602 2891 2874)
4(2601 2890 2891 2602)
4(2873 2874 2891 2890)
4(2586 2603 2892 2875)
4(2602 2891 2892 2603)
4(2874 2875 2892 2891)
4(2587 2604 2893 2876)
4(2603 2892 2893 2604)
4(2875 2876 2893 2892)
4(2588 2605 2894 2877)
4(2604 2893 2894 2605)
4(2876 2877 2894 2893)
4(2589 2606 2895 2878)
4(2605 2894 2895 2606)
4(2877 2878 2895 2894)
4(2590 2607 2896 2879)
4(2606 2895 2896 2607)
4(2878 2879 2896 2895)
4(2591 2608 2897 2880)
4(2607 2896 2897 2608)
4(2879 2880 2897 2896)
4(2592 2609 2898 2881)
4(2608 2897 2898 2609)
4(2880 2881 2898 2897)
4(2593 2610 2899 2882)
4(2609 2898 2899 2610)
4(2881 2882 2899 2898)
4(2594 2611 2900 2883)
4(2610 2899 2900 2611)
4(2882 2883 2900 2899)
4(2595 2612 2901 2884)
4(2611 2900 2901 2612)
4(2883 2884 2901 2900)
4(2596 2613 2902 2885)
4(2612 2901 2902 2613)
4(2884 2885 2902 2901)
4(2597 2614 2903 2886)
4(2613 2902 2903 2614)
4(2885 2886 2903 2902)
4(2614 2903 2904 2615)
4(2886 2887 2904 2903)
4(2600 2617 2906 2889)
4(2616 2905 2906 2617)
4(2888 2889 2906 2905)
4(2601 2618 2907 2890)
4(2617 2906 2907 2618)
4(2889 2890 2907 2906)
4(2602 2619 2908 2891)
4(2618 2907 2908 2619)
4(2890 2891 2908 2907)
4(2603 2620 2909 2892)
4(2619 2908 2909 2620)
4(2891 2892 2909 2908)
4(2604 2621 2910 2893)
4(2620 2909 2910 2621)
4(2892 2893 2910 2909)
4(2605 2622 2911 2894)
4(2621 2910 2911 2622)
4(2893 2894 2911 2910)
4(2606 2623 2912 2895)
4(2622 2911 2912 2623)
4(2894 2895 2912 2911)
4(2607 2624 2913 2896)
4(2623 2912 2913 2624)
4(2895 2896 2913 2912)
4(2608 2625 2914 2897)
4(2624 2913 2914 2625)
4(2896 2897 2914 2913)
4(2609 2626 2915 2898)
4(2625 2914 2915 2626)
4(2897 2898 2915 2914)
4(2610 2627 2916 2899)
4(2626 2915 2916 2627)
4(2898 2899 2916 2915)
4(2611 2628 2917 2900)
4(2627 2916 2917 2628)
4(2899 2900 2917 2916)
4(2612 2629 2918 2901)
4(2628 2917 2918 2629)
4(2900 2901 2918 2917)
4(2613 2630 2919 2902)
4(2629 2918 2919 2630)
4(2901 2902 2919 2918)
4(2614 2631 2920 2903)
4(2630 2919 2920 2631)
4(2902 2903 2920 2919)
4(2631 2920 2921 2632)
4(2903 2904 2921 2920)
4(2617 2634 2923 2906)
4(2633 2922 2923 2634)
4(2905 2906 2923 2922)
4(2618 2635 2924 2907)
4(2634 2923 2924 2635)
4(2906 2907 2924 2923)
4(2619 2636 2925 2908)
4(2635 2924 2925 2636)
4(2907 2908 2925 2924)
4(2620 2637 2926 2909)
4(2636 2925 2926 2637)
4(2908 2909 2926 2925)
4(2621 2638 2927 2910)
4(2637 2926 2927 2638)
4(2909 2910 2927 2926)
4(2622 2639 2928 2911)
4(2638 2927 2928 2639)
4(2910 2911 2928 2927)
4(2623 2640 2929 2912)
4(2639 2928 2929 2640)
4(2911 2912 2929 2928)
4(2624 2641 2930 2913)
4(2640 2929 2930 2641)
4(2912 2913 2930 2929)
4(2625 2642 2931 2914)
4(2641 2930 2931 2642)
4(2913 2914 2931 2930)
4(2626 2643 2932 2915)
4(2642 2931 2932 2643)
4(2914 2915 2932 2931)
4(2627 2644 2933 2916)
4(2643 2932 2933 2644)
4(2915 2916 2933 2932)
4(2628 2645 2934 2917)
4(2644 2933 2934 2645)
4(2916 2917 2934 2933)
4(2629 2646 2935 2918)
4(2645 2934 2935 2646)
4(2917 2918 2935 2934)
4(2630 2647 2936 2919)
4(2646 2935 2936 2647)
4(2918 2919 2936 2935)
4(2631 2648 2937 2920)
4(2647 2936 2937 2648)
4(2919 2920 2937 2936)
4(2648 2937 2938 2649)
4(2920 2921 2938 2937)
4(2634 2651 2940 2923)
4(2650 2939 2940 2651)
4(2922 2923 2940 2939)
4(2635 2652 2941 2924)
4(2651 2940 2941 2652)
4(2923 2924 2941 2940)
4(2636 2653 2942 2925)
4(2652 2941 2942 2653)
4(2924 2925 2942 2941)
4(2637 2654 2943 2926)
4(2653 2942 2943 2654)
4(2925 2926 2943 2942)
4(2638 2655 2944 2927)
4(2654 2943 2944 2655)
4(2926 2927 2944 2943)
4(2639 2656 2945 2928)
4(2655 2944 2945 2656)
4(2927 2928 2945 2944)
4(2640 2657 2946 2929)
4(2656 2945 2946 2657)
4(2928 2929 2946 2945)
4(2641 2658 2947 2930)
4(2657 2946 2947 2658)
4(2929 2930 2947 2946)
4(2642 2659 2948 2931)
4(2658 2947 2948 2659)
4(2930 2931 2948 2947)
4(2643 2660 2949 2932)
4(2659 2948 2949 2660)
4(2931 2932 2949 2948)
4(2644 2661 2950 2933)
4(2660 2949 2950 2661)
4(2932 2933 2950 2949)
4(2645 2662 2951 2934)
4(2661 2950 2951 2662)
4(2933 2934 2951 2950)
4(2646 2663 2952 2935)
4(2662 2951 2952 2663)
4(2934 2935 2952 2951)
4(2647 2664 2953 2936)
4(2663 2952 2953 2664)
4(2935 2936 2953 2952)
4(2648 2665 2954 2937)
4(2664 2953 2954 2665)
4(2936 2937 2954 2953)
4(2665 2954 2955 2666)
4(2937 2938 2955 2954)
4(2651 2668 2957 2940)
4(2667 2956 2957 2668)
4(2939 2940 2957 2956)
4(2652 2669 2958 2941)
4(2668 2957 2958 2669)
4(2940 2941 2958 2957)
4(2653 2670 2959 2942)
4(2669 2958 2959 2670)
4(2941 2942 2959 2958)
4(2654 2671 2960 2943)
4(2670 2959 2960 2671)
4(2942 2943 2960 2959)
4(2655 2672 2961 2944)
4(2671 2960 2961 2672)
4(2943 2944 2961 2960)
4(2656 2673 2962 2945)
4(2672 2961 2962 2673)
4(2944 2945 2962 2961)
4(2657 2674 2963 2946)
4(2673 2962 2963 2674)
4(2945 2946 2963 2962)
4(2658 2675 2964 2947)
4(2674 2963 2964 2675)
4(2946 2947 2964 2963)
4(2659 2676 2965 2948)
4(2675 2964 2965 2676)
4(2947 2948 2965 2964)
4(2660 2677 2966 2949)
4(2676 2965 2966 2677)
4(2948 2949 2966 2965)
4(2661 2678 2967 2950)
4(2677 2966 2967 2678)
4(2949 2950 2967 2966)
4(2662 2679 2968 2951)
4(2678 2967 2968 2679)
4(2950 2951 2968 2967)
4(2663 2680 2969 2952)
4(2679 2968 2969 2680)
4(2951 2952 2969 2968)
4(2664 2681 2970 2953)
4(2680 2969 2970 2681)
4(2952 2953 2970 2969)
4(2665 2682 2971 2954)
4(2681 2970 2971 2682)
4(2953 2954 2971 2970)
4(2682 2971 2972 2683)
4(2954 2955 2972 2971)
4(2668 2685 2974 2957)
4(2684 2973 2974 2685)
4(2956 2957 2974 2973)
4(2669 2686 2975 2958)
4(2685 2974 2975 2686)
4(2957 2958 2975 2974)
4(2670 2687 2976 2959)
4(2686 2975 2976 2687)
4(2958 2959 2976 2975)
4(2671 2688 2977 2960)
4(2687 2976 2977 2688)
4(2959 2960 2977 2976)
4(2672 2689 2978 2961)
4(2688 2977 2978 2689)
4(2960 2961 2978 2977)
4(2673 2690 2979 2962)
4(2689 2978 2979 2690)
4(2961 2962 2979 2978)
4(2674 2691 2980 2963)
4(2690 2979 2980 2691)
4(2962 2963 2980 2979)
4(2675 2692 2981 2964)
4(2691 2980 2981 2692)
4(2963 2964 2981 2980)
4(2676 2693 2982 2965)
4(2692 2981 2982 2693)
4(2964 2965 2982 2981)
4(2677 2694 2983 2966)
4(2693 2982 2983 2694)
4(2965 2966 2983 2982)
4(2678 2695 2984 2967)
4(2694 2983 2984 2695)
4(2966 2967 2984 2983)
4(2679 2696 2985 2968)
4(2695 2984 2985 2696)
4(2967 2968 2985 2984)
4(2680 2697 2986 2969)
4(2696 2985 2986 2697)
4(2968 2969 2986 2985)
4(2681 2698 2987 2970)
4(2697 2986 2987 2698)
4(2969 2970 2987 2986)
4(2682 2699 2988 2971)
4(2698 2987 2988 2699)
4(2970 2971 2988 2987)
4(2699 2988 2989 2700)
4(2971 2972 2989 2988)
4(2685 2702 2991 2974)
4(2701 2990 2991 2702)
4(2973 2974 2991 2990)
4(2686 2703 2992 2975)
4(2702 2991 2992 2703)
4(2974 2975 2992 2991)
4(2687 2704 2993 2976)
4(2703 2992 2993 2704)
4(2975 2976 2993 2992)
4(2688 2705 2994 2977)
4(2704 2993 2994 2705)
4(2976 2977 2994 2993)
4(2689 2706 2995 2978)
4(2705 2994 2995 2706)
4(2977 2978 2995 2994)
4(2690 2707 2996 2979)
4(2706 2995 2996 2707)
4(2978 2979 2996 2995)
4(2691 2708 2997 2980)
4(2707 2996 2997 2708)
4(2979 2980 2997 2996)
4(2692 2709 2998 2981)
4(2708 2997 2998 2709)
4(2980 2981 2998 2997)
4(2693 2710 2999 2982)
4(2709 2998 2999 2710)
4(2981 2982 2999 2998)
4(2694 2711 3000 2983)
4(2710 2999 3000 2711)
4(2982 2983 3000 2999)
4(2695 2712 3001 2984)
4(2711 3000 3001 2712)
4(2983 2984 3001 3000)
4(2696 2713 3002 2985)
4(2712 3001 3002 2713)
4(2984 2985 3002 3001)
4(2697 2714 3003 2986)
4(2713 3002 3003 2714)
4(2985 2986 3003 3002)
4(2698 2715 3004 2987)
4(2714 3003 3004 2715)
4(2986 2987 3004 3003)
4(2699 2716 3005 2988)
4(2715 3004 3005 2716)
4(2987 2988 3005 3004)
4(2716 3005 3006 2717)
4(2988 2989 3006 3005)
4(2702 2719 3008 2991)
4(2718 3007 3008 2719)
4(2990 2991 3008 3007)
4(2703 2720 3009 2992)
4(2719 3008 3009 2720)
4(2991 2992 3009 3008)
4(2704 2721 3010 2993)
4(2720 3009 3010 2721)
4(2992 2993 3010 3009)
4(2705 2722 3011 2994)
4(2721 3010 3011 2722)
4(2993 2994 3011 3010)
4(2706 2723 3012 2995)
4(2722 3011 3012 2723)
4(2994 2995 3012 3011)
4(2707 2724 3013 2996)
4(2723 3012 3013 2724)
4(2995 2996 3013 3012)
4(2708 2725 3014 2997)
4(2724 3013 3014 2725)
4(2996 2997 3014 3013)
4(2709 2726 3015 2998)
4(2725 3014 3015 2726)
4(2997 2998 3015 3014)
4(2710 2727 3016 2999)
4(2726 3015 3016 2727)
4(2998 2999 3016 3015)
4(2711 2728 3017 3000)
4(2727 3016 3017 2728)
4(2999 3000 3017 3016)
4(2712 2729 3018 3001)
4(2728 3017 3018 2729)
4(3000 3001 3018 3017)
4(2713 2730 3019 3002)
4(2729 3018 3019 2730)
4(3001 3002 3019 3018)
4(2714 2731 3020 3003)
4(2730 3019 3020 2731)
4(3002 3003 3020 3019)
4(2715 2732 3021 3004)
4(2731 3020 3021 2732)
4(3003 3004 3021 3020)
4(2716 2733 3022 3005)
4(2732 3021 3022 2733)
4(3004 3005 3022 3021)
4(2733 3022 3023 2734)
4(3005 3006 3023 3022)
4(2719 2736 3025 3008)
4(2735 3024 3025 2736)
4(3007 3008 3025 3024)
4(2720 2737 3026 3009)
4(2736 3025 3026 2737)
4(3008 3009 3026 3025)
4(2721 2738 3027 3010)
4(2737 3026 3027 2738)
4(3009 3010 3027 3026)
4(2722 2739 3028 3011)
4(2738 3027 3028 2739)
4(3010 3011 3028 3027)
4(2723 2740 3029 3012)
4(2739 3028 3029 2740)
4(3011 3012 3029 3028)
4(2724 2741 3030 3013)
4(2740 3029 3030 2741)
4(3012 3013 3030 3029)
4(2725 2742 3031 3014)
4(2741 3030 3031 2742)
4(3013 3014 3031 3030)
4(2726 2743 3032 3015)
4(2742 3031 3032 2743)
4(3014 3015 3032 3031)
4(2727 2744 3033 3016)
4(2743 3032 3033 2744)
4(3015 3016 3033 3032)
4(2728 2745 3034 3017)
4(2744 3033 3034 2745)
4(3016 3017 3034 3033)
4(2729 2746 3035 3018)
4(2745 3034 3035 2746)
4(3017 3018 3035 3034)
4(2730 2747 3036 3019)
4(2746 3035 3036 2747)
4(3018 3019 3036 3035)
4(2731 2748 3037 3020)
4(2747 3036 3037 2748)
4(3019 3020 3037 3036)
4(2732 2749 3038 3021)
4(2748 3037 3038 2749)
4(3020 3021 3038 3037)
4(2733 2750 3039 3022)
4(2749 3038 3039 2750)
4(3021 3022 3039 3038)
4(2750 3039 3040 2751)
4(3022 3023 3040 3039)
4(2736 2753 3042 3025)
4(2752 3041 3042 2753)
4(3024 3025 3042 3041)
4(2737 2754 3043 3026)
4(2753 3042 3043 2754)
4(3025 3026 3043 3042)
4(2738 2755 3044 3027)
4(2754 3043 3044 2755)
4(3026 3027 3044 3043)
4(2739 2756 3045 3028)
4(2755 3044 3045 2756)
4(3027 3028 3045 3044)
4(2740 2757 3046 3029)
4(2756 3045 3046 2757)
4(3028 3029 3046 3045)
4(2741 2758 3047 3030)
4(2757 3046 3047 2758)
4(3029 3030 3047 3046)
4(2742 2759 3048 3031)
4(2758 3047 3048 2759)
4(3030 3031 3048 3047)
4(2743 2760 3049 3032)
4(2759 3048 3049 2760)
4(3031 3032 3049 3048)
4(2744 2761 3050 3033)
4(2760 3049 3050 2761)
4(3032 3033 3050 3049)
4(2745 2762 3051 3034)
4(2761 3050 3051 2762)
4(3033 3034 3051 3050)
4(2746 2763 3052 3035)
4(2762 3051 3052 2763)
4(3034 3035 3052 3051)
4(2747 2764 3053 3036)
4(2763 3052 3053 2764)
4(3035 3036 3053 3052)
4(2748 2765 3054 3037)
4(2764 3053 3054 2765)
4(3036 3037 3054 3053)
4(2749 2766 3055 3038)
4(2765 3054 3055 2766)
4(3037 3038 3055 3054)
4(2750 2767 3056 3039)
4(2766 3055 3056 2767)
4(3038 3039 3056 3055)
4(2767 3056 3057 2768)
4(3039 3040 3057 3056)
4(2753 2770 3059 3042)
4(2769 3058 3059 2770)
4(3041 3042 3059 3058)
4(2754 2771 3060 3043)
4(2770 3059 3060 2771)
4(3042 3043 3060 3059)
4(2755 2772 3061 3044)
4(2771 3060 3061 2772)
4(3043 3044 3061 3060)
4(2756 2773 3062 3045)
4(2772 3061 3062 2773)
4(3044 3045 3062 3061)
4(2757 2774 3063 3046)
4(2773 3062 3063 2774)
4(3045 3046 3063 3062)
4(2758 2775 3064 3047)
4(2774 3063 3064 2775)
4(3046 3047 3064 3063)
4(2759 2776 3065 3048)
4(2775 3064 3065 2776)
4(3047 3048 3065 3064)
4(2760 2777 3066 3049)
4(2776 3065 3066 2777)
4(3048 3049 3066 3065)
4(2761 2778 3067 3050)
4(2777 3066 3067 2778)
4(3049 3050 3067 3066)
4(2762 2779 3068 3051)
4(2778 3067 3068 2779)
4(3050 3051 3068 3067)
4(2763 2780 3069 3052)
4(2779 3068 3069 2780)
4(3051 3052 3069 3068)
4(2764 2781 3070 3053)
4(2780 3069 3070 2781)
4(3052 3053 3070 3069)
4(2765 2782 3071 3054)
4(2781 3070 3071 2782)
4(3053 3054 3071 3070)
4(2766 2783 3072 3055)
4(2782 3071 3072 2783)
4(3054 3055 3072 3071)
4(2767 2784 3073 3056)
4(2783 3072 3073 2784)
4(3055 3056 3073 3072)
4(2784 3073 3074 2785)
4(3056 3057 3074 3073)
4(2770 2787 3076 3059)
4(2786 3075 3076 2787)
4(3058 3059 3076 3075)
4(2771 2788 3077 3060)
4(2787 3076 3077 2788)
4(3059 3060 3077 3076)
4(2772 2789 3078 3061)
4(2788 3077 3078 2789)
4(3060 3061 3078 3077)
4(2773 2790 3079 3062)
4(2789 3078 3079 2790)
4(3061 3062 3079 3078)
4(2774 2791 3080 3063)
4(2790 3079 3080 2791)
4(3062 3063 3080 3079)
4(2775 2792 3081 3064)
4(2791 3080 3081 2792)
4(3063 3064 3081 3080)
4(2776 2793 3082 3065)
4(2792 3081 3082 2793)
4(3064 3065 3082 3081)
4(2777 2794 3083 3066)
4(2793 3082 3083 2794)
4(3065 3066 3083 3082)
4(2778 2795 3084 3067)
4(2794 3083 3084 2795)
4(3066 3067 3084 3083)
4(2779 2796 3085 3068)
4(2795 3084 3085 2796)
4(3067 3068 3085 3084)
4(2780 2797 3086 3069)
4(2796 3085 3086 2797)
4(3068 3069 3086 3085)
4(2781 2798 3087 3070)
4(2797 3086 3087 2798)
4(3069 3070 3087 3086)
4(2782 2799 3088 3071)
4(2798 3087 3088 2799)
4(3070 3071 3088 3087)
4(2783 2800 3089 3072)
4(2799 3088 3089 2800)
4(3071 3072 3089 3088)
4(2784 2801 3090 3073)
4(2800 3089 3090 2801)
4(3072 3073 3090 3089)
4(2801 3090 3091 2802)
4(3073 3074 3091 3090)
4(2787 2804 3093 3076)
4(2803 3092 3093 2804)
4(3075 3076 3093 3092)
4(2788 2805 3094 3077)
4(2804 3093 3094 2805)
4(3076 3077 3094 3093)
4(2789 2806 3095 3078)
4(2805 3094 3095 2806)
4(3077 3078 3095 3094)
4(2790 2807 3096 3079)
4(2806 3095 3096 2807)
4(3078 3079 3096 3095)
4(2791 2808 3097 3080)
4(2807 3096 3097 2808)
4(3079 3080 3097 3096)
4(2792 2809 3098 3081)
4(2808 3097 3098 2809)
4(3080 3081 3098 3097)
4(2793 2810 3099 3082)
4(2809 3098 3099 2810)
4(3081 3082 3099 3098)
4(2794 2811 3100 3083)
4(2810 3099 3100 2811)
4(3082 3083 3100 3099)
4(2795 2812 3101 3084)
4(2811 3100 3101 2812)
4(3083 3084 3101 3100)
4(2796 2813 3102 3085)
4(2812 3101 3102 2813)
4(3084 3085 3102 3101)
4(2797 2814 3103 3086)
4(2813 3102 3103 2814)
4(3085 3086 3103 3102)
4(2798 2815 3104 3087)
4(2814 3103 3104 2815)
4(3086 3087 3104 3103)
4(2799 2816 3105 3088)
4(2815 3104 3105 2816)
4(3087 3088 3105 3104)
4(2800 2817 3106 3089)
4(2816 3105 3106 2817)
4(3088 3089 3106 3105)
4(2801 2818 3107 3090)
4(2817 3106 3107 2818)
4(3089 3090 3107 3106)
4(2818 3107 3108 2819)
4(3090 3091 3108 3107)
4(2804 2821 3110 3093)
4(2820 3109 3110 2821)
4(3092 3093 3110 3109)
4(2805 2822 3111 3094)
4(2821 3110 3111 2822)
4(3093 3094 3111 3110)
4(2806 2823 3112 3095)
4(2822 3111 3112 2823)
4(3094 3095 3112 3111)
4(2807 2824 3113 3096)
4(2823 3112 3113 2824)
4(3095 3096 3113 3112)
4(2808 2825 3114 3097)
4(2824 3113 3114 2825)
4(3096 3097 3114 3113)
4(2809 2826 3115 3098)
4(2825 3114 3115 2826)
4(3097 3098 3115 3114)
4(2810 2827 3116 3099)
4(2826 3115 3116 2827)
4(3098 3099 3116 3115)
4(2811 2828 3117 3100)
4(2827 3116 3117 2828)
4(3099 3100 3117 3116)
4(2812 2829 3118 3101)
4(2828 3117 3118 2829)
4(3100 3101 3118 3117)
4(2813 2830 3119 3102)
4(2829 3118 3119 2830)
4(3101 3102 3119 3118)
4(2814 2831 3120 3103)
4(2830 3119 3120 2831)
4(3102 3103 3120 3119)
4(2815 2832 3121 3104)
4(2831 3120 3121 2832)
4(3103 3104 3121 3120)
4(2816 2833 3122 3105)
4(2832 3121 3122 2833)
4(3104 3105 3122 3121)
4(2817 2834 3123 3106)
4(2833 3122 3123 2834)
4(3105 3106 3123 3122)
4(2818 2835 3124 3107)
4(2834 3123 3124 2835)
4(3106 3107 3124 3123)
4(2835 3124 3125 2836)
4(3107 3108 3125 3124)
4(2821 2838 3127 3110)
4(3109 3110 3127 3126)
4(2822 2839 3128 3111)
4(3110 3111 3128 3127)
4(2823 2840 3129 3112)
4(3111 3112 3129 3128)
4(2824 2841 3130 3113)
4(3112 3113 3130 3129)
4(2825 2842 3131 3114)
4(3113 3114 3131 3130)
4(2826 2843 3132 3115)
4(3114 3115 3132 3131)
4(2827 2844 3133 3116)
4(3115 3116 3133 3132)
4(2828 2845 3134 3117)
4(3116 3117 3134 3133)
4(2829 2846 3135 3118)
4(3117 3118 3135 3134)
4(2830 2847 3136 3119)
4(3118 3119 3136 3135)
4(2831 2848 3137 3120)
4(3119 3120 3137 3136)
4(2832 2849 3138 3121)
4(3120 3121 3138 3137)
4(2833 2850 3139 3122)
4(3121 3122 3139 3138)
4(2834 2851 3140 3123)
4(3122 3123 3140 3139)
4(2835 2852 3141 3124)
4(3123 3124 3141 3140)
4(3124 3125 3142 3141)
4(2855 2872 3161 3144)
4(2871 3160 3161 2872)
4(3143 3144 3161 3160)
4(2856 2873 3162 3145)
4(2872 3161 3162 2873)
4(3144 3145 3162 3161)
4(2857 2874 3163 3146)
4(2873 3162 3163 2874)
4(3145 3146 3163 3162)
4(2858 2875 3164 3147)
4(2874 3163 3164 2875)
4(3146 3147 3164 3163)
4(2859 2876 3165 3148)
4(2875 3164 3165 2876)
4(3147 3148 3165 3164)
4(2860 2877 3166 3149)
4(2876 3165 3166 2877)
4(3148 3149 3166 3165)
4(2861 2878 3167 3150)
4(2877 3166 3167 2878)
4(3149 3150 3167 3166)
4(2862 2879 3168 3151)
4(2878 3167 3168 2879)
4(3150 3151 3168 3167)
4(2863 2880 3169 3152)
4(2879 3168 3169 2880)
4(3151 3152 3169 3168)
4(2864 2881 3170 3153)
4(2880 3169 3170 2881)
4(3152 3153 3170 3169)
4(2865 2882 3171 3154)
4(2881 3170 3171 2882)
4(3153 3154 3171 3170)
4(2866 2883 3172 3155)
4(2882 3171 3172 2883)
4(3154 3155 3172 3171)
4(2867 2884 3173 3156)
4(2883 3172 3173 2884)
4(3155 3156 3173 3172)
4(2868 2885 3174 3157)
4(2884 3173 3174 2885)
4(3156 3157 3174 3173)
4(2869 2886 3175 3158)
4(2885 3174 3175 2886)
4(3157 3158 3175 3174)
4(2886 3175 3176 2887)
4(3158 3159 3176 3175)
4(2872 2889 3178 3161)
4(2888 3177 3178 2889)
4(3160 3161 3178 3177)
4(2873 2890 3179 3162)
4(2889 3178 3179 2890)
4(3161 3162 3179 3178)
4(2874 2891 3180 3163)
4(2890 3179 3180 2891)
4(3162 3163 3180 3179)
4(2875 2892 3181 3164)
4(2891 3180 3181 2892)
4(3163 3164 3181 3180)
4(2876 2893 3182 3165)
4(2892 3181 3182 2893)
4(3164 3165 3182 3181)
4(2877 2894 3183 3166)
4(2893 3182 3183 2894)
4(3165 3166 3183 3182)
4(2878 2895 3184 3167)
4(2894 3183 3184 2895)
4(3166 3167 3184 3183)
4(2879 2896 3185 3168)
4(2895 3184 3185 2896)
4(3167 3168 3185 3184)
4(2880 2897 3186 3169)
4(2896 3185 3186 2897)
4(3168 3169 3186 3185)
4(2881 2898 3187 3170)
4(2897 3186 3187 2898)
4(3169 3170 3187 3186)
4(2882 2899 3188 3171)
4(2898 3187 3188 2899)
4(3170 3171 3188 3187)
4(2883 2900 3189 3172)
4(2899 3188 3189 2900)
4(3171 3172 3189 3188)
4(2884 2901 3190 3173)
4(2900 3189 3190 2901)
4(3172 3173 3190 3189)
4(2885 2902 3191 3174)
4(2901 3190 3191 2902)
4(3173 3174 3191 3190)
4(2886 2903 3192 3175)
4(2902 3191 3192 2903)
4(3174 3175 3192 3191)
4(2903 3192 3193 2904)
4(3175 3176 3193 3192)
4(2889 2906 3195 3178)
4(2905 3194 3195 2906)
4(3177 3178 3195 3194)
4(2890 2907 3196 3179)
4(2906 3195 3196 2907)
4(3178 3179 3196 3195)
4(2891 2908 3197 3180)
4(2907 3196 3197 2908)
4(3179 3180 3197 3196)
4(2892 2909 3198 3181)
4(2908 3197 3198 2909)
4(3180 3181 3198 3197)
4(2893 2910 3199 3182)
4(2909 3198 3199 2910)
4(3181 3182 3199 3198)
4(2894 2911 3200 3183)
4(2910 3199 3200 2911)
4(3182 3183 3200 3199)
4(2895 2912 3201 3184)
4(2911 3200 3201 2912)
4(3183 3184 3201 3200)
4(2896 2913 3202 3185)
4(2912 3201 3202 2913)
4(3184 3185 3202 3201)
4(2897 2914 3203 3186)
4(2913 3202 3203 2914)
4(3185 3186 3203 3202)
4(2898 2915 3204 3187)
4(2914 3203 3204 2915)
4(3186 3187 3204 3203)
4(2899 2916 3205 3188)
4(2915 3204 3205 2916)
4(3187 3188 3205 3204)
4(2900 2917 3206 3189)
4(2916 3205 3206 2917)
4(3188 3189 3206 3205)
4(2901 2918 3207 3190)
4(2917 3206 3207 2918)
4(3189 3190 3207 3206)
4(2902 2919 3208 3191)
4(2918 3207 3208 2919)
4(3190 3191 3208 3207)
4(2903 2920 3209 3192)
4(2919 3208 3209 2920)
4(3191 3192 3209 3208)
4(2920 3209 3210 2921)
4(3192 3193 3210 3209)
4(2906 2923 3212 3195)
4(2922 3211 3212 2923)
4(3194 3195 3212 3211)
4(2907 2924 3213 3196)
4(2923 3212 3213 2924)
4(3195 3196 3213 3212)
4(2908 2925 3214 3197)
4(2924 3213 3214 2925)
4(3196 3197 3214 3213)
4(2909 2926 3215 3198)
4(2925 3214 3215 2926)
4(3197 3198 3215 3214)
4(2910 2927 3216 3199)
4(2926 3215 3216 2927)
4(3198 3199 3216 3215)
4(2911 2928 3217 3200)
4(2927 3216 3217 2928)
4(3199 3200 3217 3216)
4(2912 2929 3218 3201)
4(2928 3217 3218 2929)
4(3200 3201 3218 3217)
4(2913 2930 3219 3202)
4(2929 3218 3219 2930)
4(3201 3202 3219 3218)
4(2914 2931 3220 3203)
4(2930 3219 3220 2931)
4(3202 3203 3220 3219)
4(2915 2932 3221 3204)
4(2931 3220 3221 2932)
4(3203 3204 3221 3220)
4(2916 2933 3222 3205)
4(2932 3221 3222 2933)
4(3204 3205 3222 3221)
4(2917 2934 3223 3206)
4(2933 3222 3223 2934)
4(3205 3206 3223 3222)
4(2918 2935 3224 3207)
4(2934 3223 3224 2935)
4(3206 3207 3224 3223)
4(2919 2936 3225 3208)
4(2935 3224 3225 2936)
4(3207 3208 3225 3224)
4(2920 2937 3226 3209)
4(2936 3225 3226 2937)
4(3208 3209 3226 3225)
4(2937 3226 3227 2938)
4(3209 3210 3227 3226)
4(2923 2940 3229 3212)
4(2939 3228 3229 2940)
4(3211 3212 3229 3228)
4(2924 2941 3230 3213)
4(2940 3229 3230 2941)
4(3212 3213 3230 3229)
4(2925 2942 3231 3214)
4(2941 3230 3231 2942)
4(3213 3214 3231 3230)
4(2926 2943 3232 3215)
4(2942 3231 3232 2943)
4(3214 3215 3232 3231)
4(2927 2944 3233 3216)
4(2943 3232 3233 2944)
4(3215 3216 3233 3232)
4(2928 2945 3234 3217)
4(2944 3233 3234 2945)
4(3216 3217 3234 3233)
4(2929 2946 3235 3218)
4(2945 3234 3235 2946)
4(3217 3218 3235 3234)
4(2930 2947 3236 3219)
4(2946 3235 3236 2947)
4(3218 3219 3236 3235)
4(2931 2948 3237 3220)
4(2947 3236 3237 2948)
4(3219 3220 3237 3236)
4(2932 2949 3238 3221)
4(2948 3237 3238 2949)
4(3220 3221 3238 3237)
4(2933 2950 3239 3222)
4(2949 3238 3239 2950)
4(3221 3222 3239 3238)
4(2934 2951 3240 3223)
4(2950 3239 3240 2951)
4(3222 3223 3240 3239)
4(2935 2952 3241 3224)
4(2951 3240 3241 2952)
4(3223 3224 3241 3240)
4(2936 2953 3242 3225)
4(2952 3241 3242 2953)
4(3224 3225 3242 3241)
4(2937 2954 3243 3226)
4(2953 3242 3243 2954)
4(3225 3226 3243 3242)
4(2954 3243 3244 2955)
4(3226 3227 3244 3243)
4(2940 2957 3246 3229)
4(2956 3245 3246 2957)
4(3228 3229 3246 3245)
4(2941 2958 3247 3230)
4(2957 3246 3247 2958)
4(3229 3230 3247 3246)
4(2942 2959 3248 3231)
4(2958 3247 3248 2959)
4(3230 3231 3248 3247)
4(2943 2960 3249 3232)
4(2959 3248 3249 2960)
4(3231 3232 3249 3248)
4(2944 2961 3250 3233)
4(2960 3249 3250 2961)
4(3232 3233 3250 3249)
4(2945 2962 3251 3234)
4(2961 3250 3251 2962)
4(3233 3234 3251 3250)
4(2946 2963 3252 3235)
4(2962 3251 3252 2963)
4(3234 3235 3252 3251)
4(2947 2964 3253 3236)
4(2963 3252 3253 2964)
4(3235 3236 3253 3252)
4(2948 2965 3254 3237)
4(2964 3253 3254 2965)
4(3236 3237 3254 3253)
4(2949 2966 3255 3238)
4(2965 3254 3255 2966)
4(3237 3238 3255 3254)
4(2950 2967 3256 3239)
4(2966 3255 3256 2967)
4(3238 3239 3256 3255)
4(2951 2968 3257 3240)
4(2967 3256 3257 2968)
4(3239 3240 3257 3256)
4(2952 2969 3258 3241)
4(2968 3257 3258 2969)
4(3240 3241 3258 3257)
4(2953 2970 3259 3242)
4(2969 3258 3259 2970)
4(3241 3242 3259 3258)
4(2954 2971 3260 3243)
4(2970 3259 3260 2971)
4(3242 3243 3260 3259)
4(2971 3260 3261 2972)
4(3243 3244 3261 3260)
4(2957 2974 3263 3246)
4(2973 3262 3263 2974)
4(3245 3246 3263 3262)
4(2958 2975 3264 3247)
4(2974 3263 3264 2975)
4(3246 3247 3264 3263)
4(2959 2976 3265 3248)
4(2975 3264 3265 2976)
4(3247 3248 3265 3264)
4(2960 2977 3266 3249)
4(2976 3265 3266 2977)
4(3248 3249 3266 3265)
4(2961 2978 3267 3250)
4(2977 3266 3267 2978)
4(3249 3250 3267 3266)
4(2962 2979 3268 3251)
4(2978 3267 3268 2979)
4(3250 3251 3268 3267)
4(2963 2980 3269 3252)
4(2979 3268 3269 2980)
4(3251 3252 3269 3268)
4(2964 2981 3270 3253)
4(2980 3269 3270 2981)
4(3252 3253 3270 3269)
4(2965 2982 3271 3254)
4(2981 3270 3271 2982)
4(3253 3254 3271 3270)
4(2966 2983 3272 3255)
4(2982 3271 3272 2983)
4(3254 3255 3272 3271)
4(2967 2984 3273 3256)
4(2983 3272 3273 2984)
4(3255 3256 3273 3272)
4(2968 2985 3274 3257)
4(2984 3273 3274 2985)
4(3256 3257 3274 3273)
4(2969 2986 3275 3258)
4(2985 3274 3275 2986)
4(3257 3258 3275 3274)
4(2970 2987 3276 3259)
4(2986 3275 3276 2987)
4(3258 3259 3276 3275)
4(2971 2988 3277 3260)
4(2987 3276 3277 2988)
4(3259 3260 3277 3276)
4(2988 3277 3278 2989)
4(3260 3261 3278 3277)
4(2974 2991 3280 3263)
4(2990 3279 3280 2991)
4(3262 3263 3280 3279)
4(2975 2992 3281 3264)
4(2991 3280 3281 2992)
4(3263 3264 3281 3280)
4(2976 2993 3282 3265)
4(2992 3281 3282 2993)
4(3264 3265 3282 3281)
4(2977 2994 3283 3266)
4(2993 3282 3283 2994)
4(3265 3266 3283 3282)
4(2978 2995 3284 3267)
4(2994 3283 3284 2995)
4(3266 3267 3284 3283)
4(2979 2996 3285 3268)
4(2995 3284 3285 2996)
4(3267 3268 3285 3284)
4(2980 2997 3286 3269)
4(2996 3285 3286 2997)
4(3268 3269 3286 3285)
4(2981 2998 3287 3270)
4(2997 3286 3287 2998)
4(3269 3270 3287 3286)
4(2982 2999 3288 3271)
4(2998 3287 3288 2999)
4(3270 3271 3288 3287)
4(2983 3000 3289 3272)
4(2999 3288 3289 3000)
4(3271 3272 3289 3288)
4(2984 3001 3290 3273)
4(3000 3289 3290 3001)
4(3272 3273 3290 3289)
4(2985 3002 3291 3274)
4(3001 3290 3291 3002)
4(3273 3274 3291 3290)
4(2986 3003 3292 3275)
4(3002 3291 3292 3003)
4(3274 3275 3292 3291)
4(2987 3004 3293 3276)
4(3003 3292 3293 3004)
4(3275 3276 3293 3292)
4(2988 3005 3294 3277)
4(3004 3293 3294 3005)
4(3276 3277 3294 3293)
4(3005 3294 3295 3006)
4(3277 3278 3295 3294)
4(2991 3008 3297 3280)
4(3007 3296 3297 3008)
4(3279 3280 3297 3296)
4(2992 3009 3298 3281)
4(3008 3297 3298 3009)
4(3280 3281 3298 3297)
4(2993 3010 3299 3282)
4(3009 3298 3299 3010)
4(3281 3282 3299 3298)
4(2994 3011 3300 3283)
4(3010 3299 3300 3011)
4(3282 3283 3300 3299)
4(2995 3012 3301 3284)
4(3011 3300 3301 3012)
4(3283 3284 3301 3300)
4(2996 3013 3302 3285)
4(3012 3301 3302 3013)
4(3284 3285 3302 3301)
4(2997 3014 3303 3286)
4(3013 3302 3303 3014)
4(3285 3286 3303 3302)
4(2998 3015 3304 3287)
4(3014 3303 3304 3015)
4(3286 3287 3304 3303)
4(2999 3016 3305 3288)
4(3015 3304 3305 3016)
4(3287 3288 3305 3304)
4(3000 3017 3306 3289)
4(3016 3305 3306 3017)
4(3288 3289 3306 3305)
4(3001 3018 3307 3290)
4(3017 3306 3307 3018)
4(3289 3290 3307 3306)
4(3002 3019 3308 3291)
4(3018 3307 3308 3019)
4(3290 3291 3308 3307)
4(3003 3020 3309 3292)
4(3019 3308 3309 3020)
4(3291 3292 3309 3308)
4(3004 3021 3310 3293)
4(3020 3309 3310 3021)
4(3292 3293 3310 3309)
4(3005 3022 3311 3294)
4(3021 3310 3311 3022)
4(3293 3294 3311 3310)
4(3022 3311 3312 3023)
4(3294 3295 3312 3311)
4(3008 3025 3314 3297)
4(3024 3313 3314 3025)
4(3296 3297 3314 3313)
4(3009 3026 3315 3298)
4(3025 3314 3315 3026)
4(3297 3298 3315 3314)
4(3010 3027 3316 3299)
4(3026 3315 3316 3027)
4(3298 3299 3316 3315)
4(3011 3028 3317 3300)
4(3027 3316 3317 3028)
4(3299 3300 3317 3316)
4(3012 3029 3318 3301)
4(3028 3317 3318 3029)
4(3300 3301 3318 3317)
4(3013 3030 3319 3302)
4(3029 3318 3319 3030)
4(3301 3302 3319 3318)
4(3014 3031 3320 3303)
4(3030 3319 3320 3031)
4(3302 3303 3320 3319)
4(3015 3032 3321 3304)
4(3031 3320 3321 3032)
4(3303 3304 3321 3320)
4(3016 3033 3322 3305)
4(3032 3321 3322 3033)
4(3304 3305 3322 3321)
4(3017 3034 3323 3306)
4(3033 3322 3323 3034)
4(3305 3306 3323 3322)
4(3018 3035 3324 3307)
4(3034 3323 3324 3035)
4(3306 3307 3324 3323)
4(3019 3036 3325 3308)
4(3035 3324 3325 3036)
4(3307 3308 3325 3324)
4(3020 3037 3326 3309)
4(3036 3325 3326 3037)
4(3308 3309 3326 3325)
4(3021 3038 3327 3310)
4(3037 3326 3327 3038)
4(3309 3310 3327 3326)
4(3022 3039 3328 3311)
4(3038 3327 3328 3039)
4(3310 3311 3328 3327)
4(3039 3328 3329 3040)
4(3311 3312 3329 3328)
4(3025 3042 3331 3314)
4(3041 3330 3331 3042)
4(3313 3314 3331 3330)
4(3026 3043 3332 3315)
4(3042 3331 3332 3043)
4(3314 3315 3332 3331)
4(3027 3044 3333 3316)
4(3043 3332 3333 3044)
4(3315 3316 3333 3332)
4(3028 3045 3334 3317)
4(3044 3333 3334 3045)
4(3316 3317 3334 3333)
4(3029 3046 3335 3318)
4(3045 3334 3335 3046)
4(3317 3318 3335 3334)
4(3030 3047 3336 3319)
4(3046 3335 3336 3047)
4(3318 3319 3336 3335)
4(3031 3048 3337 3320)
4(3047 3336 3337 3048)
4(3319 3320 3337 3336)
4(3032 3049 3338 3321)
4(3048 3337 3338 3049)
4(3320 3321 3338 3337)
4(3033 3050 3339 3322)
4(3049 3338 3339 3050)
4(3321 3322 3339 3338)
4(3034 3051 3340 3323)
4(3050 3339 3340 3051)
4(3322 3323 3340 3339)
4(3035 3052 3341 3324)
4(3051 3340 3341 3052)
4(3323 3324 3341 3340)
4(3036 3053 3342 3325)
4(3052 3341 3342 3053)
4(3324 3325 3342 3341)
4(3037 3054 3343 3326)
4(3053 3342 3343 3054)
4(3325 3326 3343 3342)
4(3038 3055 3344 3327)
4(3054 3343 3344 3055)
4(3326 3327 3344 3343)
4(3039 3056 3345 3328)
4(3055 3344 3345 3056)
4(3327 3328 3345 3344)
4(3056 3345 3346 3057)
4(3328 3329 3346 3345)
4(3042 3059 3348 3331)
4(3058 3347 3348 3059)
4(3330 3331 3348 3347)
4(3043 3060 3349 3332)
4(3059 3348 3349 3060)
4(3331 3332 3349 3348)
4(3044 3061 3350 3333)
4(3060 3349 3350 3061)
4(3332 3333 3350 3349)
4(3045 3062 3351 3334)
4(3061 3350 3351 3062)
4(3333 3334 3351 3350)
4(3046 3063 3352 3335)
4(3062 3351 3352 3063)
4(3334 3335 3352 3351)
4(3047 3064 3353 3336)
4(3063 3352 3353 3064)
4(3335 3336 3353 3352)
4(3048 3065 3354 3337)
4(3064 3353 3354 3065)
4(3336 3337 3354 3353)
4(3049 3066 3355 3338)
4(3065 3354 3355 3066)
4(3337 3338 3355 3354)
4(3050 3067 3356 3339)
4(3066 3355 3356 3067)
4(3338 3339 3356 3355)
4(3051 3068 3357 3340)
4(3067 3356 3357 3068)
4(3339 3340 3357 3356)
4(3052 3069 3358 3341)
4(3068 3357 3358 3069)
4(3340 3341 3358 3357)
4(3053 3070 3359 3342)
4(3069 3358 3359 3070)
4(3341 3342 3359 3358)
4(3054 3071 3360 3343)
4(3070 3359 3360 3071)
4(3342 3343 3360 3359)
4(3055 3072 3361 3344)
4(3071 3360 3361 3072)
4(3343 3344 3361 3360)
4(3056 3073 3362 3345)
4(3072 3361 3362 3073)
4(3344 3345 3362 3361)
4(3073 3362 3363 3074)
4(3345 3346 3363 3362)
4(3059 3076 3365 3348)
4(3075 3364 3365 3076)
4(3347 3348 3365 3364)
4(3060 3077 3366 3349)
4(3076 3365 3366 3077)
4(3348 3349 3366 3365)
4(3061 3078 3367 3350)
4(3077 3366 3367 3078)
4(3349 3350 3367 3366)
4(3062 3079 3368 3351)
4(3078 3367 3368 3079)
4(3350 3351 3368 3367)
4(3063 3080 3369 3352)
4(3079 3368 3369 3080)
4(3351 3352 3369 3368)
4(3064 3081 3370 3353)
4(3080 3369 3370 3081)
4(3352 3353 3370 3369)
4(3065 3082 3371 3354)
4(3081 3370 3371 3082)
4(3353 3354 3371 3370)
4(3066 3083 3372 3355)
4(3082 3371 3372 3083)
4(3354 3355 3372 3371)
4(3067 3084 3373 3356)
4(3083 3372 3373 3084)
4(3355 3356 3373 3372)
4(3068 3085 3374 3357)
4(3084 3373 3374 3085)
4(3356 3357 3374 3373)
4(3069 3086 3375 3358)
4(3085 3374 3375 3086)
4(3357 3358 3375 3374)
4(3070 3087 3376 3359)
4(3086 3375 3376 3087)
4(3358 3359 3376 3375)
4(3071 3088 3377 3360)
4(3087 3376 3377 3088)
4(3359 3360 3377 3376)
4(3072 3089 3378 3361)
4(3088 3377 3378 3089)
4(3360 3361 3378 3377)
4(3073 3090 3379 3362)
4(3089 3378 3379 3090)
4(3361 3362 3379 3378)
4(3090 3379 3380 3091)
4(3362 3363 3380 3379)
4(3076 3093 3382 3365)
4(3092 3381 3382 3093)
4(3364 3365 3382 3381)
4(3077 3094 3383 3366)
4(3093 3382 3383 3094)
4(3365 3366 3383 3382)
4(3078 3095 3384 3367)
4(3094 3383 3384 3095)
4(3366 3367 3384 3383)
4(3079 3096 3385 3368)
4(3095 3384 3385 3096)
4(3367 3368 3385 3384)
4(3080 3097 3386 3369)
4(3096 3385 3386 3097)
4(3368 3369 3386 3385)
4(3081 3098 3387 3370)
4(3097 3386 3387 3098)
4(3369 3370 3387 3386)
4(3082 3099 3388 3371)
4(3098 3387 3388 3099)
4(3370 3371 3388 3387)
4(3083 3100 3389 3372)
4(3099 3388 3389 3100)
4(3371 3372 3389 3388)
4(3084 3101 3390 3373)
4(3100 3389 3390 3101)
4(3372 3373 3390 3389)
4(3085 3102 3391 3374)
4(3101 3390 3391 3102)
4(3373 3374 3391 3390)
4(3086 3103 3392 3375)
4(3102 3391 3392 3103)
4(3374 3375 3392 3391)
4(3087 3104 3393 3376)
4(3103 3392 3393 3104)
4(3375 3376 3393 3392)
4(3088 3105 3394 3377)
4(3104 3393 3394 3105)
4(3376 3377 3394 3393)
4(3089 3106 3395 3378)
4(3105 3394 3395 3106)
4(3377 3378 3395 3394)
4(3090 3107 3396 3379)
4(3106 3395 3396 3107)
4(3378 3379 3396 3395)
4(3107 3396 3397 3108)
4(3379 3380 3397 3396)
4(3093 3110 3399 3382)
4(3109 3398 3399 3110)
4(3381 3382 3399 3398)
4(3094 3111 3400 3383)
4(3110 3399 3400 3111)
4(3382 3383 3400 3399)
4(3095 3112 3401 3384)
4(3111 3400 3401 3112)
4(3383 3384 3401 3400)
4(3096 3113 3402 3385)
4(3112 3401 3402 3113)
4(3384 3385 3402 3401)
4(3097 3114 3403 3386)
4(3113 3402 3403 3114)
4(3385 3386 3403 3402)
4(3098 3115 3404 3387)
4(3114 3403 3404 3115)
4(3386 3387 3404 3403)
4(3099 3116 3405 3388)
4(3115 3404 3405 3116)
4(3387 3388 3405 3404)
4(3100 3117 3406 3389)
4(3116 3405 3406 3117)
4(3388 3389 3406 3405)
4(3101 3118 3407 3390)
4(3117 3406 3407 3118)
4(3389 3390 3407 3406)
4(3102 3119 3408 3391)
4(3118 3407 3408 3119)
4(3390 3391 3408 3407)
4(3103 3120 3409 3392)
4(3119 3408 3409 3120)
4(3391 3392 3409 3408)
4(3104 3121 3410 3393)
4(3120 3409 3410 3121)
4(3392 3393 3410 3409)
4(3105 3122 3411 3394)
4(3121 3410 3411 3122)
4(3393 3394 3411 3410)
4(3106 3123 3412 3395)
4(3122 3411 3412 3123)
4(3394 3395 3412 3411)
4(3107 3124 3413 3396)
4(3123 3412 3413 3124)
4(3395 3396 3413 3412)
4(3124 3413 3414 3125)
4(3396 3397 3414 3413)
4(3110 3127 3416 3399)
4(3398 3399 3416 3415)
4(3111 3128 3417 3400)
4(3399 3400 3417 3416)
4(3112 3129 3418 3401)
4(3400 3401 3418 3417)
4(3113 3130 3419 3402)
4(3401 3402 3419 3418)
4(3114 3131 3420 3403)
4(3402 3403 3420 3419)
4(3115 3132 3421 3404)
4(3403 3404 3421 3420)
4(3116 3133 3422 3405)
4(3404 3405 3422 3421)
4(3117 3134 3423 3406)
4(3405 3406 3423 3422)
4(3118 3135 3424 3407)
4(3406 3407 3424 3423)
4(3119 3136 3425 3408)
4(3407 3408 3425 3424)
4(3120 3137 3426 3409)
4(3408 3409 3426 3425)
4(3121 3138 3427 3410)
4(3409 3410 3427 3426)
4(3122 3139 3428 3411)
4(3410 3411 3428 3427)
4(3123 3140 3429 3412)
4(3411 3412 3429 3428)
4(3124 3141 3430 3413)
4(3412 3413 3430 3429)
4(3413 3414 3431 3430)
4(3144 3161 3450 3433)
4(3160 3449 3450 3161)
4(3432 3433 3450 3449)
4(3145 3162 3451 3434)
4(3161 3450 3451 3162)
4(3433 3434 3451 3450)
4(3146 3163 3452 3435)
4(3162 3451 3452 3163)
4(3434 3435 3452 3451)
4(3147 3164 3453 3436)
4(3163 3452 3453 3164)
4(3435 3436 3453 3452)
4(3148 3165 3454 3437)
4(3164 3453 3454 3165)
4(3436 3437 3454 3453)
4(3149 3166 3455 3438)
4(3165 3454 3455 3166)
4(3437 3438 3455 3454)
4(3150 3167 3456 3439)
4(3166 3455 3456 3167)
4(3438 3439 3456 3455)
4(3151 3168 3457 3440)
4(3167 3456 3457 3168)
4(3439 3440 3457 3456)
4(3152 3169 3458 3441)
4(3168 3457 3458 3169)
4(3440 3441 3458 3457)
4(3153 3170 3459 3442)
4(3169 3458 3459 3170)
4(3441 3442 3459 3458)
4(3154 3171 3460 3443)
4(3170 3459 3460 3171)
4(3442 3443 3460 3459)
4(3155 3172 3461 3444)
4(3171 3460 3461 3172)
4(3443 3444 3461 3460)
4(3156 3173 3462 3445)
4(3172 3461 3462 3173)
4(3444 3445 3462 3461)
4(3157 3174 3463 3446)
4(3173 3462 3463 3174)
4(3445 3446 3463 3462)
4(3158 3175 3464 3447)
4(3174 3463 3464 3175)
4(3446 3447 3464 3463)
4(3175 3464 3465 3176)
4(3447 3448 3465 3464)
4(3161 3178 3467 3450)
4(3177 3466 3467 3178)
4(3449 3450 3467 3466)
4(3162 3179 3468 3451)
4(3178 3467 3468 3179)
4(3450 3451 3468 3467)
4(3163 3180 3469 3452)
4(3179 3468 3469 3180)
4(3451 3452 3469 3468)
4(3164 3181 3470 3453)
4(3180 3469 3470 3181)
4(3452 3453 3470 3469)
4(3165 3182 3471 3454)
4(3181 3470 3471 3182)
4(3453 3454 3471 3470)
4(3166 3183 3472 3455)
4(3182 3471 3472 3183)
4(3454 3455 3472 3471)
4(3167 3184 3473 3456)
4(3183 3472 3473 3184)
4(3455 3456 3473 3472)
4(3168 3185 3474 3457)
4(3184 3473 3474 3185)
4(3456 3457 3474 3473)
4(3169 3186 3475 3458)
4(3185 3474 3475 3186)
4(3457 3458 3475 3474)
4(3170 3187 3476 3459)
4(3186 3475 3476 3187)
4(3458 3459 3476 3475)
4(3171 3188 3477 3460)
4(3187 3476 3477 3188)
4(3459 3460 3477 3476)
4(3172 3189 3478 3461)
4(3188 3477 3478 3189)
4(3460 3461 3478 3477)
4(3173 3190 3479 3462)
4(3189 3478 3479 3190)
4(3461 3462 3479 3478)
4(3174 3191 3480 3463)
4(3190 3479 3480 3191)
4(3462 3463 3480 3479)
4(3175 3192 3481 3464)
4(3191 3480 3481 3192)
4(3463 3464 3481 3480)
4(3192 3481 3482 3193)
4(3464 3465 3482 3481)
4(3178 3195 3484 3467)
4(3194 3483 3484 3195)
4(3466 3467 3484 3483)
4(3179 3196 3485 3468)
4(3195 3484 3485 3196)
4(3467 3468 3485 3484)
4(3180 3197 3486 3469)
4(3196 3485 3486 3197)
4(3468 3469 3486 3485)
4(3181 3198 3487 3470)
4(3197 3486 3487 3198)
4(3469 3470 3487 3486)
4(3182 3199 3488 3471)
4(3198 3487 3488 3199)
4(3470 3471 3488 3487)
4(3183 3200 3489 3472)
4(3199 3488 3489 3200)
4(3471 3472 3489 3488)
4(3184 3201 3490 3473)
4(3200 3489 3490 3201)
4(3472 3473 3490 3489)
4(3185 3202 3491 3474)
4(3201 3490 3491 3202)
4(3473 3474 3491 3490)
4(3186 3203 3492 3475)
4(3202 3491 3492 3203)
4(3474 3475 3492 3491)
4(3187 3204 3493 3476)
4(3203 3492 3493 3204)
4(3475 3476 3493 3492)
4(3188 3205 3494 3477)
4(3204 3493 3494 3205)
4(3476 3477 3494 3493)
4(3189 3206 3495 3478)
4(3205 3494 3495 3206)
4(3477 3478 3495 3494)
4(3190 3207 3496 3479)
4(3206 3495 3496 3207)
4(3478 3479 3496 3495)
4(3191 3208 3497 3480)
4(3207 3496 3497 3208)
4(3479 3480 3497 3496)
4(3192 3209 3498 3481)
4(3208 3497 3498 3209)
4(3480 3481 3498 3497)
4(3209 3498 3499 3210)
4(3481 3482 3499 3498)
4(3195 3212 3501 3484)
4(3211 3500 3501 3212)
4(3483 3484 3501 3500)
4(3196 3213 3502 3485)
4(3212 3501 3502 3213)
4(3484 3485 3502 3501)
4(3197 3214 3503 3486)
4(3213 3502 3503 3214)
4(3485 3486 3503 3502)
4(3198 3215 3504 3487)
4(3214 3503 3504 3215)
4(3486 3487 3504 3503)
4(3199 3216 3505 3488)
4(3215 3504 3505 3216)
4(3487 3488 3505 3504)
4(3200 3217 3506 3489)
4(3216 3505 3506 3217)
4(3488 3489 3506 3505)
4(3201 3218 3507 3490)
4(3217 3506 3507 3218)
4(3489 3490 3507 3506)
4(3202 3219 3508 3491)
4(3218 3507 3508 3219)
4(3490 3491 3508 3507)
4(3203 3220 3509 3492)
4(3219 3508 3509 3220)
4(3491 3492 3509 3508)
4(3204 3221 3510 3493)
4(3220 3509 3510 3221)
4(3492 3493 3510 3509)
4(3205 3222 3511 3494)
4(3221 3510 3511 3222)
4(3493 3494 3511 3510)
4(3206 3223 3512 3495)
4(3222 3511 3512 3223)
4(3494 3495 3512 3511)
4(3207 3224 3513 3496)
4(3223 3512 3513 3224)
4(3495 3496 3513 3512)
4(3208 3225 3514 3497)
4(3224 3513 3514 3225)
4(3496 3497 3514 3513)
4(3209 3226 3515 3498)
4(3225 3514 3515 3226)
4(3497 3498 3515 3514)
4(3226 3515 3516 3227)
4(3498 3499 3516 3515)
4(3212 3229 3518 3501)
4(3228 3517 3518 3229)
4(3500 3501 3518 3517)
4(3213 3230 3519 3502)
4(3229 3518 3519 3230)
4(3501 3502 3519 3518)
4(3214 3231 3520 3503)
4(3230 3519 3520 3231)
4(3502 3503 3520 3519)
4(3215 3232 3521 3504)
4(3231 3520 3521 3232)
4(3503 3504 3521 3520)
4(3216 3233 3522 3505)
4(3232 3521 3522 3233)
4(3504 3505 3522 3521)
4(3217 3234 3523 3506)
4(3233 3522 3523 3234)
4(3505 3506 3523 3522)
4(3218 3235 3524 3507)
4(3234 3523 3524 3235)
4(3506 3507 3524 3523)
4(3219 3236 3525 3508)
4(3235 3524 3525 3236)
4(3507 3508 3525 3524)
4(3220 3237 3526 3509)
4(3236 3525 3526 3237)
4(3508 3509 3526 3525)
4(3221 3238 3527 3510)
4(3237 3526 3527 3238)
4(3509 3510 3527 3526)
4(3222 3239 3528 3511)
4(3238 3527 3528 3239)
4(3510 3511 3528 3527)
4(3223 3240 3529 3512)
4(3239 3528 3529 3240)
4(3511 3512 3529 3528)
4(3224 3241 3530 3513)
4(3240 3529 3530 3241)
4(3512 3513 3530 3529)
4(3225 3242 3531 3514)
4(3241 3530 3531 3242)
4(3513 3514 3531 3530)
4(3226 3243 3532 3515)
4(3242 3531 3532 3243)
4(3514 3515 3532 3531)
4(3243 3532 3533 3244)
4(3515 3516 3533 3532)
4(3229 3246 3535 3518)
4(3245 3534 3535 3246)
4(3517 3518 3535 3534)
4(3230 3247 3536 3519)
4(3246 3535 3536 3247)
4(3518 3519 3536 3535)
4(3231 3248 3537 3520)
4(3247 3536 3537 3248)
4(3519 3520 3537 3536)
4(3232 3249 3538 3521)
4(3248 3537 3538 3249)
4(3520 3521 3538 3537)
4(3233 3250 3539 3522)
4(3249 3538 3539 3250)
4(3521 3522 3539 3538)
4(3234 3251 3540 3523)
4(3250 3539 3540 3251)
4(3522 3523 3540 3539)
4(3235 3252 3541 3524)
4(3251 3540 3541 3252)
4(3523 3524 3541 3540)
4(3236 3253 3542 3525)
4(3252 3541 3542 3253)
4(3524 3525 3542 3541)
4(3237 3254 3543 3526)
4(3253 3542 3543 3254)
4(3525 3526 3543 3542)
4(3238 3255 3544 3527)
4(3254 3543 3544 3255)
4(3526 3527 3544 3543)
4(3239 3256 3545 3528)
4(3255 3544 3545 3256)
4(3527 3528 3545 3544)
4(3240 3257 3546 3529)
4(3256 3545 3546 3257)
4(3528 3529 3546 3545)
4(3241 3258 3547 3530)
4(3257 3546 3547 3258)
4(3529 3530 3547 3546)
4(3242 3259 3548 3531)
4(3258 3547 3548 3259)
4(3530 3531 3548 3547)
4(3243 3260 3549 3532)
4(3259 3548 3549 3260)
4(3531 3532 3549 3548)
4(3260 3549 3550 3261)
4(3532 3533 3550 3549)
4(3246 3263 3552 3535)
4(3262 3551 3552 3263)
4(3534 3535 3552 3551)
4(3247 3264 3553 3536)
4(3263 3552 3553 3264)
4(3535 3536 3553 3552)
4(3248 3265 3554 3537)
4(3264 3553 3554 3265)
4(3536 3537 3554 3553)
4(3249 3266 3555 3538)
4(3265 3554 3555 3266)
4(3537 3538 3555 3554)
4(3250 3267 3556 3539)
4(3266 3555 3556 3267)
4(3538 3539 3556 3555)
4(3251 3268 3557 3540)
4(3267 3556 3557 3268)
4(3539 3540 3557 3556)
4(3252 3269 3558 3541)
4(3268 3557 3558 3269)
4(3540 3541 3558 3557)
4(3253 3270 3559 3542)
4(3269 3558 3559 3270)
4(3541 3542 3559 3558)
4(3254 3271 3560 3543)
4(3270 3559 3560 3271)
4(3542 3543 3560 3559)
4(3255 3272 3561 3544)
4(3271 3560 3561 3272)
4(3543 3544 3561 3560)
4(3256 3273 3562 3545)
4(3272 3561 3562 3273)
4(3544 3545 3562 3561)
4(3257 3274 3563 3546)
4(3273 3562 3563 3274)
4(3545 3546 3563 3562)
4(3258 3275 3564 3547)
4(3274 3563 3564 3275)
4(3546 3547 3564 3563)
4(3259 3276 3565 3548)
4(3275 3564 3565 3276)
4(3547 3548 3565 3564)
4(3260 3277 3566 3549)
4(3276 3565 3566 3277)
4(3548 3549 3566 3565)
4(3277 3566 3567 3278)
4(3549 3550 3567 3566)
4(3263 3280 3569 3552)
4(3279 3568 3569 3280)
4(3551 3552 3569 3568)
4(3264 3281 3570 3553)
4(3280 3569 3570 3281)
4(3552 3553 3570 3569)
4(3265 3282 3571 3554)
4(3281 3570 3571 3282)
4(3553 3554 3571 3570)
4(3266 3283 3572 3555)
4(3282 3571 3572 3283)
4(3554 3555 3572 3571)
4(3267 3284 3573 3556)
4(3283 3572 3573 3284)
4(3555 3556 3573 3572)
4(3268 3285 3574 3557)
4(3284 3573 3574 3285)
4(3556 3557 3574 3573)
4(3269 3286 3575 3558)
4(3285 3574 3575 3286)
4(3557 3558 3575 3574)
4(3270 3287 3576 3559)
4(3286 3575 3576 3287)
4(3558 3559 3576 3575)
4(3271 3288 3577 3560)
4(3287 3576 3577 3288)
4(3559 3560 3577 3576)
4(3272 3289 3578 3561)
4(3288 3577 3578 3289)
4(3560 3561 3578 3577)
4(3273 3290 3579 3562)
4(3289 3578 3579 3290)
4(3561 3562 3579 3578)
4(3274 3291 3580 3563)
4(3290 3579 3580 3291)
4(3562 3563 3580 3579)
4(3275 3292 3581 3564)
4(3291 3580 3581 3292)
4(3563 3564 3581 3580)
4(3276 3293 3582 3565)
4(3292 3581 3582 3293)
4(3564 3565 3582 3581)
4(3277 3294 3583 3566)
4(3293 3582 3583 3294)
4(3565 3566 3583 3582)
4(3294 3583 3584 3295)
4(3566 3567 3584 3583)
4(3280 3297 3586 3569)
4(3296 3585 3586 3297)
4(3568 3569 3586 3585)
4(3281 3298 3587 3570)
4(3297 3586 3587 3298)
4(3569 3570 3587 3586)
4(3282 3299 3588 3571)
4(3298 3587 3588 3299)
4(3570 3571 3588 3587)
4(3283 3300 3589 3572)
4(3299 3588 3589 3300)
4(3571 3572 3589 3588)
4(3284 3301 3590 3573)
4(3300 3589 3590 3301)
4(3572 3573 3590 3589)
4(3285 3302 3591 3574)
4(3301 3590 3591 3302)
4(3573 3574 3591 3590)
4(3286 3303 3592 3575)
4(3302 3591 3592 3303)
4(3574 3575 3592 3591)
4(3287 3304 3593 3576)
4(3303 3592 3593 3304)
4(3575 3576 3593 3592)
4(3288 3305 3594 3577)
4(3304 3593 3594 3305)
4(3576 3577 3594 3593)
4(3289 3306 3595 3578)
4(3305 3594 3595 3306)
4(3577 3578 3595 3594)
4(3290 3307 3596 3579)
4(3306 3595 3596 3307)
4(3578 3579 3596 3595)
4(3291 3308 3597 3580)
4(3307 3596 3597 3308)
4(3579 3580 3597 3596)
4(3292 3309 3598 3581)
4(3308 3597 3598 3309)
4(3580 3581 3598 3597)
4(3293 3310 3599 3582)
4(3309 3598 3599 3310)
4(3581 3582 3599 3598)
4(3294 3311 3600 3583)
4(3310 3599 3600 3311)
4(3582 3583 3600 3599)
4(3311 3600 3601 3312)
4(3583 3584 3601 3600)
4(3297 3314 3603 3586)
4(3313 3602 3603 3314)
4(3585 3586 3603 3602)
4(3298 3315 3604 3587)
4(3314 3603 3604 3315)
4(3586 3587 3604 3603)
4(3299 3316 3605 3588)
4(3315 3604 3605 3316)
4(3587 3588 3605 3604)
4(3300 3317 3606 3589)
4(3316 3605 3606 3317)
4(3588 3589 3606 3605)
4(3301 3318 3607 3590)
4(3317 3606 3607 3318)
4(3589 3590 3607 3606)
4(3302 3319 3608 3591)
4(3318 3607 3608 3319)
4(3590 3591 3608 3607)
4(3303 3320 3609 3592)
4(3319 3608 3609 3320)
4(3591 3592 3609 3608)
4(3304 3321 3610 3593)
4(3320 3609 3610 3321)
4(3592 3593 3610 3609)
4(3305 3322 3611 3594)
4(3321 3610 3611 3322)
4(3593 3594 3611 3610)
4(3306 3323 3612 3595)
4(3322 3611 3612 3323)
4(3594 3595 3612 3611)
4(3307 3324 3613 3596)
4(3323 3612 3613 3324)
4(3595 3596 3613 3612)
4(3308 3325 3614 3597)
4(3324 3613 3614 3325)
4(3596 3597 3614 3613)
4(3309 3326 3615 3598)
4(3325 3614 3615 3326)
4(3597 3598 3615 3614)
4(3310 3327 3616 3599)
4(3326 3615 3616 3327)
4(3598 3599 3616 3615)
4(3311 3328 3617 3600)
4(3327 3616 3617 3328)
4(3599 3600 3617 3616)
4(3328 3617 3618 3329)
4(3600 3601 3618 3617)
4(3314 3331 3620 3603)
4(3330 3619 3620 3331)
4(3602 3603 3620 3619)
4(3315 3332 3621 3604)
4(3331 3620 3621 3332)
4(3603 3604 3621 3620)
4(3316 3333 3622 3605)
4(3332 3621 3622 3333)
4(3604 3605 3622 3621)
4(3317 3334 3623 3606)
4(3333 3622 3623 3334)
4(3605 3606 3623 3622)
4(3318 3335 3624 3607)
4(3334 3623 3624 3335)
4(3606 3607 3624 3623)
4(3319 3336 3625 3608)
4(3335 3624 3625 3336)
4(3607 3608 3625 3624)
4(3320 3337 3626 3609)
4(3336 3625 3626 3337)
4(3608 3609 3626 3625)
4(3321 3338 3627 3610)
4(3337 3626 3627 3338)
4(3609 3610 3627 3626)
4(3322 3339 3628 3611)
4(3338 3627 3628 3339)
4(3610 3611 3628 3627)
4(3323 3340 3629 3612)
4(3339 3628 3629 3340)
4(3611 3612 3629 3628)
4(3324 3341 3630 3613)
4(3340 3629 3630 3341)
4(3612 3613 3630 3629)
4(3325 3342 3631 3614)
4(3341 3630 3631 3342)
4(3613 3614 3631 3630)
4(3326 3343 3632 3615)
4(3342 3631 3632 3343)
4(3614 3615 3632 3631)
4(3327 3344 3633 3616)
4(3343 3632 3633 3344)
4(3615 3616 3633 3632)
4(3328 3345 3634 3617)
4(3344 3633 3634 3345)
4(3616 3617 3634 3633)
4(3345 3634 3635 3346)
4(3617 3618 3635 3634)
4(3331 3348 3637 3620)
4(3347 3636 3637 3348)
4(3619 3620 3637 3636)
4(3332 3349 3638 3621)
4(3348 3637 3638 3349)
4(3620 3621 3638 3637)
4(3333 3350 3639 3622)
4(3349 3638 3639 3350)
4(3621 3622 3639 3638)
4(3334 3351 3640 3623)
4(3350 3639 3640 3351)
4(3622 3623 3640 3639)
4(3335 3352 3641 3624)
4(3351 3640 3641 3352)
4(3623 3624 3641 3640)
4(3336 3353 3642 3625)
4(3352 3641 3642 3353)
4(3624 3625 3642 3641)
4(3337 3354 3643 3626)
4(3353 3642 3643 3354)
4(3625 3626 3643 3642)
4(3338 3355 3644 3627)
4(3354 3643 3644 3355)
4(3626 3627 3644 3643)
4(3339 3356 3645 3628)
4(3355 3644 3645 3356)
4(3627 3628 3645 3644)
4(3340 3357 3646 3629)
4(3356 3645 3646 3357)
4(3628 3629 3646 3645)
4(3341 3358 3647 3630)
4(3357 3646 3647 3358)
4(3629 3630 3647 3646)
4(3342 3359 3648 3631)
4(3358 3647 3648 3359)
4(3630 3631 3648 3647)
4(3343 3360 3649 3632)
4(3359 3648 3649 3360)
4(3631 3632 3649 3648)
4(3344 3361 3650 3633)
4(3360 3649 3650 3361)
4(3632 3633 3650 3649)
4(3345 3362 3651 3634)
4(3361 3650 3651 3362)
4(3633 3634 3651 3650)
4(3362 3651 3652 3363)
4(3634 3635 3652 3651)
4(3348 3365 3654 3637)
4(3364 3653 3654 3365)
4(3636 3637 3654 3653)
4(3349 3366 3655 3638)
4(3365 3654 3655 3366)
4(3637 3638 3655 3654)
4(3350 3367 3656 3639)
4(3366 3655 3656 3367)
4(3638 3639 3656 3655)
4(3351 3368 3657 3640)
4(3367 3656 3657 3368)
4(3639 3640 3657 3656)
4(3352 3369 3658 3641)
4(3368 3657 3658 3369)
4(3640 3641 3658 3657)
4(3353 3370 3659 3642)
4(3369 3658 3659 3370)
4(3641 3642 3659 3658)
4(3354 3371 3660 3643)
4(3370 3659 3660 3371)
4(3642 3643 3660 3659)
4(3355 3372 3661 3644)
4(3371 3660 3661 3372)
4(3643 3644 3661 3660)
4(3356 3373 3662 3645)
4(3372 3661 3662 3373)
4(3644 3645 3662 3661)
4(3357 3374 3663 3646)
4(3373 3662 3663 3374)
4(3645 3646 3663 3662)
4(3358 3375 3664 3647)
4(3374 3663 3664 3375)
4(3646 3647 3664 3663)
4(3359 3376 3665 3648)
4(3375 3664 3665 3376)
4(3647 3648 3665 3664)
4(3360 3377 3666 3649)
4(3376 3665 3666 3377)
4(3648 3649 3666 3665)
4(3361 3378 3667 3650)
4(3377 3666 3667 3378)
4(3649 3650 3667 3666)
4(3362 3379 3668 3651)
4(3378 3667 3668 3379)
4(3650 3651 3668 3667)
4(3379 3668 3669 3380)
4(3651 3652 3669 3668)
4(3365 3382 3671 3654)
4(3381 3670 3671 3382)
4(3653 3654 3671 3670)
4(3366 3383 3672 3655)
4(3382 3671 3672 3383)
4(3654 3655 3672 3671)
4(3367 3384 3673 3656)
4(3383 3672 3673 3384)
4(3655 3656 3673 3672)
4(3368 3385 3674 3657)
4(3384 3673 3674 3385)
4(3656 3657 3674 3673)
4(3369 3386 3675 3658)
4(3385 3674 3675 3386)
4(3657 3658 3675 3674)
4(3370 3387 3676 3659)
4(3386 3675 3676 3387)
4(3658 3659 3676 3675)
4(3371 3388 3677 3660)
4(3387 3676 3677 3388)
4(3659 3660 3677 3676)
4(3372 3389 3678 3661)
4(3388 3677 3678 3389)
4(3660 3661 3678 3677)
4(3373 3390 3679 3662)
4(3389 3678 3679 3390)
4(3661 3662 3679 3678)
4(3374 3391 3680 3663)
4(3390 3679 3680 3391)
4(3662 3663 3680 3679)
4(3375 3392 3681 3664)
4(3391 3680 3681 3392)
4(3663 3664 3681 3680)
4(3376 3393 3682 3665)
4(3392 3681 3682 3393)
4(3664 3665 3682 3681)
4(3377 3394 3683 3666)
4(3393 3682 3683 3394)
4(3665 3666 3683 3682)
4(3378 3395 3684 3667)
4(3394 3683 3684 3395)
4(3666 3667 3684 3683)
4(3379 3396 3685 3668)
4(3395 3684 3685 3396)
4(3667 3668 3685 3684)
4(3396 3685 3686 3397)
4(3668 3669 3686 3685)
4(3382 3399 3688 3671)
4(3398 3687 3688 3399)
4(3670 3671 3688 3687)
4(3383 3400 3689 3672)
4(3399 3688 3689 3400)
4(3671 3672 3689 3688)
4(3384 3401 3690 3673)
4(3400 3689 3690 3401)
4(3672 3673 3690 3689)
4(3385 3402 3691 3674)
4(3401 3690 3691 3402)
4(3673 3674 3691 3690)
4(3386 3403 3692 3675)
4(3402 3691 3692 3403)
4(3674 3675 3692 3691)
4(3387 3404 3693 3676)
4(3403 3692 3693 3404)
4(3675 3676 3693 3692)
4(3388 3405 3694 3677)
4(3404 3693 3694 3405)
4(3676 3677 3694 3693)
4(3389 3406 3695 3678)
4(3405 3694 3695 3406)
4(3677 3678 3695 3694)
4(3390 3407 3696 3679)
4(3406 3695 3696 3407)
4(3678 3679 3696 3695)
4(3391 3408 3697 3680)
4(3407 3696 3697 3408)
4(3679 3680 3697 3696)
4(3392 3409 3698 3681)
4(3408 3697 3698 3409)
4(3680 3681 3698 3697)
4(3393 3410 3699 3682)
4(3409 3698 3699 3410)
4(3681 3682 3699 3698)
4(3394 3411 3700 3683)
4(3410 3699 3700 3411)
4(3682 3683 3700 3699)
4(3395 3412 3701 3684)
4(3411 3700 3701 3412)
4(3683 3684 3701 3700)
4(3396 3413 3702 3685)
4(3412 3701 3702 3413)
4(3684 3685 3702 3701)
4(3413 3702 3703 3414)
4(3685 3686 3703 3702)
4(3399 3416 3705 3688)
4(3687 3688 3705 3704)
4(3400 3417 3706 3689)
4(3688 3689 3706 3705)
4(3401 3418 3707 3690)
4(3689 3690 3707 3706)
4(3402 3419 3708 3691)
4(3690 3691 3708 3707)
4(3403 3420 3709 3692)
4(3691 3692 3709 3708)
4(3404 3421 3710 3693)
4(3692 3693 3710 3709)
4(3405 3422 3711 3694)
4(3693 3694 3711 3710)
4(3406 3423 3712 3695)
4(3694 3695 3712 3711)
4(3407 3424 3713 3696)
4(3695 3696 3713 3712)
4(3408 3425 3714 3697)
4(3696 3697 3714 3713)
4(3409 3426 3715 3698)
4(3697 3698 3715 3714)
4(3410 3427 3716 3699)
4(3698 3699 3716 3715)
4(3411 3428 3717 3700)
4(3699 3700 3717 3716)
4(3412 3429 3718 3701)
4(3700 3701 3718 3717)
4(3413 3430 3719 3702)
4(3701 3702 3719 3718)
4(3702 3703 3720 3719)
4(3433 3450 3739 3722)
4(3449 3738 3739 3450)
4(3721 3722 3739 3738)
4(3434 3451 3740 3723)
4(3450 3739 3740 3451)
4(3722 3723 3740 3739)
4(3435 3452 3741 3724)
4(3451 3740 3741 3452)
4(3723 3724 3741 3740)
4(3436 3453 3742 3725)
4(3452 3741 3742 3453)
4(3724 3725 3742 3741)
4(3437 3454 3743 3726)
4(3453 3742 3743 3454)
4(3725 3726 3743 3742)
4(3438 3455 3744 3727)
4(3454 3743 3744 3455)
4(3726 3727 3744 3743)
4(3439 3456 3745 3728)
4(3455 3744 3745 3456)
4(3727 3728 3745 3744)
4(3440 3457 3746 3729)
4(3456 3745 3746 3457)
4(3728 3729 3746 3745)
4(3441 3458 3747 3730)
4(3457 3746 3747 3458)
4(3729 3730 3747 3746)
4(3442 3459 3748 3731)
4(3458 3747 3748 3459)
4(3730 3731 3748 3747)
4(3443 3460 3749 3732)
4(3459 3748 3749 3460)
4(3731 3732 3749 3748)
4(3444 3461 3750 3733)
4(3460 3749 3750 3461)
4(3732 3733 3750 3749)
4(3445 3462 3751 3734)
4(3461 3750 3751 3462)
4(3733 3734 3751 3750)
4(3446 3463 3752 3735)
4(3462 3751 3752 3463)
4(3734 3735 3752 3751)
4(3447 3464 3753 3736)
4(3463 3752 3753 3464)
4(3735 3736 3753 3752)
4(3464 3753 3754 3465)
4(3736 3737 3754 3753)
4(3450 3467 3756 3739)
4(3466 3755 3756 3467)
4(3738 3739 3756 3755)
4(3451 3468 3757 3740)
4(3467 3756 3757 3468)
4(3739 3740 3757 3756)
4(3452 3469 3758 3741)
4(3468 3757 3758 3469)
4(3740 3741 3758 3757)
4(3453 3470 3759 3742)
4(3469 3758 3759 3470)
4(3741 3742 3759 3758)
4(3454 3471 3760 3743)
4(3470 3759 3760 3471)
4(3742 3743 3760 3759)
4(3455 3472 3761 3744)
4(3471 3760 3761 3472)
4(3743 3744 3761 3760)
4(3456 3473 3762 3745)
4(3472 3761 3762 3473)
4(3744 3745 3762 3761)
4(3457 3474 3763 3746)
4(3473 3762 3763 3474)
4(3745 3746 3763 3762)
4(3458 3475 3764 3747)
4(3474 3763 3764 3475)
4(3746 3747 3764 3763)
4(3459 3476 3765 3748)
4(3475 3764 3765 3476)
4(3747 3748 3765 3764)
4(3460 3477 3766 3749)
4(3476 3765 3766 3477)
4(3748 3749 3766 3765)
4(3461 3478 3767 3750)
4(3477 3766 3767 3478)
4(3749 3750 3767 3766)
4(3462 3479 3768 3751)
4(3478 3767 3768 3479)
4(3750 3751 3768 3767)
4(3463 3480 3769 3752)
4(3479 3768 3769 3480)
4(3751 3752 3769 3768)
4(3464 3481 3770 3753)
4(3480 3769 3770 3481)
4(3752 3753 3770 3769)
4(3481 3770 3771 3482)
4(3753 3754 3771 3770)
4(3467 3484 3773 3756)
4(3483 3772 3773 3484)
4(3755 3756 3773 3772)
4(3468 3485 3774 3757)
4(3484 3773 3774 3485)
4(3756 3757 3774 3773)
4(3469 3486 3775 3758)
4(3485 3774 3775 3486)
4(3757 3758 3775 3774)
4(3470 3487 3776 3759)
4(3486 3775 3776 3487)
4(3758 3759 3776 3775)
4(3471 3488 3777 3760)
4(3487 3776 3777 3488)
4(3759 3760 3777 3776)
4(3472 3489 3778 3761)
4(3488 3777 3778 3489)
4(3760 3761 3778 3777)
4(3473 3490 3779 3762)
4(3489 3778 3779 3490)
4(3761 3762 3779 3778)
4(3474 3491 3780 3763)
4(3490 3779 3780 3491)
4(3762 3763 3780 3779)
4(3475 3492 3781 3764)
4(3491 3780 3781 3492)
4(3763 3764 3781 3780)
4(3476 3493 3782 3765)
4(3492 3781 3782 3493)
4(3764 3765 3782 3781)
4(3477 3494 3783 3766)
4(3493 3782 3783 3494)
4(3765 3766 3783 3782)
4(3478 3495 3784 3767)
4(3494 3783 3784 3495)
4(3766 3767 3784 3783)
4(3479 3496 3785 3768)
4(3495 3784 3785 3496)
4(3767 3768 3785 3784)
4(3480 3497 3786 3769)
4(3496 3785 3786 3497)
4(3768 3769 3786 3785)
4(3481 3498 3787 3770)
4(3497 3786 3787 3498)
4(3769 3770 3787 3786)
4(3498 3787 3788 3499)
4(3770 3771 3788 3787)
4(3484 3501 3790 3773)
4(3500 3789 3790 3501)
4(3772 3773 3790 3789)
4(3485 3502 3791 3774)
4(3501 3790 3791 3502)
4(3773 3774 3791 3790)
4(3486 3503 3792 3775)
4(3502 3791 3792 3503)
4(3774 3775 3792 3791)
4(3487 3504 3793 3776)
4(3503 3792 3793 3504)
4(3775 3776 3793 3792)
4(3488 3505 3794 3777)
4(3504 3793 3794 3505)
4(3776 3777 3794 3793)
4(3489 3506 3795 3778)
4(3505 3794 3795 3506)
4(3777 3778 3795 3794)
4(3490 3507 3796 3779)
4(3506 3795 3796 3507)
4(3778 3779 3796 3795)
4(3491 3508 3797 3780)
4(3507 3796 3797 3508)
4(3779 3780 3797 3796)
4(3492 3509 3798 3781)
4(3508 3797 3798 3509)
4(3780 3781 3798 3797)
4(3493 3510 3799 3782)
4(3509 3798 3799 3510)
4(3781 3782 3799 3798)
4(3494 3511 3800 3783)
4(3510 3799 3800 3511)
4(3782 3783 3800 3799)
4(3495 3512 3801 3784)
4(3511 3800 3801 3512)
4(3783 3784 3801 3800)
4(3496 3513 3802 3785)
4(3512 3801 3802 3513)
4(3784 3785 3802 3801)
4(3497 3514 3803 3786)
4(3513 3802 3803 3514)
4(3785 3786 3803 3802)
4(3498 3515 3804 3787)
4(3514 3803 3804 3515)
4(3786 3787 3804 3803)
4(3515 3804 3805 3516)
4(3787 3788 3805 3804)
4(3501 3518 3807 3790)
4(3517 3806 3807 3518)
4(3789 3790 3807 3806)
4(3502 3519 3808 3791)
4(3518 3807 3808 3519)
4(3790 3791 3808 3807)
4(3503 3520 3809 3792)
4(3519 3808 3809 3520)
4(3791 3792 3809 3808)
4(3504 3521 3810 3793)
4(3520 3809 3810 3521)
4(3792 3793 3810 3809)
4(3505 3522 3811 3794)
4(3521 3810 3811 3522)
4(3793 3794 3811 3810)
4(3506 3523 3812 3795)
4(3522 3811 3812 3523)
4(3794 3795 3812 3811)
4(3507 3524 3813 3796)
4(3523 3812 3813 3524)
4(3795 3796 3813 3812)
4(3508 3525 3814 3797)
4(3524 3813 3814 3525)
4(3796 3797 3814 3813)
4(3509 3526 3815 3798)
4(3525 3814 3815 3526)
4(3797 3798 3815 3814)
4(3510 3527 3816 3799)
4(3526 3815 3816 3527)
4(3798 3799 3816 3815)
4(3511 3528 3817 3800)
4(3527 3816 3817 3528)
4(3799 3800 3817 3816)
4(3512 3529 3818 3801)
4(3528 3817 3818 3529)
4(3800 3801 3818 3817)
4(3513 3530 3819 3802)
4(3529 3818 3819 3530)
4(3801 3802 3819 3818)
4(3514 3531 3820 3803)
4(3530 3819 3820 3531)
4(3802 3803 3820 3819)
4(3515 3532 3821 3804)
4(3531 3820 3821 3532)
4(3803 3804 3821 3820)
4(3532 3821 3822 3533)
4(3804 3805 3822 3821)
4(3518 3535 3824 3807)
4(3534 3823 3824 3535)
4(3806 3807 3824 3823)
4(3519 3536 3825 3808)
4(3535 3824 3825 3536)
4(3807 3808 3825 3824)
4(3520 3537 3826 3809)
4(3536 3825 3826 3537)
4(3808 3809 3826 3825)
4(3521 3538 3827 3810)
4(3537 3826 3827 3538)
4(3809 3810 3827 3826)
4(3522 3539 3828 3811)
4(3538 3827 3828 3539)
4(3810 3811 3828 3827)
4(3523 3540 3829 3812)
4(3539 3828 3829 3540)
4(3811 3812 3829 3828)
4(3524 3541 3830 3813)
4(3540 3829 3830 3541)
4(3812 3813 3830 3829)
4(3525 3542 3831 3814)
4(3541 3830 3831 3542)
4(3813 3814 3831 3830)
4(3526 3543 3832 3815)
4(3542 3831 3832 3543)
4(3814 3815 3832 3831)
4(3527 3544 3833 3816)
4(3543 3832 3833 3544)
4(3815 3816 3833 3832)
4(3528 3545 3834 3817)
4(3544 3833 3834 3545)
4(3816 3817 3834 3833)
4(3529 3546 3835 3818)
4(3545 3834 3835 3546)
4(3817 3818 3835 3834)
4(3530 3547 3836 3819)
4(3546 3835 3836 3547)
4(3818 3819 3836 3835)
4(3531 3548 3837 3820)
4(3547 3836 3837 3548)
4(3819 3820 3837 3836)
4(3532 3549 3838 3821)
4(3548 3837 3838 3549)
4(3820 3821 3838 3837)
4(3549 3838 3839 3550)
4(3821 3822 3839 3838)
4(3535 3552 3841 3824)
4(3551 3840 3841 3552)
4(3823 3824 3841 3840)
4(3536 3553 3842 3825)
4(3552 3841 3842 3553)
4(3824 3825 3842 3841)
4(3537 3554 3843 3826)
4(3553 3842 3843 3554)
4(3825 3826 3843 3842)
4(3538 3555 3844 3827)
4(3554 3843 3844 3555)
4(3826 3827 3844 3843)
4(3539 3556 3845 3828)
4(3555 3844 3845 3556)
4(3827 3828 3845 3844)
4(3540 3557 3846 3829)
4(3556 3845 3846 3557)
4(3828 3829 3846 3845)
4(3541 3558 3847 3830)
4(3557 3846 3847 3558)
4(3829 3830 3847 3846)
4(3542 3559 3848 3831)
4(3558 3847 3848 3559)
4(3830 3831 3848 3847)
4(3543 3560 3849 3832)
4(3559 3848 3849 3560)
4(3831 3832 3849 3848)
4(3544 3561 3850 3833)
4(3560 3849 3850 3561)
4(3832 3833 3850 3849)
4(3545 3562 3851 3834)
4(3561 3850 3851 3562)
4(3833 3834 3851 3850)
4(3546 3563 3852 3835)
4(3562 3851 3852 3563)
4(3834 3835 3852 3851)
4(3547 3564 3853 3836)
4(3563 3852 3853 3564)
4(3835 3836 3853 3852)
4(3548 3565 3854 3837)
4(3564 3853 3854 3565)
4(3836 3837 3854 3853)
4(3549 3566 3855 3838)
4(3565 3854 3855 3566)
4(3837 3838 3855 3854)
4(3566 3855 3856 3567)
4(3838 3839 3856 3855)
4(3552 3569 3858 3841)
4(3568 3857 3858 3569)
4(3840 3841 3858 3857)
4(3553 3570 3859 3842)
4(3569 3858 3859 3570)
4(3841 3842 3859 3858)
4(3554 3571 3860 3843)
4(3570 3859 3860 3571)
4(3842 3843 3860 3859)
4(3555 3572 3861 3844)
4(3571 3860 3861 3572)
4(3843 3844 3861 3860)
4(3556 3573 3862 3845)
4(3572 3861 3862 3573)
4(3844 3845 3862 3861)
4(3557 3574 3863 3846)
4(3573 3862 3863 3574)
4(3845 3846 3863 3862)
4(3558 3575 3864 3847)
4(3574 3863 3864 3575)
4(3846 3847 3864 3863)
4(3559 3576 3865 3848)
4(3575 3864 3865 3576)
4(3847 3848 3865 3864)
4(3560 3577 3866 3849)
4(3576 3865 3866 3577)
4(3848 3849 3866 3865)
4(3561 3578 3867 3850)
4(3577 3866 3867 3578)
4(3849 3850 3867 3866)
4(3562 3579 3868 3851)
4(3578 3867 3868 3579)
4(3850 3851 3868 3867)
4(3563 3580 3869 3852)
4(3579 3868 3869 3580)
4(3851 3852 3869 3868)
4(3564 3581 3870 3853)
4(3580 3869 3870 3581)
4(3852 3853 3870 3869)
4(3565 3582 3871 3854)
4(3581 3870 3871 3582)
4(3853 3854 3871 3870)
4(3566 3583 3872 3855)
4(3582 3871 3872 3583)
4(3854 3855 3872 3871)
4(3583 3872 3873 3584)
4(3855 3856 3873 3872)
4(3569 3586 3875 3858)
4(3585 3874 3875 3586)
4(3857 3858 3875 3874)
4(3570 3587 3876 3859)
4(3586 3875 3876 3587)
4(3858 3859 3876 3875)
4(3571 3588 3877 3860)
4(3587 3876 3877 3588)
4(3859 3860 3877 3876)
4(3572 3589 3878 3861)
4(3588 3877 3878 3589)
4(3860 3861 3878 3877)
4(3573 3590 3879 3862)
4(3589 3878 3879 3590)
4(3861 3862 3879 3878)
4(3574 3591 3880 3863)
4(3590 3879 3880 3591)
4(3862 3863 3880 3879)
4(3575 3592 3881 3864)
4(3591 3880 3881 3592)
4(3863 3864 3881 3880)
4(3576 3593 3882 3865)
4(3592 3881 3882 3593)
4(3864 3865 3882 3881)
4(3577 3594 3883 3866)
4(3593 3882 3883 3594)
4(3865 3866 3883 3882)
4(3578 3595 3884 3867)
4(3594 3883 3884 3595)
4(3866 3867 3884 3883)
4(3579 3596 3885 3868)
4(3595 3884 3885 3596)
4(3867 3868 3885 3884)
4(3580 3597 3886 3869)
4(3596 3885 3886 3597)
4(3868 3869 3886 3885)
4(3581 3598 3887 3870)
4(3597 3886 3887 3598)
4(3869 3870 3887 3886)
4(3582 3599 3888 3871)
4(3598 3887 3888 3599)
4(3870 3871 3888 3887)
4(3583 3600 3889 3872)
4(3599 3888 3889 3600)
4(3871 3872 3889 3888)
4(3600 3889 3890 3601)
4(3872 3873 3890 3889)
4(3586 3603 3892 3875)
4(3602 3891 3892 3603)
4(3874 3875 3892 3891)
4(3587 3604 3893 3876)
4(3603 3892 3893 3604)
4(3875 3876 3893 3892)
4(3588 3605 3894 3877)
4(3604 3893 3894 3605)
4(3876 3877 3894 3893)
4(3589 3606 3895 3878)
4(3605 3894 3895 3606)
4(3877 3878 3895 3894)
4(3590 3607 3896 3879)
4(3606 3895 3896 3607)
4(3878 3879 3896 3895)
4(3591 3608 3897 3880)
4(3607 3896 3897 3608)
4(3879 3880 3897 3896)
4(3592 3609 3898 3881)
4(3608 3897 3898 3609)
4(3880 3881 3898 3897)
4(3593 3610 3899 3882)
4(3609 3898 3899 3610)
4(3881 3882 3899 3898)
4(3594 3611 3900 3883)
4(3610 3899 3900 3611)
4(3882 3883 3900 3899)
4(3595 3612 3901 3884)
4(3611 3900 3901 3612)
4(3883 3884 3901 3900)
4(3596 3613 3902 3885)
4(3612 3901 3902 3613)
4(3884 3885 3902 3901)
4(3597 3614 3903 3886)
4(3613 3902 3903 3614)
4(3885 3886 3903 3902)
4(3598 3615 3904 3887)
4(3614 3903 3904 3615)
4(3886 3887 3904 3903)
4(3599 3616 3905 3888)
4(3615 3904 3905 3616)
4(3887 3888 3905 3904)
4(3600 3617 3906 3889)
4(3616 3905 3906 3617)
4(3888 3889 3906 3905)
4(3617 3906 3907 3618)
4(3889 3890 3907 3906)
4(3603 3620 3909 3892)
4(3619 3908 3909 3620)
4(3891 3892 3909 3908)
4(3604 3621 3910 3893)
4(3620 3909 3910 3621)
4(3892 3893 3910 3909)
4(3605 3622 3911 3894)
4(3621 3910 3911 3622)
4(3893 3894 3911 3910)
4(3606 3623 3912 3895)
4(3622 3911 3912 3623)
4(3894 3895 3912 3911)
4(3607 3624 3913 3896)
4(3623 3912 3913 3624)
4(3895 3896 3913 3912)
4(3608 3625 3914 3897)
4(3624 3913 3914 3625)
4(3896 3897 3914 3913)
4(3609 3626 3915 3898)
4(3625 3914 3915 3626)
4(3897 3898 3915 3914)
4(3610 3627 3916 3899)
4(3626 3915 3916 3627)
4(3898 3899 3916 3915)
4(3611 3628 3917 3900)
4(3627 3916 3917 3628)
4(3899 3900 3917 3916)
4(3612 3629 3918 3901)
4(3628 3917 3918 3629)
4(3900 3901 3918 3917)
4(3613 3630 3919 3902)
4(3629 3918 3919 3630)
4(3901 3902 3919 3918)
4(3614 3631 3920 3903)
4(3630 3919 3920 3631)
4(3902 3903 3920 3919)
4(3615 3632 3921 3904)
4(3631 3920 3921 3632)
4(3903 3904 3921 3920)
4(3616 3633 3922 3905)
4(3632 3921 3922 3633)
4(3904 3905 3922 3921)
4(3617 3634 3923 3906)
4(3633 3922 3923 3634)
4(3905 3906 3923 3922)
4(3634 3923 3924 3635)
4(3906 3907 3924 3923)
4(3620 3637 3926 3909)
4(3636 3925 3926 3637)
4(3908 3909 3926 3925)
4(3621 3638 3927 3910)
4(3637 3926 3927 3638)
4(3909 3910 3927 3926)
4(3622 3639 3928 3911)
4(3638 3927 3928 3639)
4(3910 3911 3928 3927)
4(3623 3640 3929 3912)
4(3639 3928 3929 3640)
4(3911 3912 3929 3928)
4(3624 3641 3930 3913)
4(3640 3929 3930 3641)
4(3912 3913 3930 3929)
4(3625 3642 3931 3914)
4(3641 3930 3931 3642)
4(3913 3914 3931 3930)
4(3626 3643 3932 3915)
4(3642 3931 3932 3643)
4(3914 3915 3932 3931)
4(3627 3644 3933 3916)
4(3643 3932 3933 3644)
4(3915 3916 3933 3932)
4(3628 3645 3934 3917)
4(3644 3933 3934 3645)
4(3916 3917 3934 3933)
4(3629 3646 3935 3918)
4(3645 3934 3935 3646)
4(3917 3918 3935 3934)
4(3630 3647 3936 3919)
4(3646 3935 3936 3647)
4(3918 3919 3936 3935)
4(3631 3648 3937 3920)
4(3647 3936 3937 3648)
4(3919 3920 3937 3936)
4(3632 3649 3938 3921)
4(3648 3937 3938 3649)
4(3920 3921 3938 3937)
4(3633 3650 3939 3922)
4(3649 3938 3939 3650)
4(3921 3922 3939 3938)
4(3634 3651 3940 3923)
4(3650 3939 3940 3651)
4(3922 3923 3940 3939)
4(3651 3940 3941 3652)
4(3923 3924 3941 3940)
4(3637 3654 3943 3926)
4(3653 3942 3943 3654)
4(3925 3926 3943 3942)
4(3638 3655 3944 3927)
4(3654 3943 3944 3655)
4(3926 3927 3944 3943)
4(3639 3656 3945 3928)
4(3655 3944 3945 3656)
4(3927 3928 3945 3944)
4(3640 3657 3946 3929)
4(3656 3945 3946 3657)
4(3928 3929 3946 3945)
4(3641 3658 3947 3930)
4(3657 3946 3947 3658)
4(3929 3930 3947 3946)
4(3642 3659 3948 3931)
4(3658 3947 3948 3659)
4(3930 3931 3948 3947)
4(3643 3660 3949 3932)
4(3659 3948 3949 3660)
4(3931 3932 3949 3948)
4(3644 3661 3950 3933)
4(3660 3949 3950 3661)
4(3932 3933 3950 3949)
4(3645 3662 3951 3934)
4(3661 3950 3951 3662)
4(3933 3934 3951 3950)
4(3646 3663 3952 3935)
4(3662 3951 3952 3663)
4(3934 3935 3952 3951)
4(3647 3664 3953 3936)
4(3663 3952 3953 3664)
4(3935 3936 3953 3952)
4(3648 3665 3954 3937)
4(3664 3953 3954 3665)
4(3936 3937 3954 3953)
4(3649 3666 3955 3938)
4(3665 3954 3955 3666)
4(3937 3938 3955 3954)
4(3650 3667 3956 3939)
4(3666 3955 3956 3667)
4(3938 3939 3956 3955)
4(3651 3668 3957 3940)
4(3667 3956 3957 3668)
4(3939 3940 3957 3956)
4(3668 3957 3958 3669)
4(3940 3941 3958 3957)
4(3654 3671 3960 3943)
4(3670 3959 3960 3671)
4(3942 3943 3960 3959)
4(3655 3672 3961 3944)
4(3671 3960 3961 3672)
4(3943 3944 3961 3960)
4(3656 3673 3962 3945)
4(3672 3961 3962 3673)
4(3944 3945 3962 3961)
4(3657 3674 3963 3946)
4(3673 3962 3963 3674)
4(3945 3946 3963 3962)
4(3658 3675 3964 3947)
4(3674 3963 3964 3675)
4(3946 3947 3964 3963)
4(3659 3676 3965 3948)
4(3675 3964 3965 3676)
4(3947 3948 3965 3964)
4(3660 3677 3966 3949)
4(3676 3965 3966 3677)
4(3948 3949 3966 3965)
4(3661 3678 3967 3950)
4(3677 3966 3967 3678)
4(3949 3950 3967 3966)
4(3662 3679 3968 3951)
4(3678 3967 3968 3679)
4(3950 3951 3968 3967)
4(3663 3680 3969 3952)
4(3679 3968 3969 3680)
4(3951 3952 3969 3968)
4(3664 3681 3970 3953)
4(3680 3969 3970 3681)
4(3952 3953 3970 3969)
4(3665 3682 3971 3954)
4(3681 3970 3971 3682)
4(3953 3954 3971 3970)
4(3666 3683 3972 3955)
4(3682 3971 3972 3683)
4(3954 3955 3972 3971)
4(3667 3684 3973 3956)
4(3683 3972 3973 3684)
4(3955 3956 3973 3972)
4(3668 3685 3974 3957)
4(3684 3973 3974 3685)
4(3956 3957 3974 3973)
4(3685 3974 3975 3686)
4(3957 3958 3975 3974)
4(3671 3688 3977 3960)
4(3687 3976 3977 3688)
4(3959 3960 3977 3976)
4(3672 3689 3978 3961)
4(3688 3977 3978 3689)
4(3960 3961 3978 3977)
4(3673 3690 3979 3962)
4(3689 3978 3979 3690)
4(3961 3962 3979 3978)
4(3674 3691 3980 3963)
4(3690 3979 3980 3691)
4(3962 3963 3980 3979)
4(3675 3692 3981 3964)
4(3691 3980 3981 3692)
4(3963 3964 3981 3980)
4(3676 3693 3982 3965)
4(3692 3981 3982 3693)
4(3964 3965 3982 3981)
4(3677 3694 3983 3966)
4(3693 3982 3983 3694)
4(3965 3966 3983 3982)
4(3678 3695 3984 3967)
4(3694 3983 3984 3695)
4(3966 3967 3984 3983)
4(3679 3696 3985 3968)
4(3695 3984 3985 3696)
4(3967 3968 3985 3984)
4(3680 3697 3986 3969)
4(3696 3985 3986 3697)
4(3968 3969 3986 3985)
4(3681 3698 3987 3970)
4(3697 3986 3987 3698)
4(3969 3970 3987 3986)
4(3682 3699 3988 3971)
4(3698 3987 3988 3699)
4(3970 3971 3988 3987)
4(3683 3700 3989 3972)
4(3699 3988 3989 3700)
4(3971 3972 3989 3988)
4(3684 3701 3990 3973)
4(3700 3989 3990 3701)
4(3972 3973 3990 3989)
4(3685 3702 3991 3974)
4(3701 3990 3991 3702)
4(3973 3974 3991 3990)
4(3702 3991 3992 3703)
4(3974 3975 3992 3991)
4(3688 3705 3994 3977)
4(3976 3977 3994 3993)
4(3689 3706 3995 3978)
4(3977 3978 3995 3994)
4(3690 3707 3996 3979)
4(3978 3979 3996 3995)
4(3691 3708 3997 3980)
4(3979 3980 3997 3996)
4(3692 3709 3998 3981)
4(3980 3981 3998 3997)
4(3693 3710 3999 3982)
4(3981 3982 3999 3998)
4(3694 3711 4000 3983)
4(3982 3983 4000 3999)
4(3695 3712 4001 3984)
4(3983 3984 4001 4000)
4(3696 3713 4002 3985)
4(3984 3985 4002 4001)
4(3697 3714 4003 3986)
4(3985 3986 4003 4002)
4(3698 3715 4004 3987)
4(3986 3987 4004 4003)
4(3699 3716 4005 3988)
4(3987 3988 4005 4004)
4(3700 3717 4006 3989)
4(3988 3989 4006 4005)
4(3701 3718 4007 3990)
4(3989 3990 4007 4006)
4(3702 3719 4008 3991)
4(3990 3991 4008 4007)
4(3991 3992 4009 4008)
4(3722 3739 4028 4011)
4(3738 4027 4028 3739)
4(4010 4011 4028 4027)
4(3723 3740 4029 4012)
4(3739 4028 4029 3740)
4(4011 4012 4029 4028)
4(3724 3741 4030 4013)
4(3740 4029 4030 3741)
4(4012 4013 4030 4029)
4(3725 3742 4031 4014)
4(3741 4030 4031 3742)
4(4013 4014 4031 4030)
4(3726 3743 4032 4015)
4(3742 4031 4032 3743)
4(4014 4015 4032 4031)
4(3727 3744 4033 4016)
4(3743 4032 4033 3744)
4(4015 4016 4033 4032)
4(3728 3745 4034 4017)
4(3744 4033 4034 3745)
4(4016 4017 4034 4033)
4(3729 3746 4035 4018)
4(3745 4034 4035 3746)
4(4017 4018 4035 4034)
4(3730 3747 4036 4019)
4(3746 4035 4036 3747)
4(4018 4019 4036 4035)
4(3731 3748 4037 4020)
4(3747 4036 4037 3748)
4(4019 4020 4037 4036)
4(3732 3749 4038 4021)
4(3748 4037 4038 3749)
4(4020 4021 4038 4037)
4(3733 3750 4039 4022)
4(3749 4038 4039 3750)
4(4021 4022 4039 4038)
4(3734 3751 4040 4023)
4(3750 4039 4040 3751)
4(4022 4023 4040 4039)
4(3735 3752 4041 4024)
4(3751 4040 4041 3752)
4(4023 4024 4041 4040)
4(3736 3753 4042 4025)
4(3752 4041 4042 3753)
4(4024 4025 4042 4041)
4(3753 4042 4043 3754)
4(4025 4026 4043 4042)
4(3739 3756 4045 4028)
4(3755 4044 4045 3756)
4(4027 4028 4045 4044)
4(3740 3757 4046 4029)
4(3756 4045 4046 3757)
4(4028 4029 4046 4045)
4(3741 3758 4047 4030)
4(3757 4046 4047 3758)
4(4029 4030 4047 4046)
4(3742 3759 4048 4031)
4(3758 4047 4048 3759)
4(4030 4031 4048 4047)
4(3743 3760 4049 4032)
4(3759 4048 4049 3760)
4(4031 4032 4049 4048)
4(3744 3761 4050 4033)
4(3760 4049 4050 3761)
4(4032 4033 4050 4049)
4(3745 3762 4051 4034)
4(3761 4050 4051 3762)
4(4033 4034 4051 4050)
4(3746 3763 4052 4035)
4(3762 4051 4052 3763)
4(4034 4035 4052 4051)
4(3747 3764 4053 4036)
4(3763 4052 4053 3764)
4(4035 4036 4053 4052)
4(3748 3765 4054 4037)
4(3764 4053 4054 3765)
4(4036 4037 4054 4053)
4(3749 3766 4055 4038)
4(3765 4054 4055 3766)
4(4037 4038 4055 4054)
4(3750 3767 4056 4039)
4(3766 4055 4056 3767)
4(4038 4039 4056 4055)
4(3751 3768 4057 4040)
4(3767 4056 4057 3768)
4(4039 4040 4057 4056)
4(3752 3769 4058 4041)
4(3768 4057 4058 3769)
4(4040 4041 4058 4057)
4(3753 3770 4059 4042)
4(3769 4058 4059 3770)
4(4041 4042 4059 4058)
4(3770 4059 4060 3771)
4(4042 4043 4060 4059)
4(3756 3773 4062 4045)
4(3772 4061 4062 3773)
4(4044 4045 4062 4061)
4(3757 3774 4063 4046)
4(3773 4062 4063 3774)
4(4045 4046 4063 4062)
4(3758 3775 4064 4047)
4(3774 4063 4064 3775)
4(4046 4047 4064 4063)
4(3759 3776 4065 4048)
4(3775 4064 4065 3776)
4(4047 4048 4065 4064)
4(3760 3777 4066 4049)
4(3776 4065 4066 3777)
4(4048 4049 4066 4065)
4(3761 3778 4067 4050)
4(3777 4066 4067 3778)
4(4049 4050 4067 4066)
4(3762 3779 4068 4051)
4(3778 4067 4068 3779)
4(4050 4051 4068 4067)
4(3763 3780 4069 4052)
4(3779 4068 4069 3780)
4(4051 4052 4069 4068)
4(3764 3781 4070 4053)
4(3780 4069 4070 3781)
4(4052 4053 4070 4069)
4(3765 3782 4071 4054)
4(3781 4070 4071 3782)
4(4053 4054 4071 4070)
4(3766 3783 4072 4055)
4(3782 4071 4072 3783)
4(4054 4055 4072 4071)
4(3767 3784 4073 4056)
4(3783 4072 4073 3784)
4(4055 4056 4073 4072)
4(3768 3785 4074 4057)
4(3784 4073 4074 3785)
4(4056 4057 4074 4073)
4(3769 3786 4075 4058)
4(3785 4074 4075 3786)
4(4057 4058 4075 4074)
4(3770 3787 4076 4059)
4(3786 4075 4076 3787)
4(4058 4059 4076 4075)
4(3787 4076 4077 3788)
4(4059 4060 4077 4076)
4(3773 3790 4079 4062)
4(3789 4078 4079 3790)
4(4061 4062 4079 4078)
4(3774 3791 4080 4063)
4(3790 4079 4080 3791)
4(4062 4063 4080 4079)
4(3775 3792 4081 4064)
4(3791 4080 4081 3792)
4(4063 4064 4081 4080)
4(3776 3793 4082 4065)
4(3792 4081 4082 3793)
4(4064 4065 4082 4081)
4(3777 3794 4083 4066)
4(3793 4082 4083 3794)
4(4065 4066 4083 4082)
4(3778 3795 4084 4067)
4(3794 4083 4084 3795)
4(4066 4067 4084 4083)
4(3779 3796 4085 4068)
4(3795 4084 4085 3796)
4(4067 4068 4085 4084)
4(3780 3797 4086 4069)
4(3796 4085 4086 3797)
4(4068 4069 4086 4085)
4(3781 3798 4087 4070)
4(3797 4086 4087 3798)
4(4069 4070 4087 4086)
4(3782 3799 4088 4071)
4(3798 4087 4088 3799)
4(4070 4071 4088 4087)
4(3783 3800 4089 4072)
4(3799 4088 4089 3800)
4(4071 4072 4089 4088)
4(3784 3801 4090 4073)
4(3800 4089 4090 3801)
4(4072 4073 4090 4089)
4(3785 3802 4091 4074)
4(3801 4090 4091 3802)
4(4073 4074 4091 4090)
4(3786 3803 4092 4075)
4(3802 4091 4092 3803)
4(4074 4075 4092 4091)
4(3787 3804 4093 4076)
4(3803 4092 4093 3804)
4(4075 4076 4093 4092)
4(3804 4093 4094 3805)
4(4076 4077 4094 4093)
4(3790 3807 4096 4079)
4(3806 4095 4096 3807)
4(4078 4079 4096 4095)
4(3791 3808 4097 4080)
4(3807 4096 4097 3808)
4(4079 4080 4097 4096)
4(3792 3809 4098 4081)
4(3808 4097 4098 3809)
4(4080 4081 4098 4097)
4(3793 3810 4099 4082)
4(3809 4098 4099 3810)
4(4081 4082 4099 4098)
4(3794 3811 4100 4083)
4(3810 4099 4100 3811)
4(4082 4083 4100 4099)
4(3795 3812 4101 4084)
4(3811 4100 4101 3812)
4(4083 4084 4101 4100)
4(3796 3813 4102 4085)
4(3812 4101 4102 3813)
4(4084 4085 4102 4101)
4(3797 3814 4103 4086)
4(3813 4102 4103 3814)
4(4085 4086 4103 4102)
4(3798 3815 4104 4087)
4(3814 4103 4104 3815)
4(4086 4087 4104 4103)
4(3799 3816 4105 4088)
4(3815 4104 4105 3816)
4(4087 4088 4105 4104)
4(3800 3817 4106 4089)
4(3816 4105 4106 3817)
4(4088 4089 4106 4105)
4(3801 3818 4107 4090)
4(3817 4106 4107 3818)
4(4089 4090 4107 4106)
4(3802 3819 4108 4091)
4(3818 4107 4108 3819)
4(4090 4091 4108 4107)
4(3803 3820 4109 4092)
4(3819 4108 4109 3820)
4(4091 4092 4109 4108)
4(3804 3821 4110 4093)
4(3820 4109 4110 3821)
4(4092 4093 4110 4109)
4(3821 4110 4111 3822)
4(4093 4094 4111 4110)
4(3807 3824 4113 4096)
4(3823 4112 4113 3824)
4(4095 4096 4113 4112)
4(3808 3825 4114 4097)
4(3824 4113 4114 3825)
4(4096 4097 4114 4113)
4(3809 3826 4115 4098)
4(3825 4114 4115 3826)
4(4097 4098 4115 4114)
4(3810 3827 4116 4099)
4(3826 4115 4116 3827)
4(4098 4099 4116 4115)
4(3811 3828 4117 4100)
4(3827 4116 4117 3828)
4(4099 4100 4117 4116)
4(3812 3829 4118 4101)
4(3828 4117 4118 3829)
4(4100 4101 4118 4117)
4(3813 3830 4119 4102)
4(3829 4118 4119 3830)
4(4101 4102 4119 4118)
4(3814 3831 4120 4103)
4(3830 4119 4120 3831)
4(4102 4103 4120 4119)
4(3815 3832 4121 4104)
4(3831 4120 4121 3832)
4(4103 4104 4121 4120)
4(3816 3833 4122 4105)
4(3832 4121 4122 3833)
4(4104 4105 4122 4121)
4(3817 3834 4123 4106)
4(3833 4122 4123 3834)
4(4105 4106 4123 4122)
4(3818 3835 4124 4107)
4(3834 4123 4124 3835)
4(4106 4107 4124 4123)
4(3819 3836 4125 4108)
4(3835 4124 4125 3836)
4(4107 4108 4125 4124)
4(3820 3837 4126 4109)
4(3836 4125 4126 3837)
4(4108 4109 4126 4125)
4(3821 3838 4127 4110)
4(3837 4126 4127 3838)
4(4109 4110 4127 4126)
4(3838 4127 4128 3839)
4(4110 4111 4128 4127)
4(3824 3841 4130 4113)
4(3840 4129 4130 3841)
4(4112 4113 4130 4129)
4(3825 3842 4131 4114)
4(3841 4130 4131 3842)
4(4113 4114 4131 4130)
4(3826 3843 4132 4115)
4(3842 4131 4132 3843)
4(4114 4115 4132 4131)
4(3827 3844 4133 4116)
4(3843 4132 4133 3844)
4(4115 4116 4133 4132)
4(3828 3845 4134 4117)
4(3844 4133 4134 3845)
4(4116 4117 4134 4133)
4(3829 3846 4135 4118)
4(3845 4134 4135 3846)
4(4117 4118 4135 4134)
4(3830 3847 4136 4119)
4(3846 4135 4136 3847)
4(4118 4119 4136 4135)
4(3831 3848 4137 4120)
4(3847 4136 4137 3848)
4(4119 4120 4137 4136)
4(3832 3849 4138 4121)
4(3848 4137 4138 3849)
4(4120 4121 4138 4137)
4(3833 3850 4139 4122)
4(3849 4138 4139 3850)
4(4121 4122 4139 4138)
4(3834 3851 4140 4123)
4(3850 4139 4140 3851)
4(4122 4123 4140 4139)
4(3835 3852 4141 4124)
4(3851 4140 4141 3852)
4(4123 4124 4141 4140)
4(3836 3853 4142 4125)
4(3852 4141 4142 3853)
4(4124 4125 4142 4141)
4(3837 3854 4143 4126)
4(3853 4142 4143 3854)
4(4125 4126 4143 4142)
4(3838 3855 4144 4127)
4(3854 4143 4144 3855)
4(4126 4127 4144 4143)
4(3855 4144 4145 3856)
4(4127 4128 4145 4144)
4(3841 3858 4147 4130)
4(3857 4146 4147 3858)
4(4129 4130 4147 4146)
4(3842 3859 4148 4131)
4(3858 4147 4148 3859)
4(4130 4131 4148 4147)
4(3843 3860 4149 4132)
4(3859 4148 4149 3860)
4(4131 4132 4149 4148)
4(3844 3861 4150 4133)
4(3860 4149 4150 3861)
4(4132 4133 4150 4149)
4(3845 3862 4151 4134)
4(3861 4150 4151 3862)
4(4133 4134 4151 4150)
4(3846 3863 4152 4135)
4(3862 4151 4152 3863)
4(4134 4135 4152 4151)
4(3847 3864 4153 4136)
4(3863 4152 4153 3864)
4(4135 4136 4153 4152)
4(3848 3865 4154 4137)
4(3864 4153 4154 3865)
4(4136 4137 4154 4153)
4(3849 3866 4155 4138)
4(3865 4154 4155 3866)
4(4137 4138 4155 4154)
4(3850 3867 4156 4139)
4(3866 4155 4156 3867)
4(4138 4139 4156 4155)
4(3851 3868 4157 4140)
4(3867 4156 4157 3868)
4(4139 4140 4157 4156)
4(3852 3869 4158 4141)
4(3868 4157 4158 3869)
4(4140 4141 4158 4157)
4(3853 3870 4159 4142)
4(3869 4158 4159 3870)
4(4141 4142 4159 4158)
4(3854 3871 4160 4143)
4(3870 4159 4160 3871)
4(4142 4143 4160 4159)
4(3855 3872 4161 4144)
4(3871 4160 4161 3872)
4(4143 4144 4161 4160)
4(3872 4161 4162 3873)
4(4144 4145 4162 4161)
4(3858 3875 4164 4147)
4(3874 4163 4164 3875)
4(4146 4147 4164 4163)
4(3859 3876 4165 4148)
4(3875 4164 4165 3876)
4(4147 4148 4165 4164)
4(3860 3877 4166 4149)
4(3876 4165 4166 3877)
4(4148 4149 4166 4165)
4(3861 3878 4167 4150)
4(3877 4166 4167 3878)
4(4149 4150 4167 4166)
4(3862 3879 4168 4151)
4(3878 4167 4168 3879)
4(4150 4151 4168 4167)
4(3863 3880 4169 4152)
4(3879 4168 4169 3880)
4(4151 4152 4169 4168)
4(3864 3881 4170 4153)
4(3880 4169 4170 3881)
4(4152 4153 4170 4169)
4(3865 3882 4171 4154)
4(3881 4170 4171 3882)
4(4153 4154 4171 4170)
4(3866 3883 4172 4155)
4(3882 4171 4172 3883)
4(4154 4155 4172 4171)
4(3867 3884 4173 4156)
4(3883 4172 4173 3884)
4(4155 4156 4173 4172)
4(3868 3885 4174 4157)
4(3884 4173 4174 3885)
4(4156 4157 4174 4173)
4(3869 3886 4175 4158)
4(3885 4174 4175 3886)
4(4157 4158 4175 4174)
4(3870 3887 4176 4159)
4(3886 4175 4176 3887)
4(4158 4159 4176 4175)
4(3871 3888 4177 4160)
4(3887 4176 4177 3888)
4(4159 4160 4177 4176)
4(3872 3889 4178 4161)
4(3888 4177 4178 3889)
4(4160 4161 4178 4177)
4(3889 4178 4179 3890)
4(4161 4162 4179 4178)
4(3875 3892 4181 4164)
4(3891 4180 4181 3892)
4(4163 4164 4181 4180)
4(3876 3893 4182 4165)
4(3892 4181 4182 3893)
4(4164 4165 4182 4181)
4(3877 3894 4183 4166)
4(3893 4182 4183 3894)
4(4165 4166 4183 4182)
4(3878 3895 4184 4167)
4(3894 4183 4184 3895)
4(4166 4167 4184 4183)
4(3879 3896 4185 4168)
4(3895 4184 4185 3896)
4(4167 4168 4185 4184)
4(3880 3897 4186 4169)
4(3896 4185 4186 3897)
4(4168 4169 4186 4185)
4(3881 3898 4187 4170)
4(3897 4186 4187 3898)
4(4169 4170 4187 4186)
4(3882 3899 4188 4171)
4(3898 4187 4188 3899)
4(4170 4171 4188 4187)
4(3883 3900 4189 4172)
4(3899 4188 4189 3900)
4(4171 4172 4189 4188)
4(3884 3901 4190 4173)
4(3900 4189 4190 3901)
4(4172 4173 4190 4189)
4(3885 3902 4191 4174)
4(3901 4190 4191 3902)
4(4173 4174 4191 4190)
4(3886 3903 4192 4175)
4(3902 4191 4192 3903)
4(4174 4175 4192 4191)
4(3887 3904 4193 4176)
4(3903 4192 4193 3904)
4(4175 4176 4193 4192)
4(3888 3905 4194 4177)
4(3904 4193 4194 3905)
4(4176 4177 4194 4193)
4(3889 3906 4195 4178)
4(3905 4194 4195 3906)
4(4177 4178 4195 4194)
4(3906 4195 4196 3907)
4(4178 4179 4196 4195)
4(3892 3909 4198 4181)
4(3908 4197 4198 3909)
4(4180 4181 4198 4197)
4(3893 3910 4199 4182)
4(3909 4198 4199 3910)
4(4181 4182 4199 4198)
4(3894 3911 4200 4183)
4(3910 4199 4200 3911)
4(4182 4183 4200 4199)
4(3895 3912 4201 4184)
4(3911 4200 4201 3912)
4(4183 4184 4201 4200)
4(3896 3913 4202 4185)
4(3912 4201 4202 3913)
4(4184 4185 4202 4201)
4(3897 3914 4203 4186)
4(3913 4202 4203 3914)
4(4185 4186 4203 4202)
4(3898 3915 4204 4187)
4(3914 4203 4204 3915)
4(4186 4187 4204 4203)
4(3899 3916 4205 4188)
4(3915 4204 4205 3916)
4(4187 4188 4205 4204)
4(3900 3917 4206 4189)
4(3916 4205 4206 3917)
4(4188 4189 4206 4205)
4(3901 3918 4207 4190)
4(3917 4206 4207 3918)
4(4189 4190 4207 4206)
4(3902 3919 4208 4191)
4(3918 4207 4208 3919)
4(4190 4191 4208 4207)
4(3903 3920 4209 4192)
4(3919 4208 4209 3920)
4(4191 4192 4209 4208)
4(3904 3921 4210 4193)
4(3920 4209 4210 3921)
4(4192 4193 4210 4209)
4(3905 3922 4211 4194)
4(3921 4210 4211 3922)
4(4193 4194 4211 4210)
4(3906 3923 4212 4195)
4(3922 4211 4212 3923)
4(4194 4195 4212 4211)
4(3923 4212 4213 3924)
4(4195 4196 4213 4212)
4(3909 3926 4215 4198)
4(3925 4214 4215 3926)
4(4197 4198 4215 4214)
4(3910 3927 4216 4199)
4(3926 4215 4216 3927)
4(4198 4199 4216 4215)
4(3911 3928 4217 4200)
4(3927 4216 4217 3928)
4(4199 4200 4217 4216)
4(3912 3929 4218 4201)
4(3928 4217 4218 3929)
4(4200 4201 4218 4217)
4(3913 3930 4219 4202)
4(3929 4218 4219 3930)
4(4201 4202 4219 4218)
4(3914 3931 4220 4203)
4(3930 4219 4220 3931)
4(4202 4203 4220 4219)
4(3915 3932 4221 4204)
4(3931 4220 4221 3932)
4(4203 4204 4221 4220)
4(3916 3933 4222 4205)
4(3932 4221 4222 3933)
4(4204 4205 4222 4221)
4(3917 3934 4223 4206)
4(3933 4222 4223 3934)
4(4205 4206 4223 4222)
4(3918 3935 4224 4207)
4(3934 4223 4224 3935)
4(4206 4207 4224 4223)
4(3919 3936 4225 4208)
4(3935 4224 4225 3936)
4(4207 4208 4225 4224)
4(3920 3937 4226 4209)
4(3936 4225 4226 3937)
4(4208 4209 4226 4225)
4(3921 3938 4227 4210)
4(3937 4226 4227 3938)
4(4209 4210 4227 4226)
4(3922 3939 4228 4211)
4(3938 4227 4228 3939)
4(4210 4211 4228 4227)
4(3923 3940 4229 4212)
4(3939 4228 4229 3940)
4(4211 4212 4229 4228)
4(3940 4229 4230 3941)
4(4212 4213 4230 4229)
4(3926 3943 4232 4215)
4(3942 4231 4232 3943)
4(4214 4215 4232 4231)
4(3927 3944 4233 4216)
4(3943 4232 4233 3944)
4(4215 4216 4233 4232)
4(3928 3945 4234 4217)
4(3944 4233 4234 3945)
4(4216 4217 4234 4233)
4(3929 3946 4235 4218)
4(3945 4234 4235 3946)
4(4217 4218 4235 4234)
4(3930 3947 4236 4219)
4(3946 4235 4236 3947)
4(4218 4219 4236 4235)
4(3931 3948 4237 4220)
4(3947 4236 4237 3948)
4(4219 4220 4237 4236)
4(3932 3949 4238 4221)
4(3948 4237 4238 3949)
4(4220 4221 4238 4237)
4(3933 3950 4239 4222)
4(3949 4238 4239 3950)
4(4221 4222 4239 4238)
4(3934 3951 4240 4223)
4(3950 4239 4240 3951)
4(4222 4223 4240 4239)
4(3935 3952 4241 4224)
4(3951 4240 4241 3952)
4(4223 4224 4241 4240)
4(3936 3953 4242 4225)
4(3952 4241 4242 3953)
4(4224 4225 4242 4241)
4(3937 3954 4243 4226)
4(3953 4242 4243 3954)
4(4225 4226 4243 4242)
4(3938 3955 4244 4227)
4(3954 4243 4244 3955)
4(4226 4227 4244 4243)
4(3939 3956 4245 4228)
4(3955 4244 4245 3956)
4(4227 4228 4245 4244)
4(3940 3957 4246 4229)
4(3956 4245 4246 3957)
4(4228 4229 4246 4245)
4(3957 4246 4247 3958)
4(4229 4230 4247 4246)
4(3943 3960 4249 4232)
4(3959 4248 4249 3960)
4(4231 4232 4249 4248)
4(3944 3961 4250 4233)
4(3960 4249 4250 3961)
4(4232 4233 4250 4249)
4(3945 3962 4251 4234)
4(3961 4250 4251 3962)
4(4233 4234 4251 4250)
4(3946 3963 4252 4235)
4(3962 4251 4252 3963)
4(4234 4235 4252 4251)
4(3947 3964 4253 4236)
4(3963 4252 4253 3964)
4(4235 4236 4253 4252)
4(3948 3965 4254 4237)
4(3964 4253 4254 3965)
4(4236 4237 4254 4253)
4(3949 3966 4255 4238)
4(3965 4254 4255 3966)
4(4237 4238 4255 4254)
4(3950 3967 4256 4239)
4(3966 4255 4256 3967)
4(4238 4239 4256 4255)
4(3951 3968 4257 4240)
4(3967 4256 4257 3968)
4(4239 4240 4257 4256)
4(3952 3969 4258 4241)
4(3968 4257 4258 3969)
4(4240 4241 4258 4257)
4(3953 3970 4259 4242)
4(3969 4258 4259 3970)
4(4241 4242 4259 4258)
4(3954 3971 4260 4243)
4(3970 4259 4260 3971)
4(4242 4243 4260 4259)
4(3955 3972 4261 4244)
4(3971 4260 4261 3972)
4(4243 4244 4261 4260)
4(3956 3973 4262 4245)
4(3972 4261 4262 3973)
4(4244 4245 4262 4261)
4(3957 3974 4263 4246)
4(3973 4262 4263 3974)
4(4245 4246 4263 4262)
4(3974 4263 4264 3975)
4(4246 4247 4264 4263)
4(3960 3977 4266 4249)
4(3976 4265 4266 3977)
4(4248 4249 4266 4265)
4(3961 3978 4267 4250)
4(3977 4266 4267 3978)
4(4249 4250 4267 4266)
4(3962 3979 4268 4251)
4(3978 4267 4268 3979)
4(4250 4251 4268 4267)
4(3963 3980 4269 4252)
4(3979 4268 4269 3980)
4(4251 4252 4269 4268)
4(3964 3981 4270 4253)
4(3980 4269 4270 3981)
4(4252 4253 4270 4269)
4(3965 3982 4271 4254)
4(3981 4270 4271 3982)
4(4253 4254 4271 4270)
4(3966 3983 4272 4255)
4(3982 4271 4272 3983)
4(4254 4255 4272 4271)
4(3967 3984 4273 4256)
4(3983 4272 4273 3984)
4(4255 4256 4273 4272)
4(3968 3985 4274 4257)
4(3984 4273 4274 3985)
4(4256 4257 4274 4273)
4(3969 3986 4275 4258)
4(3985 4274 4275 3986)
4(4257 4258 4275 4274)
4(3970 3987 4276 4259)
4(3986 4275 4276 3987)
4(4258 4259 4276 4275)
4(3971 3988 4277 4260)
4(3987 4276 4277 3988)
4(4259 4260 4277 4276)
4(3972 3989 4278 4261)
4(3988 4277 4278 3989)
4(4260 4261 4278 4277)
4(3973 3990 4279 4262)
4(3989 4278 4279 3990)
4(4261 4262 4279 4278)
4(3974 3991 4280 4263)
4(3990 4279 4280 3991)
4(4262 4263 4280 4279)
4(3991 4280 4281 3992)
4(4263 4264 4281 4280)
4(3977 3994 4283 4266)
4(4265 4266 4283 4282)
4(3978 3995 4284 4267)
4(4266 4267 4284 4283)
4(3979 3996 4285 4268)
4(4267 4268 4285 4284)
4(3980 3997 4286 4269)
4(4268 4269 4286 4285)
4(3981 3998 4287 4270)
4(4269 4270 4287 4286)
4(3982 3999 4288 4271)
4(4270 4271 4288 4287)
4(3983 4000 4289 4272)
4(4271 4272 4289 4288)
4(3984 4001 4290 4273)
4(4272 4273 4290 4289)
4(3985 4002 4291 4274)
4(4273 4274 4291 4290)
4(3986 4003 4292 4275)
4(4274 4275 4292 4291)
4(3987 4004 4293 4276)
4(4275 4276 4293 4292)
4(3988 4005 4294 4277)
4(4276 4277 4294 4293)
4(3989 4006 4295 4278)
4(4277 4278 4295 4294)
4(3990 4007 4296 4279)
4(4278 4279 4296 4295)
4(3991 4008 4297 4280)
4(4279 4280 4297 4296)
4(4280 4281 4298 4297)
4(4011 4028 4317 4300)
4(4027 4316 4317 4028)
4(4299 4300 4317 4316)
4(4012 4029 4318 4301)
4(4028 4317 4318 4029)
4(4300 4301 4318 4317)
4(4013 4030 4319 4302)
4(4029 4318 4319 4030)
4(4301 4302 4319 4318)
4(4014 4031 4320 4303)
4(4030 4319 4320 4031)
4(4302 4303 4320 4319)
4(4015 4032 4321 4304)
4(4031 4320 4321 4032)
4(4303 4304 4321 4320)
4(4016 4033 4322 4305)
4(4032 4321 4322 4033)
4(4304 4305 4322 4321)
4(4017 4034 4323 4306)
4(4033 4322 4323 4034)
4(4305 4306 4323 4322)
4(4018 4035 4324 4307)
4(4034 4323 4324 4035)
4(4306 4307 4324 4323)
4(4019 4036 4325 4308)
4(4035 4324 4325 4036)
4(4307 4308 4325 4324)
4(4020 4037 4326 4309)
4(4036 4325 4326 4037)
4(4308 4309 4326 4325)
4(4021 4038 4327 4310)
4(4037 4326 4327 4038)
4(4309 4310 4327 4326)
4(4022 4039 4328 4311)
4(4038 4327 4328 4039)
4(4310 4311 4328 4327)
4(4023 4040 4329 4312)
4(4039 4328 4329 4040)
4(4311 4312 4329 4328)
4(4024 4041 4330 4313)
4(4040 4329 4330 4041)
4(4312 4313 4330 4329)
4(4025 4042 4331 4314)
4(4041 4330 4331 4042)
4(4313 4314 4331 4330)
4(4042 4331 4332 4043)
4(4314 4315 4332 4331)
4(4028 4045 4334 4317)
4(4044 4333 4334 4045)
4(4316 4317 4334 4333)
4(4029 4046 4335 4318)
4(4045 4334 4335 4046)
4(4317 4318 4335 4334)
4(4030 4047 4336 4319)
4(4046 4335 4336 4047)
4(4318 4319 4336 4335)
4(4031 4048 4337 4320)
4(4047 4336 4337 4048)
4(4319 4320 4337 4336)
4(4032 4049 4338 4321)
4(4048 4337 4338 4049)
4(4320 4321 4338 4337)
4(4033 4050 4339 4322)
4(4049 4338 4339 4050)
4(4321 4322 4339 4338)
4(4034 4051 4340 4323)
4(4050 4339 4340 4051)
4(4322 4323 4340 4339)
4(4035 4052 4341 4324)
4(4051 4340 4341 4052)
4(4323 4324 4341 4340)
4(4036 4053 4342 4325)
4(4052 4341 4342 4053)
4(4324 4325 4342 4341)
4(4037 4054 4343 4326)
4(4053 4342 4343 4054)
4(4325 4326 4343 4342)
4(4038 4055 4344 4327)
4(4054 4343 4344 4055)
4(4326 4327 4344 4343)
4(4039 4056 4345 4328)
4(4055 4344 4345 4056)
4(4327 4328 4345 4344)
4(4040 4057 4346 4329)
4(4056 4345 4346 4057)
4(4328 4329 4346 4345)
4(4041 4058 4347 4330)
4(4057 4346 4347 4058)
4(4329 4330 4347 4346)
4(4042 4059 4348 4331)
4(4058 4347 4348 4059)
4(4330 4331 4348 4347)
4(4059 4348 4349 4060)
4(4331 4332 4349 4348)
4(4045 4062 4351 4334)
4(4061 4350 4351 4062)
4(4333 4334 4351 4350)
4(4046 4063 4352 4335)
4(4062 4351 4352 4063)
4(4334 4335 4352 4351)
4(4047 4064 4353 4336)
4(4063 4352 4353 4064)
4(4335 4336 4353 4352)
4(4048 4065 4354 4337)
4(4064 4353 4354 4065)
4(4336 4337 4354 4353)
4(4049 4066 4355 4338)
4(4065 4354 4355 4066)
4(4337 4338 4355 4354)
4(4050 4067 4356 4339)
4(4066 4355 4356 4067)
4(4338 4339 4356 4355)
4(4051 4068 4357 4340)
4(4067 4356 4357 4068)
4(4339 4340 4357 4356)
4(4052 4069 4358 4341)
4(4068 4357 4358 4069)
4(4340 4341 4358 4357)
4(4053 4070 4359 4342)
4(4069 4358 4359 4070)
4(4341 4342 4359 4358)
4(4054 4071 4360 4343)
4(4070 4359 4360 4071)
4(4342 4343 4360 4359)
4(4055 4072 4361 4344)
4(4071 4360 4361 4072)
4(4343 4344 4361 4360)
4(4056 4073 4362 4345)
4(4072 4361 4362 4073)
4(4344 4345 4362 4361)
4(4057 4074 4363 4346)
4(4073 4362 4363 4074)
4(4345 4346 4363 4362)
4(4058 4075 4364 4347)
4(4074 4363 4364 4075)
4(4346 4347 4364 4363)
4(4059 4076 4365 4348)
4(4075 4364 4365 4076)
4(4347 4348 4365 4364)
4(4076 4365 4366 4077)
4(4348 4349 4366 4365)
4(4062 4079 4368 4351)
4(4078 4367 4368 4079)
4(4350 4351 4368 4367)
4(4063 4080 4369 4352)
4(4079 4368 4369 4080)
4(4351 4352 4369 4368)
4(4064 4081 4370 4353)
4(4080 4369 4370 4081)
4(4352 4353 4370 4369)
4(4065 4082 4371 4354)
4(4081 4370 4371 4082)
4(4353 4354 4371 4370)
4(4066 4083 4372 4355)
4(4082 4371 4372 4083)
4(4354 4355 4372 4371)
4(4067 4084 4373 4356)
4(4083 4372 4373 4084)
4(4355 4356 4373 4372)
4(4068 4085 4374 4357)
4(4084 4373 4374 4085)
4(4356 4357 4374 4373)
4(4069 4086 4375 4358)
4(4085 4374 4375 4086)
4(4357 4358 4375 4374)
4(4070 4087 4376 4359)
4(4086 4375 4376 4087)
4(4358 4359 4376 4375)
4(4071 4088 4377 4360)
4(4087 4376 4377 4088)
4(4359 4360 4377 4376)
4(4072 4089 4378 4361)
4(4088 4377 4378 4089)
4(4360 4361 4378 4377)
4(4073 4090 4379 4362)
4(4089 4378 4379 4090)
4(4361 4362 4379 4378)
4(4074 4091 4380 4363)
4(4090 4379 4380 4091)
4(4362 4363 4380 4379)
4(4075 4092 4381 4364)
4(4091 4380 4381 4092)
4(4363 4364 4381 4380)
4(4076 4093 4382 4365)
4(4092 4381 4382 4093)
4(4364 4365 4382 4381)
4(4093 4382 4383 4094)
4(4365 4366 4383 4382)
4(4079 4096 4385 4368)
4(4095 4384 4385 4096)
4(4367 4368 4385 4384)
4(4080 4097 4386 4369)
4(4096 4385 4386 4097)
4(4368 4369 4386 4385)
4(4081 4098 4387 4370)
4(4097 4386 4387 4098)
4(4369 4370 4387 4386)
4(4082 4099 4388 4371)
4(4098 4387 4388 4099)
4(4370 4371 4388 4387)
4(4083 4100 4389 4372)
4(4099 4388 4389 4100)
4(4371 4372 4389 4388)
4(4084 4101 4390 4373)
4(4100 4389 4390 4101)
4(4372 4373 4390 4389)
4(4085 4102 4391 4374)
4(4101 4390 4391 4102)
4(4373 4374 4391 4390)
4(4086 4103 4392 4375)
4(4102 4391 4392 4103)
4(4374 4375 4392 4391)
4(4087 4104 4393 4376)
4(4103 4392 4393 4104)
4(4375 4376 4393 4392)
4(4088 4105 4394 4377)
4(4104 4393 4394 4105)
4(4376 4377 4394 4393)
4(4089 4106 4395 4378)
4(4105 4394 4395 4106)
4(4377 4378 4395 4394)
4(4090 4107 4396 4379)
4(4106 4395 4396 4107)
4(4378 4379 4396 4395)
4(4091 4108 4397 4380)
4(4107 4396 4397 4108)
4(4379 4380 4397 4396)
4(4092 4109 4398 4381)
4(4108 4397 4398 4109)
4(4380 4381 4398 4397)
4(4093 4110 4399 4382)
4(4109 4398 4399 4110)
4(4381 4382 4399 4398)
4(4110 4399 4400 4111)
4(4382 4383 4400 4399)
4(4096 4113 4402 4385)
4(4112 4401 4402 4113)
4(4384 4385 4402 4401)
4(4097 4114 4403 4386)
4(4113 4402 4403 4114)
4(4385 4386 4403 4402)
4(4098 4115 4404 4387)
4(4114 4403 4404 4115)
4(4386 4387 4404 4403)
4(4099 4116 4405 4388)
4(4115 4404 4405 4116)
4(4387 4388 4405 4404)
4(4100 4117 4406 4389)
4(4116 4405 4406 4117)
4(4388 4389 4406 4405)
4(4101 4118 4407 4390)
4(4117 4406 4407 4118)
4(4389 4390 4407 4406)
4(4102 4119 4408 4391)
4(4118 4407 4408 4119)
4(4390 4391 4408 4407)
4(4103 4120 4409 4392)
4(4119 4408 4409 4120)
4(4391 4392 4409 4408)
4(4104 4121 4410 4393)
4(4120 4409 4410 4121)
4(4392 4393 4410 4409)
4(4105 4122 4411 4394)
4(4121 4410 4411 4122)
4(4393 4394 4411 4410)
4(4106 4123 4412 4395)
4(4122 4411 4412 4123)
4(4394 4395 4412 4411)
4(4107 4124 4413 4396)
4(4123 4412 4413 4124)
4(4395 4396 4413 4412)
4(4108 4125 4414 4397)
4(4124 4413 4414 4125)
4(4396 4397 4414 4413)
4(4109 4126 4415 4398)
4(4125 4414 4415 4126)
4(4397 4398 4415 4414)
4(4110 4127 4416 4399)
4(4126 4415 4416 4127)
4(4398 4399 4416 4415)
4(4127 4416 4417 4128)
4(4399 4400 4417 4416)
4(4113 4130 4419 4402)
4(4129 4418 4419 4130)
4(4401 4402 4419 4418)
4(4114 4131 4420 4403)
4(4130 4419 4420 4131)
4(4402 4403 4420 4419)
4(4115 4132 4421 4404)
4(4131 4420 4421 4132)
4(4403 4404 4421 4420)
4(4116 4133 4422 4405)
4(4132 4421 4422 4133)
4(4404 4405 4422 4421)
4(4117 4134 4423 4406)
4(4133 4422 4423 4134)
4(4405 4406 4423 4422)
4(4118 4135 4424 4407)
4(4134 4423 4424 4135)
4(4406 4407 4424 4423)
4(4119 4136 4425 4408)
4(4135 4424 4425 4136)
4(4407 4408 4425 4424)
4(4120 4137 4426 4409)
4(4136 4425 4426 4137)
4(4408 4409 4426 4425)
4(4121 4138 4427 4410)
4(4137 4426 4427 4138)
4(4409 4410 4427 4426)
4(4122 4139 4428 4411)
4(4138 4427 4428 4139)
4(4410 4411 4428 4427)
4(4123 4140 4429 4412)
4(4139 4428 4429 4140)
4(4411 4412 4429 4428)
4(4124 4141 4430 4413)
4(4140 4429 4430 4141)
4(4412 4413 4430 4429)
4(4125 4142 4431 4414)
4(4141 4430 4431 4142)
4(4413 4414 4431 4430)
4(4126 4143 4432 4415)
4(4142 4431 4432 4143)
4(4414 4415 4432 4431)
4(4127 4144 4433 4416)
4(4143 4432 4433 4144)
4(4415 4416 4433 4432)
4(4144 4433 4434 4145)
4(4416 4417 4434 4433)
4(4130 4147 4436 4419)
4(4146 4435 4436 4147)
4(4418 4419 4436 4435)
4(4131 4148 4437 4420)
4(4147 4436 4437 4148)
4(4419 4420 4437 4436)
4(4132 4149 4438 4421)
4(4148 4437 4438 4149)
4(4420 4421 4438 4437)
4(4133 4150 4439 4422)
4(4149 4438 4439 4150)
4(4421 4422 4439 4438)
4(4134 4151 4440 4423)
4(4150 4439 4440 4151)
4(4422 4423 4440 4439)
4(4135 4152 4441 4424)
4(4151 4440 4441 4152)
4(4423 4424 4441 4440)
4(4136 4153 4442 4425)
4(4152 4441 4442 4153)
4(4424 4425 4442 4441)
4(4137 4154 4443 4426)
4(4153 4442 4443 4154)
4(4425 4426 4443 4442)
4(4138 4155 4444 4427)
4(4154 4443 4444 4155)
4(4426 4427 4444 4443)
4(4139 4156 4445 4428)
4(4155 4444 4445 4156)
4(4427 4428 4445 4444)
4(4140 4157 4446 4429)
4(4156 4445 4446 4157)
4(4428 4429 4446 4445)
4(4141 4158 4447 4430)
4(4157 4446 4447 4158)
4(4429 4430 4447 4446)
4(4142 4159 4448 4431)
4(4158 4447 4448 4159)
4(4430 4431 4448 4447)
4(4143 4160 4449 4432)
4(4159 4448 4449 4160)
4(4431 4432 4449 4448)
4(4144 4161 4450 4433)
4(4160 4449 4450 4161)
4(4432 4433 4450 4449)
4(4161 4450 4451 4162)
4(4433 4434 4451 4450)
4(4147 4164 4453 4436)
4(4163 4452 4453 4164)
4(4435 4436 4453 4452)
4(4148 4165 4454 4437)
4(4164 4453 4454 4165)
4(4436 4437 4454 4453)
4(4149 4166 4455 4438)
4(4165 4454 4455 4166)
4(4437 4438 4455 4454)
4(4150 4167 4456 4439)
4(4166 4455 4456 4167)
4(4438 4439 4456 4455)
4(4151 4168 4457 4440)
4(4167 4456 4457 4168)
4(4439 4440 4457 4456)
4(4152 4169 4458 4441)
4(4168 4457 4458 4169)
4(4440 4441 4458 4457)
4(4153 4170 4459 4442)
4(4169 4458 4459 4170)
4(4441 4442 4459 4458)
4(4154 4171 4460 4443)
4(4170 4459 4460 4171)
4(4442 4443 4460 4459)
4(4155 4172 4461 4444)
4(4171 4460 4461 4172)
4(4443 4444 4461 4460)
4(4156 4173 4462 4445)
4(4172 4461 4462 4173)
4(4444 4445 4462 4461)
4(4157 4174 4463 4446)
4(4173 4462 4463 4174)
4(4445 4446 4463 4462)
4(4158 4175 4464 4447)
4(4174 4463 4464 4175)
4(4446 4447 4464 4463)
4(4159 4176 4465 4448)
4(4175 4464 4465 4176)
4(4447 4448 4465 4464)
4(4160 4177 4466 4449)
4(4176 4465 4466 4177)
4(4448 4449 4466 4465)
4(4161 4178 4467 4450)
4(4177 4466 4467 4178)
4(4449 4450 4467 4466)
4(4178 4467 4468 4179)
4(4450 4451 4468 4467)
4(4164 4181 4470 4453)
4(4180 4469 4470 4181)
4(4452 4453 4470 4469)
4(4165 4182 4471 4454)
4(4181 4470 4471 4182)
4(4453 4454 4471 4470)
4(4166 4183 4472 4455)
4(4182 4471 4472 4183)
4(4454 4455 4472 4471)
4(4167 4184 4473 4456)
4(4183 4472 4473 4184)
4(4455 4456 4473 4472)
4(4168 4185 4474 4457)
4(4184 4473 4474 4185)
4(4456 4457 4474 4473)
4(4169 4186 4475 4458)
4(4185 4474 4475 4186)
4(4457 4458 4475 4474)
4(4170 4187 4476 4459)
4(4186 4475 4476 4187)
4(4458 4459 4476 4475)
4(4171 4188 4477 4460)
4(4187 4476 4477 4188)
4(4459 4460 4477 4476)
4(4172 4189 4478 4461)
4(4188 4477 4478 4189)
4(4460 4461 4478 4477)
4(4173 4190 4479 4462)
4(4189 4478 4479 4190)
4(4461 4462 4479 4478)
4(4174 4191 4480 4463)
4(4190 4479 4480 4191)
4(4462 4463 4480 4479)
4(4175 4192 4481 4464)
4(4191 4480 4481 4192)
4(4463 4464 4481 4480)
4(4176 4193 4482 4465)
4(4192 4481 4482 4193)
4(4464 4465 4482 4481)
4(4177 4194 4483 4466)
4(4193 4482 4483 4194)
4(4465 4466 4483 4482)
4(4178 4195 4484 4467)
4(4194 4483 4484 4195)
4(4466 4467 4484 4483)
4(4195 4484 4485 4196)
4(4467 4468 4485 4484)
4(4181 4198 4487 4470)
4(4197 4486 4487 4198)
4(4469 4470 4487 4486)
4(4182 4199 4488 4471)
4(4198 4487 4488 4199)
4(4470 4471 4488 4487)
4(4183 4200 4489 4472)
4(4199 4488 4489 4200)
4(4471 4472 4489 4488)
4(4184 4201 4490 4473)
4(4200 4489 4490 4201)
4(4472 4473 4490 4489)
4(4185 4202 4491 4474)
4(4201 4490 4491 4202)
4(4473 4474 4491 4490)
4(4186 4203 4492 4475)
4(4202 4491 4492 4203)
4(4474 4475 4492 4491)
4(4187 4204 4493 4476)
4(4203 4492 4493 4204)
4(4475 4476 4493 4492)
4(4188 4205 4494 4477)
4(4204 4493 4494 4205)
4(4476 4477 4494 4493)
4(4189 4206 4495 4478)
4(4205 4494 4495 4206)
4(4477 4478 4495 4494)
4(4190 4207 4496 4479)
4(4206 4495 4496 4207)
4(4478 4479 4496 4495)
4(4191 4208 4497 4480)
4(4207 4496 4497 4208)
4(4479 4480 4497 4496)
4(4192 4209 4498 4481)
4(4208 4497 4498 4209)
4(4480 4481 4498 4497)
4(4193 4210 4499 4482)
4(4209 4498 4499 4210)
4(4481 4482 4499 4498)
4(4194 4211 4500 4483)
4(4210 4499 4500 4211)
4(4482 4483 4500 4499)
4(4195 4212 4501 4484)
4(4211 4500 4501 4212)
4(4483 4484 4501 4500)
4(4212 4501 4502 4213)
4(4484 4485 4502 4501)
4(4198 4215 4504 4487)
4(4214 4503 4504 4215)
4(4486 4487 4504 4503)
4(4199 4216 4505 4488)
4(4215 4504 4505 4216)
4(4487 4488 4505 4504)
4(4200 4217 4506 4489)
4(4216 4505 4506 4217)
4(4488 4489 4506 4505)
4(4201 4218 4507 4490)
4(4217 4506 4507 4218)
4(4489 4490 4507 4506)
4(4202 4219 4508 4491)
4(4218 4507 4508 4219)
4(4490 4491 4508 4507)
4(4203 4220 4509 4492)
4(4219 4508 4509 4220)
4(4491 4492 4509 4508)
4(4204 4221 4510 4493)
4(4220 4509 4510 4221)
4(4492 4493 4510 4509)
4(4205 4222 4511 4494)
4(4221 4510 4511 4222)
4(4493 4494 4511 4510)
4(4206 4223 4512 4495)
4(4222 4511 4512 4223)
4(4494 4495 4512 4511)
4(4207 4224 4513 4496)
4(4223 4512 4513 4224)
4(4495 4496 4513 4512)
4(4208 4225 4514 4497)
4(4224 4513 4514 4225)
4(4496 4497 4514 4513)
4(4209 4226 4515 4498)
4(4225 4514 4515 4226)
4(4497 4498 4515 4514)
4(4210 4227 4516 4499)
4(4226 4515 4516 4227)
4(4498 4499 4516 4515)
4(4211 4228 4517 4500)
4(4227 4516 4517 4228)
4(4499 4500 4517 4516)
4(4212 4229 4518 4501)
4(4228 4517 4518 4229)
4(4500 4501 4518 4517)
4(4229 4518 4519 4230)
4(4501 4502 4519 4518)
4(4215 4232 4521 4504)
4(4231 4520 4521 4232)
4(4503 4504 4521 4520)
4(4216 4233 4522 4505)
4(4232 4521 4522 4233)
4(4504 4505 4522 4521)
4(4217 4234 4523 4506)
4(4233 4522 4523 4234)
4(4505 4506 4523 4522)
4(4218 4235 4524 4507)
4(4234 4523 4524 4235)
4(4506 4507 4524 4523)
4(4219 4236 4525 4508)
4(4235 4524 4525 4236)
4(4507 4508 4525 4524)
4(4220 4237 4526 4509)
4(4236 4525 4526 4237)
4(4508 4509 4526 4525)
4(4221 4238 4527 4510)
4(4237 4526 4527 4238)
4(4509 4510 4527 4526)
4(4222 4239 4528 4511)
4(4238 4527 4528 4239)
4(4510 4511 4528 4527)
4(4223 4240 4529 4512)
4(4239 4528 4529 4240)
4(4511 4512 4529 4528)
4(4224 4241 4530 4513)
4(4240 4529 4530 4241)
4(4512 4513 4530 4529)
4(4225 4242 4531 4514)
4(4241 4530 4531 4242)
4(4513 4514 4531 4530)
4(4226 4243 4532 4515)
4(4242 4531 4532 4243)
4(4514 4515 4532 4531)
4(4227 4244 4533 4516)
4(4243 4532 4533 4244)
4(4515 4516 4533 4532)
4(4228 4245 4534 4517)
4(4244 4533 4534 4245)
4(4516 4517 4534 4533)
4(4229 4246 4535 4518)
4(4245 4534 4535 4246)
4(4517 4518 4535 4534)
4(4246 4535 4536 4247)
4(4518 4519 4536 4535)
4(4232 4249 4538 4521)
4(4248 4537 4538 4249)
4(4520 4521 4538 4537)
4(4233 4250 4539 4522)
4(4249 4538 4539 4250)
4(4521 4522 4539 4538)
4(4234 4251 4540 4523)
4(4250 4539 4540 4251)
4(4522 4523 4540 4539)
4(4235 4252 4541 4524)
4(4251 4540 4541 4252)
4(4523 4524 4541 4540)
4(4236 4253 4542 4525)
4(4252 4541 4542 4253)
4(4524 4525 4542 4541)
4(4237 4254 4543 4526)
4(4253 4542 4543 4254)
4(4525 4526 4543 4542)
4(4238 4255 4544 4527)
4(4254 4543 4544 4255)
4(4526 4527 4544 4543)
4(4239 4256 4545 4528)
4(4255 4544 4545 4256)
4(4527 4528 4545 4544)
4(4240 4257 4546 4529)
4(4256 4545 4546 4257)
4(4528 4529 4546 4545)
4(4241 4258 4547 4530)
4(4257 4546 4547 4258)
4(4529 4530 4547 4546)
4(4242 4259 4548 4531)
4(4258 4547 4548 4259)
4(4530 4531 4548 4547)
4(4243 4260 4549 4532)
4(4259 4548 4549 4260)
4(4531 4532 4549 4548)
4(4244 4261 4550 4533)
4(4260 4549 4550 4261)
4(4532 4533 4550 4549)
4(4245 4262 4551 4534)
4(4261 4550 4551 4262)
4(4533 4534 4551 4550)
4(4246 4263 4552 4535)
4(4262 4551 4552 4263)
4(4534 4535 4552 4551)
4(4263 4552 4553 4264)
4(4535 4536 4553 4552)
4(4249 4266 4555 4538)
4(4265 4554 4555 4266)
4(4537 4538 4555 4554)
4(4250 4267 4556 4539)
4(4266 4555 4556 4267)
4(4538 4539 4556 4555)
4(4251 4268 4557 4540)
4(4267 4556 4557 4268)
4(4539 4540 4557 4556)
4(4252 4269 4558 4541)
4(4268 4557 4558 4269)
4(4540 4541 4558 4557)
4(4253 4270 4559 4542)
4(4269 4558 4559 4270)
4(4541 4542 4559 4558)
4(4254 4271 4560 4543)
4(4270 4559 4560 4271)
4(4542 4543 4560 4559)
4(4255 4272 4561 4544)
4(4271 4560 4561 4272)
4(4543 4544 4561 4560)
4(4256 4273 4562 4545)
4(4272 4561 4562 4273)
4(4544 4545 4562 4561)
4(4257 4274 4563 4546)
4(4273 4562 4563 4274)
4(4545 4546 4563 4562)
4(4258 4275 4564 4547)
4(4274 4563 4564 4275)
4(4546 4547 4564 4563)
4(4259 4276 4565 4548)
4(4275 4564 4565 4276)
4(4547 4548 4565 4564)
4(4260 4277 4566 4549)
4(4276 4565 4566 4277)
4(4548 4549 4566 4565)
4(4261 4278 4567 4550)
4(4277 4566 4567 4278)
4(4549 4550 4567 4566)
4(4262 4279 4568 4551)
4(4278 4567 4568 4279)
4(4550 4551 4568 4567)
4(4263 4280 4569 4552)
4(4279 4568 4569 4280)
4(4551 4552 4569 4568)
4(4280 4569 4570 4281)
4(4552 4553 4570 4569)
4(4266 4283 4572 4555)
4(4554 4555 4572 4571)
4(4267 4284 4573 4556)
4(4555 4556 4573 4572)
4(4268 4285 4574 4557)
4(4556 4557 4574 4573)
4(4269 4286 4575 4558)
4(4557 4558 4575 4574)
4(4270 4287 4576 4559)
4(4558 4559 4576 4575)
4(4271 4288 4577 4560)
4(4559 4560 4577 4576)
4(4272 4289 4578 4561)
4(4560 4561 4578 4577)
4(4273 4290 4579 4562)
4(4561 4562 4579 4578)
4(4274 4291 4580 4563)
4(4562 4563 4580 4579)
4(4275 4292 4581 4564)
4(4563 4564 4581 4580)
4(4276 4293 4582 4565)
4(4564 4565 4582 4581)
4(4277 4294 4583 4566)
4(4565 4566 4583 4582)
4(4278 4295 4584 4567)
4(4566 4567 4584 4583)
4(4279 4296 4585 4568)
4(4567 4568 4585 4584)
4(4280 4297 4586 4569)
4(4568 4569 4586 4585)
4(4569 4570 4587 4586)
4(4300 4317 4606 4589)
4(4316 4605 4606 4317)
4(4301 4318 4607 4590)
4(4317 4606 4607 4318)
4(4302 4319 4608 4591)
4(4318 4607 4608 4319)
4(4303 4320 4609 4592)
4(4319 4608 4609 4320)
4(4304 4321 4610 4593)
4(4320 4609 4610 4321)
4(4305 4322 4611 4594)
4(4321 4610 4611 4322)
4(4306 4323 4612 4595)
4(4322 4611 4612 4323)
4(4307 4324 4613 4596)
4(4323 4612 4613 4324)
4(4308 4325 4614 4597)
4(4324 4613 4614 4325)
4(4309 4326 4615 4598)
4(4325 4614 4615 4326)
4(4310 4327 4616 4599)
4(4326 4615 4616 4327)
4(4311 4328 4617 4600)
4(4327 4616 4617 4328)
4(4312 4329 4618 4601)
4(4328 4617 4618 4329)
4(4313 4330 4619 4602)
4(4329 4618 4619 4330)
4(4314 4331 4620 4603)
4(4330 4619 4620 4331)
4(4331 4620 4621 4332)
4(4317 4334 4623 4606)
4(4333 4622 4623 4334)
4(4318 4335 4624 4607)
4(4334 4623 4624 4335)
4(4319 4336 4625 4608)
4(4335 4624 4625 4336)
4(4320 4337 4626 4609)
4(4336 4625 4626 4337)
4(4321 4338 4627 4610)
4(4337 4626 4627 4338)
4(4322 4339 4628 4611)
4(4338 4627 4628 4339)
4(4323 4340 4629 4612)
4(4339 4628 4629 4340)
4(4324 4341 4630 4613)
4(4340 4629 4630 4341)
4(4325 4342 4631 4614)
4(4341 4630 4631 4342)
4(4326 4343 4632 4615)
4(4342 4631 4632 4343)
4(4327 4344 4633 4616)
4(4343 4632 4633 4344)
4(4328 4345 4634 4617)
4(4344 4633 4634 4345)
4(4329 4346 4635 4618)
4(4345 4634 4635 4346)
4(4330 4347 4636 4619)
4(4346 4635 4636 4347)
4(4331 4348 4637 4620)
4(4347 4636 4637 4348)
4(4348 4637 4638 4349)
4(4334 4351 4640 4623)
4(4350 4639 4640 4351)
4(4335 4352 4641 4624)
4(4351 4640 4641 4352)
4(4336 4353 4642 4625)
4(4352 4641 4642 4353)
4(4337 4354 4643 4626)
4(4353 4642 4643 4354)
4(4338 4355 4644 4627)
4(4354 4643 4644 4355)
4(4339 4356 4645 4628)
4(4355 4644 4645 4356)
4(4340 4357 4646 4629)
4(4356 4645 4646 4357)
4(4341 4358 4647 4630)
4(4357 4646 4647 4358)
4(4342 4359 4648 4631)
4(4358 4647 4648 4359)
4(4343 4360 4649 4632)
4(4359 4648 4649 4360)
4(4344 4361 4650 4633)
4(4360 4649 4650 4361)
4(4345 4362 4651 4634)
4(4361 4650 4651 4362)
4(4346 4363 4652 4635)
4(4362 4651 4652 4363)
4(4347 4364 4653 4636)
4(4363 4652 4653 4364)
4(4348 4365 4654 4637)
4(4364 4653 4654 4365)
4(4365 4654 4655 4366)
4(4351 4368 4657 4640)
4(4367 4656 4657 4368)
4(4352 4369 4658 4641)
4(4368 4657 4658 4369)
4(4353 4370 4659 4642)
4(4369 4658 4659 4370)
4(4354 4371 4660 4643)
4(4370 4659 4660 4371)
4(4355 4372 4661 4644)
4(4371 4660 4661 4372)
4(4356 4373 4662 4645)
4(4372 4661 4662 4373)
4(4357 4374 4663 4646)
4(4373 4662 4663 4374)
4(4358 4375 4664 4647)
4(4374 4663 4664 4375)
4(4359 4376 4665 4648)
4(4375 4664 4665 4376)
4(4360 4377 4666 4649)
4(4376 4665 4666 4377)
4(4361 4378 4667 4650)
4(4377 4666 4667 4378)
4(4362 4379 4668 4651)
4(4378 4667 4668 4379)
4(4363 4380 4669 4652)
4(4379 4668 4669 4380)
4(4364 4381 4670 4653)
4(4380 4669 4670 4381)
4(4365 4382 4671 4654)
4(4381 4670 4671 4382)
4(4382 4671 4672 4383)
4(4368 4385 4674 4657)
4(4384 4673 4674 4385)
4(4369 4386 4675 4658)
4(4385 4674 4675 4386)
4(4370 4387 4676 4659)
4(4386 4675 4676 4387)
4(4371 4388 4677 4660)
4(4387 4676 4677 4388)
4(4372 4389 4678 4661)
4(4388 4677 4678 4389)
4(4373 4390 4679 4662)
4(4389 4678 4679 4390)
4(4374 4391 4680 4663)
4(4390 4679 4680 4391)
4(4375 4392 4681 4664)
4(4391 4680 4681 4392)
4(4376 4393 4682 4665)
4(4392 4681 4682 4393)
4(4377 4394 4683 4666)
4(4393 4682 4683 4394)
4(4378 4395 4684 4667)
4(4394 4683 4684 4395)
4(4379 4396 4685 4668)
4(4395 4684 4685 4396)
4(4380 4397 4686 4669)
4(4396 4685 4686 4397)
4(4381 4398 4687 4670)
4(4397 4686 4687 4398)
4(4382 4399 4688 4671)
4(4398 4687 4688 4399)
4(4399 4688 4689 4400)
4(4385 4402 4691 4674)
4(4401 4690 4691 4402)
4(4386 4403 4692 4675)
4(4402 4691 4692 4403)
4(4387 4404 4693 4676)
4(4403 4692 4693 4404)
4(4388 4405 4694 4677)
4(4404 4693 4694 4405)
4(4389 4406 4695 4678)
4(4405 4694 4695 4406)
4(4390 4407 4696 4679)
4(4406 4695 4696 4407)
4(4391 4408 4697 4680)
4(4407 4696 4697 4408)
4(4392 4409 4698 4681)
4(4408 4697 4698 4409)
4(4393 4410 4699 4682)
4(4409 4698 4699 4410)
4(4394 4411 4700 4683)
4(4410 4699 4700 4411)
4(4395 4412 4701 4684)
4(4411 4700 4701 4412)
4(4396 4413 4702 4685)
4(4412 4701 4702 4413)
4(4397 4414 4703 4686)
4(4413 4702 4703 4414)
4(4398 4415 4704 4687)
4(4414 4703 4704 4415)
4(4399 4416 4705 4688)
4(4415 4704 4705 4416)
4(4416 4705 4706 4417)
4(4402 4419 4708 4691)
4(4418 4707 4708 4419)
4(4403 4420 4709 4692)
4(4419 4708 4709 4420)
4(4404 4421 4710 4693)
4(4420 4709 4710 4421)
4(4405 4422 4711 4694)
4(4421 4710 4711 4422)
4(4406 4423 4712 4695)
4(4422 4711 4712 4423)
4(4407 4424 4713 4696)
4(4423 4712 4713 4424)
4(4408 4425 4714 4697)
4(4424 4713 4714 4425)
4(4409 4426 4715 4698)
4(4425 4714 4715 4426)
4(4410 4427 4716 4699)
4(4426 4715 4716 4427)
4(4411 4428 4717 4700)
4(4427 4716 4717 4428)
4(4412 4429 4718 4701)
4(4428 4717 4718 4429)
4(4413 4430 4719 4702)
4(4429 4718 4719 4430)
4(4414 4431 4720 4703)
4(4430 4719 4720 4431)
4(4415 4432 4721 4704)
4(4431 4720 4721 4432)
4(4416 4433 4722 4705)
4(4432 4721 4722 4433)
4(4433 4722 4723 4434)
4(4419 4436 4725 4708)
4(4435 4724 4725 4436)
4(4420 4437 4726 4709)
4(4436 4725 4726 4437)
4(4421 4438 4727 4710)
4(4437 4726 4727 4438)
4(4422 4439 4728 4711)
4(4438 4727 4728 4439)
4(4423 4440 4729 4712)
4(4439 4728 4729 4440)
4(4424 4441 4730 4713)
4(4440 4729 4730 4441)
4(4425 4442 4731 4714)
4(4441 4730 4731 4442)
4(4426 4443 4732 4715)
4(4442 4731 4732 4443)
4(4427 4444 4733 4716)
4(4443 4732 4733 4444)
4(4428 4445 4734 4717)
4(4444 4733 4734 4445)
4(4429 4446 4735 4718)
4(4445 4734 4735 4446)
4(4430 4447 4736 4719)
4(4446 4735 4736 4447)
4(4431 4448 4737 4720)
4(4447 4736 4737 4448)
4(4432 4449 4738 4721)
4(4448 4737 4738 4449)
4(4433 4450 4739 4722)
4(4449 4738 4739 4450)
4(4450 4739 4740 4451)
4(4436 4453 4742 4725)
4(4452 4741 4742 4453)
4(4437 4454 4743 4726)
4(4453 4742 4743 4454)
4(4438 4455 4744 4727)
4(4454 4743 4744 4455)
4(4439 4456 4745 4728)
4(4455 4744 4745 4456)
4(4440 4457 4746 4729)
4(4456 4745 4746 4457)
4(4441 4458 4747 4730)
4(4457 4746 4747 4458)
4(4442 4459 4748 4731)
4(4458 4747 4748 4459)
4(4443 4460 4749 4732)
4(4459 4748 4749 4460)
4(4444 4461 4750 4733)
4(4460 4749 4750 4461)
4(4445 4462 4751 4734)
4(4461 4750 4751 4462)
4(4446 4463 4752 4735)
4(4462 4751 4752 4463)
4(4447 4464 4753 4736)
4(4463 4752 4753 4464)
4(4448 4465 4754 4737)
4(4464 4753 4754 4465)
4(4449 4466 4755 4738)
4(4465 4754 4755 4466)
4(4450 4467 4756 4739)
4(4466 4755 4756 4467)
4(4467 4756 4757 4468)
4(4453 4470 4759 4742)
4(4469 4758 4759 4470)
4(4454 4471 4760 4743)
4(4470 4759 4760 4471)
4(4455 4472 4761 4744)
4(4471 4760 4761 4472)
4(4456 4473 4762 4745)
4(4472 4761 4762 4473)
4(4457 4474 4763 4746)
4(4473 4762 4763 4474)
4(4458 4475 4764 4747)
4(4474 4763 4764 4475)
4(4459 4476 4765 4748)
4(4475 4764 4765 4476)
4(4460 4477 4766 4749)
4(4476 4765 4766 4477)
4(4461 4478 4767 4750)
4(4477 4766 4767 4478)
4(4462 4479 4768 4751)
4(4478 4767 4768 4479)
4(4463 4480 4769 4752)
4(4479 4768 4769 4480)
4(4464 4481 4770 4753)
4(4480 4769 4770 4481)
4(4465 4482 4771 4754)
4(4481 4770 4771 4482)
4(4466 4483 4772 4755)
4(4482 4771 4772 4483)
4(4467 4484 4773 4756)
4(4483 4772 4773 4484)
4(4484 4773 4774 4485)
4(4470 4487 4776 4759)
4(4486 4775 4776 4487)
4(4471 4488 4777 4760)
4(4487 4776 4777 4488)
4(4472 4489 4778 4761)
4(4488 4777 4778 4489)
4(4473 4490 4779 4762)
4(4489 4778 4779 4490)
4(4474 4491 4780 4763)
4(4490 4779 4780 4491)
4(4475 4492 4781 4764)
4(4491 4780 4781 4492)
4(4476 4493 4782 4765)
4(4492 4781 4782 4493)
4(4477 4494 4783 4766)
4(4493 4782 4783 4494)
4(4478 4495 4784 4767)
4(4494 4783 4784 4495)
4(4479 4496 4785 4768)
4(4495 4784 4785 4496)
4(4480 4497 4786 4769)
4(4496 4785 4786 4497)
4(4481 4498 4787 4770)
4(4497 4786 4787 4498)
4(4482 4499 4788 4771)
4(4498 4787 4788 4499)
4(4483 4500 4789 4772)
4(4499 4788 4789 4500)
4(4484 4501 4790 4773)
4(4500 4789 4790 4501)
4(4501 4790 4791 4502)
4(4487 4504 4793 4776)
4(4503 4792 4793 4504)
4(4488 4505 4794 4777)
4(4504 4793 4794 4505)
4(4489 4506 4795 4778)
4(4505 4794 4795 4506)
4(4490 4507 4796 4779)
4(4506 4795 4796 4507)
4(4491 4508 4797 4780)
4(4507 4796 4797 4508)
4(4492 4509 4798 4781)
4(4508 4797 4798 4509)
4(4493 4510 4799 4782)
4(4509 4798 4799 4510)
4(4494 4511 4800 4783)
4(4510 4799 4800 4511)
4(4495 4512 4801 4784)
4(4511 4800 4801 4512)
4(4496 4513 4802 4785)
4(4512 4801 4802 4513)
4(4497 4514 4803 4786)
4(4513 4802 4803 4514)
4(4498 4515 4804 4787)
4(4514 4803 4804 4515)
4(4499 4516 4805 4788)
4(4515 4804 4805 4516)
4(4500 4517 4806 4789)
4(4516 4805 4806 4517)
4(4501 4518 4807 4790)
4(4517 4806 4807 4518)
4(4518 4807 4808 4519)
4(4504 4521 4810 4793)
4(4520 4809 4810 4521)
4(4505 4522 4811 4794)
4(4521 4810 4811 4522)
4(4506 4523 4812 4795)
4(4522 4811 4812 4523)
4(4507 4524 4813 4796)
4(4523 4812 4813 4524)
4(4508 4525 4814 4797)
4(4524 4813 4814 4525)
4(4509 4526 4815 4798)
4(4525 4814 4815 4526)
4(4510 4527 4816 4799)
4(4526 4815 4816 4527)
4(4511 4528 4817 4800)
4(4527 4816 4817 4528)
4(4512 4529 4818 4801)
4(4528 4817 4818 4529)
4(4513 4530 4819 4802)
4(4529 4818 4819 4530)
4(4514 4531 4820 4803)
4(4530 4819 4820 4531)
4(4515 4532 4821 4804)
4(4531 4820 4821 4532)
4(4516 4533 4822 4805)
4(4532 4821 4822 4533)
4(4517 4534 4823 4806)
4(4533 4822 4823 4534)
4(4518 4535 4824 4807)
4(4534 4823 4824 4535)
4(4535 4824 4825 4536)
4(4521 4538 4827 4810)
4(4537 4826 4827 4538)
4(4522 4539 4828 4811)
4(4538 4827 4828 4539)
4(4523 4540 4829 4812)
4(4539 4828 4829 4540)
4(4524 4541 4830 4813)
4(4540 4829 4830 4541)
4(4525 4542 4831 4814)
4(4541 4830 4831 4542)
4(4526 4543 4832 4815)
4(4542 4831 4832 4543)
4(4527 4544 4833 4816)
4(4543 4832 4833 4544)
4(4528 4545 4834 4817)
4(4544 4833 4834 4545)
4(4529 4546 4835 4818)
4(4545 4834 4835 4546)
4(4530 4547 4836 4819)
4(4546 4835 4836 4547)
4(4531 4548 4837 4820)
4(4547 4836 4837 4548)
4(4532 4549 4838 4821)
4(4548 4837 4838 4549)
4(4533 4550 4839 4822)
4(4549 4838 4839 4550)
4(4534 4551 4840 4823)
4(4550 4839 4840 4551)
4(4535 4552 4841 4824)
4(4551 4840 4841 4552)
4(4552 4841 4842 4553)
4(4538 4555 4844 4827)
4(4554 4843 4844 4555)
4(4539 4556 4845 4828)
4(4555 4844 4845 4556)
4(4540 4557 4846 4829)
4(4556 4845 4846 4557)
4(4541 4558 4847 4830)
4(4557 4846 4847 4558)
4(4542 4559 4848 4831)
4(4558 4847 4848 4559)
4(4543 4560 4849 4832)
4(4559 4848 4849 4560)
4(4544 4561 4850 4833)
4(4560 4849 4850 4561)
4(4545 4562 4851 4834)
4(4561 4850 4851 4562)
4(4546 4563 4852 4835)
4(4562 4851 4852 4563)
4(4547 4564 4853 4836)
4(4563 4852 4853 4564)
4(4548 4565 4854 4837)
4(4564 4853 4854 4565)
4(4549 4566 4855 4838)
4(4565 4854 4855 4566)
4(4550 4567 4856 4839)
4(4566 4855 4856 4567)
4(4551 4568 4857 4840)
4(4567 4856 4857 4568)
4(4552 4569 4858 4841)
4(4568 4857 4858 4569)
4(4569 4858 4859 4570)
4(4555 4572 4861 4844)
4(4556 4573 4862 4845)
4(4557 4574 4863 4846)
4(4558 4575 4864 4847)
4(4559 4576 4865 4848)
4(4560 4577 4866 4849)
4(4561 4578 4867 4850)
4(4562 4579 4868 4851)
4(4563 4580 4869 4852)
4(4564 4581 4870 4853)
4(4565 4582 4871 4854)
4(4566 4583 4872 4855)
4(4567 4584 4873 4856)
4(4568 4585 4874 4857)
4(4569 4586 4875 4858)
4(263 543 544 264)
4(543 823 824 544)
4(823 1103 1104 824)
4(1103 1392 1393 1104)
4(1392 1681 1682 1393)
4(1681 1970 1971 1682)
4(1970 2259 2260 1971)
4(2259 2548 2549 2260)
4(2548 2837 2838 2549)
4(2837 3126 3127 2838)
4(3126 3415 3416 3127)
4(3415 3704 3705 3416)
4(3704 3993 3994 3705)
4(3993 4282 4283 3994)
4(4282 4571 4572 4283)
4(4571 4860 4861 4572)
4(264 544 545 265)
4(544 824 825 545)
4(824 1104 1105 825)
4(1104 1393 1394 1105)
4(1393 1682 1683 1394)
4(1682 1971 1972 1683)
4(1971 2260 2261 1972)
4(2260 2549 2550 2261)
4(2549 2838 2839 2550)
4(2838 3127 3128 2839)
4(3127 3416 3417 3128)
4(3416 3705 3706 3417)
4(3705 3994 3995 3706)
4(3994 4283 4284 3995)
4(4283 4572 4573 4284)
4(4572 4861 4862 4573)
4(265 545 546 266)
4(545 825 826 546)
4(825 1105 1106 826)
4(1105 1394 1395 1106)
4(1394 1683 1684 1395)
4(1683 1972 1973 1684)
4(1972 2261 2262 1973)
4(2261 2550 2551 2262)
4(2550 2839 2840 2551)
4(2839 3128 3129 2840)
4(3128 3417 3418 3129)
4(3417 3706 3707 3418)
4(3706 3995 3996 3707)
4(3995 4284 4285 3996)
4(4284 4573 4574 4285)
4(4573 4862 4863 4574)
4(266 546 547 267)
4(546 826 827 547)
4(826 1106 1107 827)
4(1106 1395 1396 1107)
4(1395 1684 1685 1396)
4(1684 1973 1974 1685)
4(1973 2262 2263 1974)
4(2262 2551 2552 2263)
4(2551 2840 2841 2552)
4(2840 3129 3130 2841)
4(3129 3418 3419 3130)
4(3418 3707 3708 3419)
4(3707 3996 3997 3708)
4(3996 4285 4286 3997)
4(4285 4574 4575 4286)
4(4574 4863 4864 4575)
4(267 547 548 268)
4(547 827 828 548)
4(827 1107 1108 828)
4(1107 1396 1397 1108)
4(1396 1685 1686 1397)
4(1685 1974 1975 1686)
4(1974 2263 2264 1975)
4(2263 2552 2553 2264)
4(2552 2841 2842 2553)
4(2841 3130 3131 2842)
4(3130 3419 3420 3131)
4(3419 3708 3709 3420)
4(3708 3997 3998 3709)
4(3997 4286 4287 3998)
4(4286 4575 4576 4287)
4(4575 4864 4865 4576)
4(268 548 549 269)
4(548 828 829 549)
4(828 1108 1109 829)
4(1108 1397 1398 1109)
4(1397 1686 1687 1398)
4(1686 1975 1976 1687)
4(1975 2264 2265 1976)
4(2264 2553 2554 2265)
4(2553 2842 2843 2554)
4(2842 3131 3132 2843)
4(3131 3420 3421 3132)
4(3420 3709 3710 3421)
4(3709 3998 3999 3710)
4(3998 4287 4288 3999)
4(4287 4576 4577 4288)
4(4576 4865 4866 4577)
4(269 549 550 270)
4(549 829 830 550)
4(829 1109 1110 830)
4(1109 1398 1399 1110)
4(1398 1687 1688 1399)
4(1687 1976 1977 1688)
4(1976 2265 2266 1977)
4(2265 2554 2555 2266)
4(2554 2843 2844 2555)
4(2843 3132 3133 2844)
4(3132 3421 3422 3133)
4(3421 3710 3711 3422)
4(3710 3999 4000 3711)
4(3999 4288 4289 4000)
4(4288 4577 4578 4289)
4(4577 4866 4867 4578)
4(270 550 551 271)
4(550 830 831 551)
4(830 1110 1111 831)
4(1110 1399 1400 1111)
4(1399 1688 1689 1400)
4(1688 1977 1978 1689)
4(1977 2266 2267 1978)
4(2266 2555 2556 2267)
4(2555 2844 2845 2556)
4(2844 3133 3134 2845)
4(3133 3422 3423 3134)
4(3422 3711 3712 3423)
4(3711 4000 4001 3712)
4(4000 4289 4290 4001)
4(4289 4578 4579 4290)
4(4578 4867 4868 4579)
4(271 551 552 272)
4(551 831 832 552)
4(831 1111 1112 832)
4(1111 1400 1401 1112)
4(1400 1689 1690 1401)
4(1689 1978 1979 1690)
4(1978 2267 2268 1979)
4(2267 2556 2557 2268)
4(2556 2845 2846 2557)
4(2845 3134 3135 2846)
4(3134 3423 3424 3135)
4(3423 3712 3713 3424)
4(3712 4001 4002 3713)
4(4001 4290 4291 4002)
4(4290 4579 4580 4291)
4(4579 4868 4869 4580)
4(272 552 553 273)
4(552 832 833 553)
4(832 1112 1113 833)
4(1112 1401 1402 1113)
4(1401 1690 1691 1402)
4(1690 1979 1980 1691)
4(1979 2268 2269 1980)
4(2268 2557 2558 2269)
4(2557 2846 2847 2558)
4(2846 3135 3136 2847)
4(3135 3424 3425 3136)
4(3424 3713 3714 3425)
4(3713 4002 4003 3714)
4(4002 4291 4292 4003)
4(4291 4580 4581 4292)
4(4580 4869 4870 4581)
4(273 553 554 274)
4(553 833 834 554)
4(833 1113 1114 834)
4(1113 1402 1403 1114)
4(1402 1691 1692 1403)
4(1691 1980 1981 1692)
4(1980 2269 2270 1981)
4(2269 2558 2559 2270)
4(2558 2847 2848 2559)
4(2847 3136 3137 2848)
4(3136 3425 3426 3137)
4(3425 3714 3715 3426)
4(3714 4003 4004 3715)
4(4003 4292 4293 4004)
4(4292 4581 4582 4293)
4(4581 4870 4871 4582)
4(274 554 555 275)
4(554 834 835 555)
4(834 1114 1115 835)
4(1114 1403 1404 1115)
4(1403 1692 1693 1404)
4(1692 1981 1982 1693)
4(1981 2270 2271 1982)
4(2270 2559 2560 2271)
4(2559 2848 2849 2560)
4(2848 3137 3138 2849)
4(3137 3426 3427 3138)
4(3426 3715 3716 3427)
4(3715 4004 4005 3716)
4(4004 4293 4294 4005)
4(4293 4582 4583 4294)
4(4582 4871 4872 4583)
4(275 555 556 276)
4(555 835 836 556)
4(835 1115 1116 836)
4(1115 1404 1405 1116)
4(1404 1693 1694 1405)
4(1693 1982 1983 1694)
4(1982 2271 2272 1983)
4(2271 2560 2561 2272)
4(2560 2849 2850 2561)
4(2849 3138 3139 2850)
4(3138 3427 3428 3139)
4(3427 3716 3717 3428)
4(3716 4005 4006 3717)
4(4005 4294 4295 4006)
4(4294 4583 4584 4295)
4(4583 4872 4873 4584)
4(276 556 557 277)
4(556 836 837 557)
4(836 1116 1117 837)
4(1116 1405 1406 1117)
4(1405 1694 1695 1406)
4(1694 1983 1984 1695)
4(1983 2272 2273 1984)
4(2272 2561 2562 2273)
4(2561 2850 2851 2562)
4(2850 3139 3140 2851)
4(3139 3428 3429 3140)
4(3428 3717 3718 3429)
4(3717 4006 4007 3718)
4(4006 4295 4296 4007)
4(4295 4584 4585 4296)
4(4584 4873 4874 4585)
4(277 557 558 278)
4(557 837 838 558)
4(837 1117 1118 838)
4(1117 1406 1407 1118)
4(1406 1695 1696 1407)
4(1695 1984 1985 1696)
4(1984 2273 2274 1985)
4(2273 2562 2563 2274)
4(2562 2851 2852 2563)
4(2851 3140 3141 2852)
4(3140 3429 3430 3141)
4(3429 3718 3719 3430)
4(3718 4007 4008 3719)
4(4007 4296 4297 4008)
4(4296 4585 4586 4297)
4(4585 4874 4875 4586)
4(278 558 559 279)
4(558 838 839 559)
4(838 1118 1119 839)
4(1118 1407 1408 1119)
4(1407 1696 1697 1408)
4(1696 1985 1986 1697)
4(1985 2274 2275 1986)
4(2274 2563 2564 2275)
4(2563 2852 2853 2564)
4(2852 3141 3142 2853)
4(3141 3430 3431 3142)
4(3430 3719 3720 3431)
4(3719 4008 4009 3720)
4(4008 4297 4298 4009)
4(4297 4586 4587 4298)
4(4586 4875 4876 4587)
4(0 280 297 17)
4(17 297 314 34)
4(34 314 331 51)
4(51 331 348 68)
4(68 348 365 85)
4(85 365 382 102)
4(102 382 399 119)
4(119 399 413 133)
4(133 413 427 147)
4(147 427 441 161)
4(161 441 458 178)
4(178 458 475 195)
4(195 475 492 212)
4(212 492 509 229)
4(229 509 526 246)
4(246 526 543 263)
4(280 560 577 297)
4(297 577 594 314)
4(314 594 611 331)
4(331 611 628 348)
4(348 628 645 365)
4(365 645 662 382)
4(382 662 679 399)
4(399 679 693 413)
4(413 693 707 427)
4(427 707 721 441)
4(441 721 738 458)
4(458 738 755 475)
4(475 755 772 492)
4(492 772 789 509)
4(509 789 806 526)
4(526 806 823 543)
4(560 840 857 577)
4(577 857 874 594)
4(594 874 891 611)
4(611 891 908 628)
4(628 908 925 645)
4(645 925 942 662)
4(662 942 959 679)
4(679 959 973 693)
4(693 973 987 707)
4(707 987 1001 721)
4(721 1001 1018 738)
4(738 1018 1035 755)
4(755 1035 1052 772)
4(772 1052 1069 789)
4(789 1069 1086 806)
4(806 1086 1103 823)
4(840 1120 1137 857)
4(857 1137 1154 874)
4(874 1154 1171 891)
4(891 1171 1188 908)
4(908 1188 1205 925)
4(925 1205 1222 942)
4(942 1222 1239 959)
4(959 1239 1256 973)
4(973 1256 1273 987)
4(987 1273 1290 1001)
4(1001 1290 1307 1018)
4(1018 1307 1324 1035)
4(1035 1324 1341 1052)
4(1052 1341 1358 1069)
4(1069 1358 1375 1086)
4(1086 1375 1392 1103)
4(1120 1409 1426 1137)
4(1137 1426 1443 1154)
4(1154 1443 1460 1171)
4(1171 1460 1477 1188)
4(1188 1477 1494 1205)
4(1205 1494 1511 1222)
4(1222 1511 1528 1239)
4(1239 1528 1545 1256)
4(1256 1545 1562 1273)
4(1273 1562 1579 1290)
4(1290 1579 1596 1307)
4(1307 1596 1613 1324)
4(1324 1613 1630 1341)
4(1341 1630 1647 1358)
4(1358 1647 1664 1375)
4(1375 1664 1681 1392)
4(1409 1698 1715 1426)
4(1426 1715 1732 1443)
4(1443 1732 1749 1460)
4(1460 1749 1766 1477)
4(1477 1766 1783 1494)
4(1494 1783 1800 1511)
4(1511 1800 1817 1528)
4(1528 1817 1834 1545)
4(1545 1834 1851 1562)
4(1562 1851 1868 1579)
4(1579 1868 1885 1596)
4(1596 1885 1902 1613)
4(1613 1902 1919 1630)
4(1630 1919 1936 1647)
4(1647 1936 1953 1664)
4(1664 1953 1970 1681)
4(1698 1987 2004 1715)
4(1715 2004 2021 1732)
4(1732 2021 2038 1749)
4(1749 2038 2055 1766)
4(1766 2055 2072 1783)
4(1783 2072 2089 1800)
4(1800 2089 2106 1817)
4(1817 2106 2123 1834)
4(1834 2123 2140 1851)
4(1851 2140 2157 1868)
4(1868 2157 2174 1885)
4(1885 2174 2191 1902)
4(1902 2191 2208 1919)
4(1919 2208 2225 1936)
4(1936 2225 2242 1953)
4(1953 2242 2259 1970)
4(1987 2276 2293 2004)
4(2004 2293 2310 2021)
4(2021 2310 2327 2038)
4(2038 2327 2344 2055)
4(2055 2344 2361 2072)
4(2072 2361 2378 2089)
4(2089 2378 2395 2106)
4(2106 2395 2412 2123)
4(2123 2412 2429 2140)
4(2140 2429 2446 2157)
4(2157 2446 2463 2174)
4(2174 2463 2480 2191)
4(2191 2480 2497 2208)
4(2208 2497 2514 2225)
4(2225 2514 2531 2242)
4(2242 2531 2548 2259)
4(2276 2565 2582 2293)
4(2293 2582 2599 2310)
4(2310 2599 2616 2327)
4(2327 2616 2633 2344)
4(2344 2633 2650 2361)
4(2361 2650 2667 2378)
4(2378 2667 2684 2395)
4(2395 2684 2701 2412)
4(2412 2701 2718 2429)
4(2429 2718 2735 2446)
4(2446 2735 2752 2463)
4(2463 2752 2769 2480)
4(2480 2769 2786 2497)
4(2497 2786 2803 2514)
4(2514 2803 2820 2531)
4(2531 2820 2837 2548)
4(2565 2854 2871 2582)
4(2582 2871 2888 2599)
4(2599 2888 2905 2616)
4(2616 2905 2922 2633)
4(2633 2922 2939 2650)
4(2650 2939 2956 2667)
4(2667 2956 2973 2684)
4(2684 2973 2990 2701)
4(2701 2990 3007 2718)
4(2718 3007 3024 2735)
4(2735 3024 3041 2752)
4(2752 3041 3058 2769)
4(2769 3058 3075 2786)
4(2786 3075 3092 2803)
4(2803 3092 3109 2820)
4(2820 3109 3126 2837)
4(2854 3143 3160 2871)
4(2871 3160 3177 2888)
4(2888 3177 3194 2905)
4(2905 3194 3211 2922)
4(2922 3211 3228 2939)
4(2939 3228 3245 2956)
4(2956 3245 3262 2973)
4(2973 3262 3279 2990)
4(2990 3279 3296 3007)
4(3007 3296 3313 3024)
4(3024 3313 3330 3041)
4(3041 3330 3347 3058)
4(3058 3347 3364 3075)
4(3075 3364 3381 3092)
4(3092 3381 3398 3109)
4(3109 3398 3415 3126)
4(3143 3432 3449 3160)
4(3160 3449 3466 3177)
4(3177 3466 3483 3194)
4(3194 3483 3500 3211)
4(3211 3500 3517 3228)
4(3228 3517 3534 3245)
4(3245 3534 3551 3262)
4(3262 3551 3568 3279)
4(3279 3568 3585 3296)
4(3296 3585 3602 3313)
4(3313 3602 3619 3330)
4(3330 3619 3636 3347)
4(3347 3636 3653 3364)
4(3364 3653 3670 3381)
4(3381 3670 3687 3398)
4(3398 3687 3704 3415)
4(3432 3721 3738 3449)
4(3449 3738 3755 3466)
4(3466 3755 3772 3483)
4(3483 3772 3789 3500)
4(3500 3789 3806 3517)
4(3517 3806 3823 3534)
4(3534 3823 3840 3551)
4(3551 3840 3857 3568)
4(3568 3857 3874 3585)
4(3585 3874 3891 3602)
4(3602 3891 3908 3619)
4(3619 3908 3925 3636)
4(3636 3925 3942 3653)
4(3653 3942 3959 3670)
4(3670 3959 3976 3687)
4(3687 3976 3993 3704)
4(3721 4010 4027 3738)
4(3738 4027 4044 3755)
4(3755 4044 4061 3772)
4(3772 4061 4078 3789)
4(3789 4078 4095 3806)
4(3806 4095 4112 3823)
4(3823 4112 4129 3840)
4(3840 4129 4146 3857)
4(3857 4146 4163 3874)
4(3874 4163 4180 3891)
4(3891 4180 4197 3908)
4(3908 4197 4214 3925)
4(3925 4214 4231 3942)
4(3942 4231 4248 3959)
4(3959 4248 4265 3976)
4(3976 4265 4282 3993)
4(4010 4299 4316 4027)
4(4027 4316 4333 4044)
4(4044 4333 4350 4061)
4(4061 4350 4367 4078)
4(4078 4367 4384 4095)
4(4095 4384 4401 4112)
4(4112 4401 4418 4129)
4(4129 4418 4435 4146)
4(4146 4435 4452 4163)
4(4163 4452 4469 4180)
4(4180 4469 4486 4197)
4(4197 4486 4503 4214)
4(4214 4503 4520 4231)
4(4231 4520 4537 4248)
4(4248 4537 4554 4265)
4(4265 4554 4571 4282)
4(4299 4588 4605 4316)
4(4316 4605 4622 4333)
4(4333 4622 4639 4350)
4(4350 4639 4656 4367)
4(4367 4656 4673 4384)
4(4384 4673 4690 4401)
4(4401 4690 4707 4418)
4(4418 4707 4724 4435)
4(4435 4724 4741 4452)
4(4452 4741 4758 4469)
4(4469 4758 4775 4486)
4(4486 4775 4792 4503)
4(4503 4792 4809 4520)
4(4520 4809 4826 4537)
4(4537 4826 4843 4554)
4(4554 4843 4860 4571)
4(16 33 313 296)
4(33 50 330 313)
4(50 67 347 330)
4(67 84 364 347)
4(84 101 381 364)
4(101 118 398 381)
4(118 132 412 398)
4(132 146 426 412)
4(146 160 440 426)
4(160 177 457 440)
4(177 194 474 457)
4(194 211 491 474)
4(211 228 508 491)
4(228 245 525 508)
4(245 262 542 525)
4(262 279 559 542)
4(296 313 593 576)
4(313 330 610 593)
4(330 347 627 610)
4(347 364 644 627)
4(364 381 661 644)
4(381 398 678 661)
4(398 412 692 678)
4(412 426 706 692)
4(426 440 720 706)
4(440 457 737 720)
4(457 474 754 737)
4(474 491 771 754)
4(491 508 788 771)
4(508 525 805 788)
4(525 542 822 805)
4(542 559 839 822)
4(576 593 873 856)
4(593 610 890 873)
4(610 627 907 890)
4(627 644 924 907)
4(644 661 941 924)
4(661 678 958 941)
4(678 692 972 958)
4(692 706 986 972)
4(706 720 1000 986)
4(720 737 1017 1000)
4(737 754 1034 1017)
4(754 771 1051 1034)
4(771 788 1068 1051)
4(788 805 1085 1068)
4(805 822 1102 1085)
4(822 839 1119 1102)
4(856 873 1153 1136)
4(873 890 1170 1153)
4(890 907 1187 1170)
4(907 924 1204 1187)
4(924 941 1221 1204)
4(941 958 1238 1221)
4(958 972 1255 1238)
4(972 986 1272 1255)
4(986 1000 1289 1272)
4(1000 1017 1306 1289)
4(1017 1034 1323 1306)
4(1034 1051 1340 1323)
4(1051 1068 1357 1340)
4(1068 1085 1374 1357)
4(1085 1102 1391 1374)
4(1102 1119 1408 1391)
4(1136 1153 1442 1425)
4(1153 1170 1459 1442)
4(1170 1187 1476 1459)
4(1187 1204 1493 1476)
4(1204 1221 1510 1493)
4(1221 1238 1527 1510)
4(1238 1255 1544 1527)
4(1255 1272 1561 1544)
4(1272 1289 1578 1561)
4(1289 1306 1595 1578)
4(1306 1323 1612 1595)
4(1323 1340 1629 1612)
4(1340 1357 1646 1629)
4(1357 1374 1663 1646)
4(1374 1391 1680 1663)
4(1391 1408 1697 1680)
4(1425 1442 1731 1714)
4(1442 1459 1748 1731)
4(1459 1476 1765 1748)
4(1476 1493 1782 1765)
4(1493 1510 1799 1782)
4(1510 1527 1816 1799)
4(1527 1544 1833 1816)
4(1544 1561 1850 1833)
4(1561 1578 1867 1850)
4(1578 1595 1884 1867)
4(1595 1612 1901 1884)
4(1612 1629 1918 1901)
4(1629 1646 1935 1918)
4(1646 1663 1952 1935)
4(1663 1680 1969 1952)
4(1680 1697 1986 1969)
4(1714 1731 2020 2003)
4(1731 1748 2037 2020)
4(1748 1765 2054 2037)
4(1765 1782 2071 2054)
4(1782 1799 2088 2071)
4(1799 1816 2105 2088)
4(1816 1833 2122 2105)
4(1833 1850 2139 2122)
4(1850 1867 2156 2139)
4(1867 1884 2173 2156)
4(1884 1901 2190 2173)
4(1901 1918 2207 2190)
4(1918 1935 2224 2207)
4(1935 1952 2241 2224)
4(1952 1969 2258 2241)
4(1969 1986 2275 2258)
4(2003 2020 2309 2292)
4(2020 2037 2326 2309)
4(2037 2054 2343 2326)
4(2054 2071 2360 2343)
4(2071 2088 2377 2360)
4(2088 2105 2394 2377)
4(2105 2122 2411 2394)
4(2122 2139 2428 2411)
4(2139 2156 2445 2428)
4(2156 2173 2462 2445)
4(2173 2190 2479 2462)
4(2190 2207 2496 2479)
4(2207 2224 2513 2496)
4(2224 2241 2530 2513)
4(2241 2258 2547 2530)
4(2258 2275 2564 2547)
4(2292 2309 2598 2581)
4(2309 2326 2615 2598)
4(2326 2343 2632 2615)
4(2343 2360 2649 2632)
4(2360 2377 2666 2649)
4(2377 2394 2683 2666)
4(2394 2411 2700 2683)
4(2411 2428 2717 2700)
4(2428 2445 2734 2717)
4(2445 2462 2751 2734)
4(2462 2479 2768 2751)
4(2479 2496 2785 2768)
4(2496 2513 2802 2785)
4(2513 2530 2819 2802)
4(2530 2547 2836 2819)
4(2547 2564 2853 2836)
4(2581 2598 2887 2870)
4(2598 2615 2904 2887)
4(2615 2632 2921 2904)
4(2632 2649 2938 2921)
4(2649 2666 2955 2938)
4(2666 2683 2972 2955)
4(2683 2700 2989 2972)
4(2700 2717 3006 2989)
4(2717 2734 3023 3006)
4(2734 2751 3040 3023)
4(2751 2768 3057 3040)
4(2768 2785 3074 3057)
4(2785 2802 3091 3074)
4(2802 2819 3108 3091)
4(2819 2836 3125 3108)
4(2836 2853 3142 3125)
4(2870 2887 3176 3159)
4(2887 2904 3193 3176)
4(2904 2921 3210 3193)
4(2921 2938 3227 3210)
4(2938 2955 3244 3227)
4(2955 2972 3261 3244)
4(2972 2989 3278 3261)
4(2989 3006 3295 3278)
4(3006 3023 3312 3295)
4(3023 3040 3329 3312)
4(3040 3057 3346 3329)
4(3057 3074 3363 3346)
4(3074 3091 3380 3363)
4(3091 3108 3397 3380)
4(3108 3125 3414 3397)
4(3125 3142 3431 3414)
4(3159 3176 3465 3448)
4(3176 3193 3482 3465)
4(3193 3210 3499 3482)
4(3210 3227 3516 3499)
4(3227 3244 3533 3516)
4(3244 3261 3550 3533)
4(3261 3278 3567 3550)
4(3278 3295 3584 3567)
4(3295 3312 3601 3584)
4(3312 3329 3618 3601)
4(3329 3346 3635 3618)
4(3346 3363 3652 3635)
4(3363 3380 3669 3652)
4(3380 3397 3686 3669)
4(3397 3414 3703 3686)
4(3414 3431 3720 3703)
4(3448 3465 3754 3737)
4(3465 3482 3771 3754)
4(3482 3499 3788 3771)
4(3499 3516 3805 3788)
4(3516 3533 3822 3805)
4(3533 3550 3839 3822)
4(3550 3567 3856 3839)
4(3567 3584 3873 3856)
4(3584 3601 3890 3873)
4(3601 3618 3907 3890)
4(3618 3635 3924 3907)
4(3635 3652 3941 3924)
4(3652 3669 3958 3941)
4(3669 3686 3975 3958)
4(3686 3703 3992 3975)
4(3703 3720 4009 3992)
4(3737 3754 4043 4026)
4(3754 3771 4060 4043)
4(3771 3788 4077 4060)
4(3788 3805 4094 4077)
4(3805 3822 4111 4094)
4(3822 3839 4128 4111)
4(3839 3856 4145 4128)
4(3856 3873 4162 4145)
4(3873 3890 4179 4162)
4(3890 3907 4196 4179)
4(3907 3924 4213 4196)
4(3924 3941 4230 4213)
4(3941 3958 4247 4230)
4(3958 3975 4264 4247)
4(3975 3992 4281 4264)
4(3992 4009 4298 4281)
4(4026 4043 4332 4315)
4(4043 4060 4349 4332)
4(4060 4077 4366 4349)
4(4077 4094 4383 4366)
4(4094 4111 4400 4383)
4(4111 4128 4417 4400)
4(4128 4145 4434 4417)
4(4145 4162 4451 4434)
4(4162 4179 4468 4451)
4(4179 4196 4485 4468)
4(4196 4213 4502 4485)
4(4213 4230 4519 4502)
4(4230 4247 4536 4519)
4(4247 4264 4553 4536)
4(4264 4281 4570 4553)
4(4281 4298 4587 4570)
4(4315 4332 4621 4604)
4(4332 4349 4638 4621)
4(4349 4366 4655 4638)
4(4366 4383 4672 4655)
4(4383 4400 4689 4672)
4(4400 4417 4706 4689)
4(4417 4434 4723 4706)
4(4434 4451 4740 4723)
4(4451 4468 4757 4740)
4(4468 4485 4774 4757)
4(4485 4502 4791 4774)
4(4502 4519 4808 4791)
4(4519 4536 4825 4808)
4(4536 4553 4842 4825)
4(4553 4570 4859 4842)
4(4570 4587 4876 4859)
4(0 1 281 280)
4(280 281 561 560)
4(560 561 841 840)
4(840 841 1121 1120)
4(1120 1121 1410 1409)
4(1409 1410 1699 1698)
4(1698 1699 1988 1987)
4(1987 1988 2277 2276)
4(2276 2277 2566 2565)
4(2565 2566 2855 2854)
4(2854 2855 3144 3143)
4(3143 3144 3433 3432)
4(3432 3433 3722 3721)
4(3721 3722 4011 4010)
4(4010 4011 4300 4299)
4(4299 4300 4589 4588)
4(1 2 282 281)
4(281 282 562 561)
4(561 562 842 841)
4(841 842 1122 1121)
4(1121 1122 1411 1410)
4(1410 1411 1700 1699)
4(1699 1700 1989 1988)
4(1988 1989 2278 2277)
4(2277 2278 2567 2566)
4(2566 2567 2856 2855)
4(2855 2856 3145 3144)
4(3144 3145 3434 3433)
4(3433 3434 3723 3722)
4(3722 3723 4012 4011)
4(4011 4012 4301 4300)
4(4300 4301 4590 4589)
4(2 3 283 282)
4(282 283 563 562)
4(562 563 843 842)
4(842 843 1123 1122)
4(1122 1123 1412 1411)
4(1411 1412 1701 1700)
4(1700 1701 1990 1989)
4(1989 1990 2279 2278)
4(2278 2279 2568 2567)
4(2567 2568 2857 2856)
4(2856 2857 3146 3145)
4(3145 3146 3435 3434)
4(3434 3435 3724 3723)
4(3723 3724 4013 4012)
4(4012 4013 4302 4301)
4(4301 4302 4591 4590)
4(3 4 284 283)
4(283 284 564 563)
4(563 564 844 843)
4(843 844 1124 1123)
4(1123 1124 1413 1412)
4(1412 1413 1702 1701)
4(1701 1702 1991 1990)
4(1990 1991 2280 2279)
4(2279 2280 2569 2568)
4(2568 2569 2858 2857)
4(2857 2858 3147 3146)
4(3146 3147 3436 3435)
4(3435 3436 3725 3724)
4(3724 3725 4014 4013)
4(4013 4014 4303 4302)
4(4302 4303 4592 4591)
4(4 5 285 284)
4(284 285 565 564)
4(564 565 845 844)
4(844 845 1125 1124)
4(1124 1125 1414 1413)
4(1413 1414 1703 1702)
4(1702 1703 1992 1991)
4(1991 1992 2281 2280)
4(2280 2281 2570 2569)
4(2569 2570 2859 2858)
4(2858 2859 3148 3147)
4(3147 3148 3437 3436)
4(3436 3437 3726 3725)
4(3725 3726 4015 4014)
4(4014 4015 4304 4303)
4(4303 4304 4593 4592)
4(5 6 286 285)
4(285 286 566 565)
4(565 566 846 845)
4(845 846 1126 1125)
4(1125 1126 1415 1414)
4(1414 1415 1704 1703)
4(1703 1704 1993 1992)
4(1992 1993 2282 2281)
4(2281 2282 2571 2570)
4(2570 2571 2860 2859)
4(2859 2860 3149 3148)
4(3148 3149 3438 3437)
4(3437 3438 3727 3726)
4(3726 3727 4016 4015)
4(4015 4016 4305 4304)
4(4304 4305 4594 4593)
4(6 7 287 286)
4(286 287 567 566)
4(566 567 847 846)
4(846 847 1127 1126)
4(1126 1127 1416 1415)
4(1415 1416 1705 1704)
4(1704 1705 1994 1993)
4(1993 1994 2283 2282)
4(2282 2283 2572 2571)
4(2571 2572 2861 2860)
4(2860 2861 3150 3149)
4(3149 3150 3439 3438)
4(3438 3439 3728 3727)
4(3727 3728 4017 4016)
4(4016 4017 4306 4305)
4(4305 4306 4595 4594)
4(7 8 288 287)
4(287 288 568 567)
4(567 568 848 847)
4(847 848 1128 1127)
4(1127 1128 1417 1416)
4(1416 1417 1706 1705)
4(1705 1706 1995 1994)
4(1994 1995 2284 2283)
4(2283 2284 2573 2572)
4(2572 2573 2862 2861)
4(2861 2862 3151 3150)
4(3150 3151 3440 3439)
4(3439 3440 3729 3728)
4(3728 3729 4018 4017)
4(4017 4018 4307 4306)
4(4306 4307 4596 4595)
4(8 9 289 288)
4(288 289 569 568)
4(568 569 849 848)
4(848 849 1129 1128)
4(1128 1129 1418 1417)
4(1417 1418 1707 1706)
4(1706 1707 1996 1995)
4(1995 1996 2285 2284)
4(2284 2285 2574 2573)
4(2573 2574 2863 2862)
4(2862 2863 3152 3151)
4(3151 3152 3441 3440)
4(3440 3441 3730 3729)
4(3729 3730 4019 4018)
4(4018 4019 4308 4307)
4(4307 4308 4597 4596)
4(9 10 290 289)
4(289 290 570 569)
4(569 570 850 849)
4(849 850 1130 1129)
4(1129 1130 1419 1418)
4(1418 1419 1708 1707)
4(1707 1708 1997 1996)
4(1996 1997 2286 2285)
4(2285 2286 2575 2574)
4(2574 2575 2864 2863)
4(2863 2864 3153 3152)
4(3152 3153 3442 3441)
4(3441 3442 3731 3730)
4(3730 3731 4020 4019)
4(4019 4020 4309 4308)
4(4308 4309 4598 4597)
4(10 11 291 290)
4(290 291 571 570)
4(570 571 851 850)
4(850 851 1131 1130)
4(1130 1131 1420 1419)
4(1419 1420 1709 1708)
4(1708 1709 1998 1997)
4(1997 1998 2287 2286)
4(2286 2287 2576 2575)
4(2575 2576 2865 2864)
4(2864 2865 3154 3153)
4(3153 3154 3443 3442)
4(3442 3443 3732 3731)
4(3731 3732 4021 4020)
4(4020 4021 4310 4309)
4(4309 4310 4599 4598)
4(11 12 292 291)
4(291 292 572 571)
4(571 572 852 851)
4(851 852 1132 1131)
4(1131 1132 1421 1420)
4(1420 1421 1710 1709)
4(1709 1710 1999 1998)
4(1998 1999 2288 2287)
4(2287 2288 2577 2576)
4(2576 2577 2866 2865)
4(2865 2866 3155 3154)
4(3154 3155 3444 3443)
4(3443 3444 3733 3732)
4(3732 3733 4022 4021)
4(4021 4022 4311 4310)
4(4310 4311 4600 4599)
4(12 13 293 292)
4(292 293 573 572)
4(572 573 853 852)
4(852 853 1133 1132)
4(1132 1133 1422 1421)
4(1421 1422 1711 1710)
4(1710 1711 2000 1999)
4(1999 2000 2289 2288)
4(2288 2289 2578 2577)
4(2577 2578 2867 2866)
4(2866 2867 3156 3155)
4(3155 3156 3445 3444)
4(3444 3445 3734 3733)
4(3733 3734 4023 4022)
4(4022 4023 4312 4311)
4(4311 4312 4601 4600)
4(13 14 294 293)
4(293 294 574 573)
4(573 574 854 853)
4(853 854 1134 1133)
4(1133 1134 1423 1422)
4(1422 1423 1712 1711)
4(1711 1712 2001 2000)
4(2000 2001 2290 2289)
4(2289 2290 2579 2578)
4(2578 2579 2868 2867)
4(2867 2868 3157 3156)
4(3156 3157 3446 3445)
4(3445 3446 3735 3734)
4(3734 3735 4024 4023)
4(4023 4024 4313 4312)
4(4312 4313 4602 4601)
4(14 15 295 294)
4(294 295 575 574)
4(574 575 855 854)
4(854 855 1135 1134)
4(1134 1135 1424 1423)
4(1423 1424 1713 1712)
4(1712 1713 2002 2001)
4(2001 2002 2291 2290)
4(2290 2291 2580 2579)
4(2579 2580 2869 2868)
4(2868 2869 3158 3157)
4(3157 3158 3447 3446)
4(3446 3447 3736 3735)
4(3735 3736 4025 4024)
4(4024 4025 4314 4313)
4(4313 4314 4603 4602)
4(15 16 296 295)
4(295 296 576 575)
4(575 576 856 855)
4(855 856 1136 1135)
4(1135 1136 1425 1424)
4(1424 1425 1714 1713)
4(1713 1714 2003 2002)
4(2002 2003 2292 2291)
4(2291 2292 2581 2580)
4(2580 2581 2870 2869)
4(2869 2870 3159 3158)
4(3158 3159 3448 3447)
4(3447 3448 3737 3736)
4(3736 3737 4026 4025)
4(4025 4026 4315 4314)
4(4314 4315 4604 4603)
4(0 17 18 1)
4(17 34 35 18)
4(34 51 52 35)
4(51 68 69 52)
4(68 85 86 69)
4(85 102 103 86)
4(102 119 120 103)
4(119 133 134 120)
4(133 147 148 134)
4(147 161 162 148)
4(161 178 179 162)
4(178 195 196 179)
4(195 212 213 196)
4(212 229 230 213)
4(229 246 247 230)
4(246 263 264 247)
4(1 18 19 2)
4(18 35 36 19)
4(35 52 53 36)
4(52 69 70 53)
4(69 86 87 70)
4(86 103 104 87)
4(103 120 121 104)
4(120 134 135 121)
4(134 148 149 135)
4(148 162 163 149)
4(162 179 180 163)
4(179 196 197 180)
4(196 213 214 197)
4(213 230 231 214)
4(230 247 248 231)
4(247 264 265 248)
4(2 19 20 3)
4(19 36 37 20)
4(36 53 54 37)
4(53 70 71 54)
4(70 87 88 71)
4(87 104 105 88)
4(104 121 122 105)
4(121 135 136 122)
4(135 149 150 136)
4(149 163 164 150)
4(163 180 181 164)
4(180 197 198 181)
4(197 214 215 198)
4(214 231 232 215)
4(231 248 249 232)
4(248 265 266 249)
4(3 20 21 4)
4(20 37 38 21)
4(37 54 55 38)
4(54 71 72 55)
4(71 88 89 72)
4(88 105 106 89)
4(105 122 123 106)
4(122 136 137 123)
4(136 150 151 137)
4(150 164 165 151)
4(164 181 182 165)
4(181 198 199 182)
4(198 215 216 199)
4(215 232 233 216)
4(232 249 250 233)
4(249 266 267 250)
4(4 21 22 5)
4(21 38 39 22)
4(38 55 56 39)
4(55 72 73 56)
4(72 89 90 73)
4(89 106 107 90)
4(106 123 124 107)
4(123 137 138 124)
4(137 151 152 138)
4(151 165 166 152)
4(165 182 183 166)
4(182 199 200 183)
4(199 216 217 200)
4(216 233 234 217)
4(233 250 251 234)
4(250 267 268 251)
4(5 22 23 6)
4(22 39 40 23)
4(39 56 57 40)
4(56 73 74 57)
4(73 90 91 74)
4(90 107 108 91)
4(107 124 125 108)
4(124 138 139 125)
4(138 152 153 139)
4(152 166 167 153)
4(166 183 184 167)
4(183 200 201 184)
4(200 217 218 201)
4(217 234 235 218)
4(234 251 252 235)
4(251 268 269 252)
4(6 23 24 7)
4(23 40 41 24)
4(40 57 58 41)
4(57 74 75 58)
4(74 91 92 75)
4(91 108 109 92)
4(167 184 185 168)
4(184 201 202 185)
4(201 218 219 202)
4(218 235 236 219)
4(235 252 253 236)
4(252 269 270 253)
4(7 24 25 8)
4(24 41 42 25)
4(41 58 59 42)
4(58 75 76 59)
4(75 92 93 76)
4(92 109 110 93)
4(168 185 186 169)
4(185 202 203 186)
4(202 219 220 203)
4(219 236 237 220)
4(236 253 254 237)
4(253 270 271 254)
4(8 25 26 9)
4(25 42 43 26)
4(42 59 60 43)
4(59 76 77 60)
4(76 93 94 77)
4(93 110 111 94)
4(169 186 187 170)
4(186 203 204 187)
4(203 220 221 204)
4(220 237 238 221)
4(237 254 255 238)
4(254 271 272 255)
4(9 26 27 10)
4(26 43 44 27)
4(43 60 61 44)
4(60 77 78 61)
4(77 94 95 78)
4(94 111 112 95)
4(170 187 188 171)
4(187 204 205 188)
4(204 221 222 205)
4(221 238 239 222)
4(238 255 256 239)
4(255 272 273 256)
4(10 27 28 11)
4(27 44 45 28)
4(44 61 62 45)
4(61 78 79 62)
4(78 95 96 79)
4(95 112 113 96)
4(112 126 127 113)
4(126 140 141 127)
4(140 154 155 141)
4(154 171 172 155)
4(171 188 189 172)
4(188 205 206 189)
4(205 222 223 206)
4(222 239 240 223)
4(239 256 257 240)
4(256 273 274 257)
4(11 28 29 12)
4(28 45 46 29)
4(45 62 63 46)
4(62 79 80 63)
4(79 96 97 80)
4(96 113 114 97)
4(113 127 128 114)
4(127 141 142 128)
4(141 155 156 142)
4(155 172 173 156)
4(172 189 190 173)
4(189 206 207 190)
4(206 223 224 207)
4(223 240 241 224)
4(240 257 258 241)
4(257 274 275 258)
4(12 29 30 13)
4(29 46 47 30)
4(46 63 64 47)
4(63 80 81 64)
4(80 97 98 81)
4(97 114 115 98)
4(114 128 129 115)
4(128 142 143 129)
4(142 156 157 143)
4(156 173 174 157)
4(173 190 191 174)
4(190 207 208 191)
4(207 224 225 208)
4(224 241 242 225)
4(241 258 259 242)
4(258 275 276 259)
4(13 30 31 14)
4(30 47 48 31)
4(47 64 65 48)
4(64 81 82 65)
4(81 98 99 82)
4(98 115 116 99)
4(115 129 130 116)
4(129 143 144 130)
4(143 157 158 144)
4(157 174 175 158)
4(174 191 192 175)
4(191 208 209 192)
4(208 225 226 209)
4(225 242 243 226)
4(242 259 260 243)
4(259 276 277 260)
4(14 31 32 15)
4(31 48 49 32)
4(48 65 66 49)
4(65 82 83 66)
4(82 99 100 83)
4(99 116 117 100)
4(116 130 131 117)
4(130 144 145 131)
4(144 158 159 145)
4(158 175 176 159)
4(175 192 193 176)
4(192 209 210 193)
4(209 226 227 210)
4(226 243 244 227)
4(243 260 261 244)
4(260 277 278 261)
4(15 32 33 16)
4(32 49 50 33)
4(49 66 67 50)
4(66 83 84 67)
4(83 100 101 84)
4(100 117 118 101)
4(117 131 132 118)
4(131 145 146 132)
4(145 159 160 146)
4(159 176 177 160)
4(176 193 194 177)
4(193 210 211 194)
4(210 227 228 211)
4(227 244 245 228)
4(244 261 262 245)
4(261 278 279 262)
4(4588 4589 4606 4605)
4(4605 4606 4623 4622)
4(4622 4623 4640 4639)
4(4639 4640 4657 4656)
4(4656 4657 4674 4673)
4(4673 4674 4691 4690)
4(4690 4691 4708 4707)
4(4707 4708 4725 4724)
4(4724 4725 4742 4741)
4(4741 4742 4759 4758)
4(4758 4759 4776 4775)
4(4775 4776 4793 4792)
4(4792 4793 4810 4809)
4(4809 4810 4827 4826)
4(4826 4827 4844 4843)
4(4843 4844 4861 4860)
4(4589 4590 4607 4606)
4(4606 4607 4624 4623)
4(4623 4624 4641 4640)
4(4640 4641 4658 4657)
4(4657 4658 4675 4674)
4(4674 4675 4692 4691)
4(4691 4692 4709 4708)
4(4708 4709 4726 4725)
4(4725 4726 4743 4742)
4(4742 4743 4760 4759)
4(4759 4760 4777 4776)
4(4776 4777 4794 4793)
4(4793 4794 4811 4810)
4(4810 4811 4828 4827)
4(4827 4828 4845 4844)
4(4844 4845 4862 4861)
4(4590 4591 4608 4607)
4(4607 4608 4625 4624)
4(4624 4625 4642 4641)
4(4641 4642 4659 4658)
4(4658 4659 4676 4675)
4(4675 4676 4693 4692)
4(4692 4693 4710 4709)
4(4709 4710 4727 4726)
4(4726 4727 4744 4743)
4(4743 4744 4761 4760)
4(4760 4761 4778 4777)
4(4777 4778 4795 4794)
4(4794 4795 4812 4811)
4(4811 4812 4829 4828)
4(4828 4829 4846 4845)
4(4845 4846 4863 4862)
4(4591 4592 4609 4608)
4(4608 4609 4626 4625)
4(4625 4626 4643 4642)
4(4642 4643 4660 4659)
4(4659 4660 4677 4676)
4(4676 4677 4694 4693)
4(4693 4694 4711 4710)
4(4710 4711 4728 4727)
4(4727 4728 4745 4744)
4(4744 4745 4762 4761)
4(4761 4762 4779 4778)
4(4778 4779 4796 4795)
4(4795 4796 4813 4812)
4(4812 4813 4830 4829)
4(4829 4830 4847 4846)
4(4846 4847 4864 4863)
4(4592 4593 4610 4609)
4(4609 4610 4627 4626)
4(4626 4627 4644 4643)
4(4643 4644 4661 4660)
4(4660 4661 4678 4677)
4(4677 4678 4695 4694)
4(4694 4695 4712 4711)
4(4711 4712 4729 4728)
4(4728 4729 4746 4745)
4(4745 4746 4763 4762)
4(4762 4763 4780 4779)
4(4779 4780 4797 4796)
4(4796 4797 4814 4813)
4(4813 4814 4831 4830)
4(4830 4831 4848 4847)
4(4847 4848 4865 4864)
4(4593 4594 4611 4610)
4(4610 4611 4628 4627)
4(4627 4628 4645 4644)
4(4644 4645 4662 4661)
4(4661 4662 4679 4678)
4(4678 4679 4696 4695)
4(4695 4696 4713 4712)
4(4712 4713 4730 4729)
4(4729 4730 4747 4746)
4(4746 4747 4764 4763)
4(4763 4764 4781 4780)
4(4780 4781 4798 4797)
4(4797 4798 4815 4814)
4(4814 4815 4832 4831)
4(4831 4832 4849 4848)
4(4848 4849 4866 4865)
4(4594 4595 4612 4611)
4(4611 4612 4629 4628)
4(4628 4629 4646 4645)
4(4645 4646 4663 4662)
4(4662 4663 4680 4679)
4(4679 4680 4697 4696)
4(4696 4697 4714 4713)
4(4713 4714 4731 4730)
4(4730 4731 4748 4747)
4(4747 4748 4765 4764)
4(4764 4765 4782 4781)
4(4781 4782 4799 4798)
4(4798 4799 4816 4815)
4(4815 4816 4833 4832)
4(4832 4833 4850 4849)
4(4849 4850 4867 4866)
4(4595 4596 4613 4612)
4(4612 4613 4630 4629)
4(4629 4630 4647 4646)
4(4646 4647 4664 4663)
4(4663 4664 4681 4680)
4(4680 4681 4698 4697)
4(4697 4698 4715 4714)
4(4714 4715 4732 4731)
4(4731 4732 4749 4748)
4(4748 4749 4766 4765)
4(4765 4766 4783 4782)
4(4782 4783 4800 4799)
4(4799 4800 4817 4816)
4(4816 4817 4834 4833)
4(4833 4834 4851 4850)
4(4850 4851 4868 4867)
4(4596 4597 4614 4613)
4(4613 4614 4631 4630)
4(4630 4631 4648 4647)
4(4647 4648 4665 4664)
4(4664 4665 4682 4681)
4(4681 4682 4699 4698)
4(4698 4699 4716 4715)
4(4715 4716 4733 4732)
4(4732 4733 4750 4749)
4(4749 4750 4767 4766)
4(4766 4767 4784 4783)
4(4783 4784 4801 4800)
4(4800 4801 4818 4817)
4(4817 4818 4835 4834)
4(4834 4835 4852 4851)
4(4851 4852 4869 4868)
4(4597 4598 4615 4614)
4(4614 4615 4632 4631)
4(4631 4632 4649 4648)
4(4648 4649 4666 4665)
4(4665 4666 4683 4682)
4(4682 4683 4700 4699)
4(4699 4700 4717 4716)
4(4716 4717 4734 4733)
4(4733 4734 4751 4750)
4(4750 4751 4768 4767)
4(4767 4768 4785 4784)
4(4784 4785 4802 4801)
4(4801 4802 4819 4818)
4(4818 4819 4836 4835)
4(4835 4836 4853 4852)
4(4852 4853 4870 4869)
4(4598 4599 4616 4615)
4(4615 4616 4633 4632)
4(4632 4633 4650 4649)
4(4649 4650 4667 4666)
4(4666 4667 4684 4683)
4(4683 4684 4701 4700)
4(4700 4701 4718 4717)
4(4717 4718 4735 4734)
4(4734 4735 4752 4751)
4(4751 4752 4769 4768)
4(4768 4769 4786 4785)
4(4785 4786 4803 4802)
4(4802 4803 4820 4819)
4(4819 4820 4837 4836)
4(4836 4837 4854 4853)
4(4853 4854 4871 4870)
4(4599 4600 4617 4616)
4(4616 4617 4634 4633)
4(4633 4634 4651 4650)
4(4650 4651 4668 4667)
4(4667 4668 4685 4684)
4(4684 4685 4702 4701)
4(4701 4702 4719 4718)
4(4718 4719 4736 4735)
4(4735 4736 4753 4752)
4(4752 4753 4770 4769)
4(4769 4770 4787 4786)
4(4786 4787 4804 4803)
4(4803 4804 4821 4820)
4(4820 4821 4838 4837)
4(4837 4838 4855 4854)
4(4854 4855 4872 4871)
4(4600 4601 4618 4617)
4(4617 4618 4635 4634)
4(4634 4635 4652 4651)
4(4651 4652 4669 4668)
4(4668 4669 4686 4685)
4(4685 4686 4703 4702)
4(4702 4703 4720 4719)
4(4719 4720 4737 4736)
4(4736 4737 4754 4753)
4(4753 4754 4771 4770)
4(4770 4771 4788 4787)
4(4787 4788 4805 4804)
4(4804 4805 4822 4821)
4(4821 4822 4839 4838)
4(4838 4839 4856 4855)
4(4855 4856 4873 4872)
4(4601 4602 4619 4618)
4(4618 4619 4636 4635)
4(4635 4636 4653 4652)
4(4652 4653 4670 4669)
4(4669 4670 4687 4686)
4(4686 4687 4704 4703)
4(4703 4704 4721 4720)
4(4720 4721 4738 4737)
4(4737 4738 4755 4754)
4(4754 4755 4772 4771)
4(4771 4772 4789 4788)
4(4788 4789 4806 4805)
4(4805 4806 4823 4822)
4(4822 4823 4840 4839)
4(4839 4840 4857 4856)
4(4856 4857 4874 4873)
4(4602 4603 4620 4619)
4(4619 4620 4637 4636)
4(4636 4637 4654 4653)
4(4653 4654 4671 4670)
4(4670 4671 4688 4687)
4(4687 4688 4705 4704)
4(4704 4705 4722 4721)
4(4721 4722 4739 4738)
4(4738 4739 4756 4755)
4(4755 4756 4773 4772)
4(4772 4773 4790 4789)
4(4789 4790 4807 4806)
4(4806 4807 4824 4823)
4(4823 4824 4841 4840)
4(4840 4841 4858 4857)
4(4857 4858 4875 4874)
4(4603 4604 4621 4620)
4(4620 4621 4638 4637)
4(4637 4638 4655 4654)
4(4654 4655 4672 4671)
4(4671 4672 4689 4688)
4(4688 4689 4706 4705)
4(4705 4706 4723 4722)
4(4722 4723 4740 4739)
4(4739 4740 4757 4756)
4(4756 4757 4774 4773)
4(4773 4774 4791 4790)
4(4790 4791 4808 4807)
4(4807 4808 4825 4824)
4(4824 4825 4842 4841)
4(4841 4842 4859 4858)
4(4858 4859 4876 4875)
4(108 388 389 109)
4(109 389 390 110)
4(110 390 391 111)
4(111 391 392 112)
4(108 125 405 388)
4(112 392 406 126)
4(125 139 419 405)
4(126 406 420 140)
4(139 153 433 419)
4(140 420 434 154)
4(153 167 447 433)
4(167 168 448 447)
4(168 169 449 448)
4(169 170 450 449)
4(154 434 451 171)
4(170 171 451 450)
4(388 668 669 389)
4(389 669 670 390)
4(390 670 671 391)
4(391 671 672 392)
4(388 405 685 668)
4(392 672 686 406)
4(405 419 699 685)
4(406 686 700 420)
4(419 433 713 699)
4(420 700 714 434)
4(433 447 727 713)
4(447 448 728 727)
4(448 449 729 728)
4(449 450 730 729)
4(434 714 731 451)
4(450 451 731 730)
4(668 948 949 669)
4(669 949 950 670)
4(670 950 951 671)
4(671 951 952 672)
4(668 685 965 948)
4(672 952 966 686)
4(685 699 979 965)
4(686 966 980 700)
4(699 713 993 979)
4(700 980 994 714)
4(713 727 1007 993)
4(727 728 1008 1007)
4(728 729 1009 1008)
4(729 730 1010 1009)
4(714 994 1011 731)
4(730 731 1011 1010)
4(948 1228 1229 949)
4(949 1229 1230 950)
4(950 1230 1231 951)
4(951 1231 1232 952)
4(948 965 1245 1228)
4(1228 1245 1246 1229)
4(1229 1246 1247 1230)
4(1230 1247 1248 1231)
4(952 1232 1249 966)
4(1231 1248 1249 1232)
4(965 979 1262 1245)
4(1245 1262 1263 1246)
4(1246 1263 1264 1247)
4(1247 1264 1265 1248)
4(966 1249 1266 980)
4(1248 1265 1266 1249)
4(979 993 1279 1262)
4(1262 1279 1280 1263)
4(1263 1280 1281 1264)
4(1264 1281 1282 1265)
4(980 1266 1283 994)
4(1265 1282 1283 1266)
4(993 1007 1296 1279)
4(1007 1008 1297 1296)
4(1279 1296 1297 1280)
4(1008 1009 1298 1297)
4(1280 1297 1298 1281)
4(1009 1010 1299 1298)
4(1281 1298 1299 1282)
4(994 1283 1300 1011)
4(1010 1011 1300 1299)
4(1282 1299 1300 1283)
)


// ************************************************************************* //
