err,PCM,runtime
2.1196383275637688e-09,selectedGradExplicit,14.41
3.4622712309848373e-09,implicitGrad,14.46
4.6975368807548405e-06,Schrage,133.07
