/*--------------------------------*- C++ -*----------------------------------*\
| =========                 |                                                 |
| \\      /  F ield         | OpenFOAM: The Open Source CFD Toolbox           |
|  \\    /   O peration     | Version:  2606                                  |
|   \\  /    A nd           | Website:  www.openfoam.com                      |
|    \\/     M anipulation  |                                                 |
\*---------------------------------------------------------------------------*/
FoamFile
{
    version     2.0;
    format      ascii;
    arch        "LSB;label=32;scalar=64";
    note        "nPoints:26082  nCells:12800  nFaces:51440  nInternalFaces:25360";
    class       labelList;
    location    "constant/polyMesh";
    object      neighbour;
}
// * * * * * * * * * * * * * * * * * * * * * * * * * * * * * * * * * * * * * //


25360
(
1
80
2
81
3
82
4
83
5
84
6
85
7
86
8
87
9
88
10
89
11
90
12
91
13
92
14
93
15
94
16
95
17
96
18
97
19
98
20
99
21
100
22
101
23
102
24
103
25
104
26
105
27
106
28
107
29
108
30
109
31
110
32
111
33
112
34
113
35
114
36
115
37
116
38
117
39
118
40
119
41
120
42
121
43
122
44
123
45
124
46
125
47
126
48
127
49
128
50
129
51
130
52
131
53
132
54
133
55
134
56
135
57
136
58
137
59
138
60
139
61
140
62
141
63
142
64
143
65
144
66
145
67
146
68
147
69
148
70
149
71
150
72
151
73
152
74
153
75
154
76
155
77
156
78
157
79
158
159
81
160
82
161
83
162
84
163
85
164
86
165
87
166
88
167
89
168
90
169
91
170
92
171
93
172
94
173
95
174
96
175
97
176
98
177
99
178
100
179
101
180
102
181
103
182
104
183
105
184
106
185
107
186
108
187
109
188
110
189
111
190
112
191
113
192
114
193
115
194
116
195
117
196
118
197
119
198
120
199
121
200
122
201
123
202
124
203
125
204
126
205
127
206
128
207
129
208
130
209
131
210
132
211
133
212
134
213
135
214
136
215
137
216
138
217
139
218
140
219
141
220
142
221
143
222
144
223
145
224
146
225
147
226
148
227
149
228
150
229
151
230
152
231
153
232
154
233
155
234
156
235
157
236
158
237
159
238
239
161
240
162
241
163
242
164
243
165
244
166
245
167
246
168
247
169
248
170
249
171
250
172
251
173
252
174
253
175
254
176
255
177
256
178
257
179
258
180
259
181
260
182
261
183
262
184
263
185
264
186
265
187
266
188
267
189
268
190
269
191
270
192
271
193
272
194
273
195
274
196
275
197
276
198
277
199
278
200
279
201
280
202
281
203
282
204
283
205
284
206
285
207
286
208
287
209
288
210
289
211
290
212
291
213
292
214
293
215
294
216
295
217
296
218
297
219
298
220
299
221
300
222
301
223
302
224
303
225
304
226
305
227
306
228
307
229
308
230
309
231
310
232
311
233
312
234
313
235
314
236
315
237
316
238
317
239
318
319
241
320
242
321
243
322
244
323
245
324
246
325
247
326
248
327
249
328
250
329
251
330
252
331
253
332
254
333
255
334
256
335
257
336
258
337
259
338
260
339
261
340
262
341
263
342
264
343
265
344
266
345
267
346
268
347
269
348
270
349
271
350
272
351
273
352
274
353
275
354
276
355
277
356
278
357
279
358
280
359
281
360
282
361
283
362
284
363
285
364
286
365
287
366
288
367
289
368
290
369
291
370
292
371
293
372
294
373
295
374
296
375
297
376
298
377
299
378
300
379
301
380
302
381
303
382
304
383
305
384
306
385
307
386
308
387
309
388
310
389
311
390
312
391
313
392
314
393
315
394
316
395
317
396
318
397
319
398
399
321
400
322
401
323
402
324
403
325
404
326
405
327
406
328
407
329
408
330
409
331
410
332
411
333
412
334
413
335
414
336
415
337
416
338
417
339
418
340
419
341
420
342
421
343
422
344
423
345
424
346
425
347
426
348
427
349
428
350
429
351
430
352
431
353
432
354
433
355
434
356
435
357
436
358
437
359
438
360
439
361
440
362
441
363
442
364
443
365
444
366
445
367
446
368
447
369
448
370
449
371
450
372
451
373
452
374
453
375
454
376
455
377
456
378
457
379
458
380
459
381
460
382
461
383
462
384
463
385
464
386
465
387
466
388
467
389
468
390
469
391
470
392
471
393
472
394
473
395
474
396
475
397
476
398
477
399
478
479
401
480
402
481
403
482
404
483
405
484
406
485
407
486
408
487
409
488
410
489
411
490
412
491
413
492
414
493
415
494
416
495
417
496
418
497
419
498
420
499
421
500
422
501
423
502
424
503
425
504
426
505
427
506
428
507
429
508
430
509
431
510
432
511
433
512
434
513
435
514
436
515
437
516
438
517
439
518
440
519
441
520
442
521
443
522
444
523
445
524
446
525
447
526
448
527
449
528
450
529
451
530
452
531
453
532
454
533
455
534
456
535
457
536
458
537
459
538
460
539
461
540
462
541
463
542
464
543
465
544
466
545
467
546
468
547
469
548
470
549
471
550
472
551
473
552
474
553
475
554
476
555
477
556
478
557
479
558
559
481
560
482
561
483
562
484
563
485
564
486
565
487
566
488
567
489
568
490
569
491
570
492
571
493
572
494
573
495
574
496
575
497
576
498
577
499
578
500
579
501
580
502
581
503
582
504
583
505
584
506
585
507
586
508
587
509
588
510
589
511
590
512
591
513
592
514
593
515
594
516
595
517
596
518
597
519
598
520
599
521
600
522
601
523
602
524
603
525
604
526
605
527
606
528
607
529
608
530
609
531
610
532
611
533
612
534
613
535
614
536
615
537
616
538
617
539
618
540
619
541
620
542
621
543
622
544
623
545
624
546
625
547
626
548
627
549
628
550
629
551
630
552
631
553
632
554
633
555
634
556
635
557
636
558
637
559
638
639
561
640
562
641
563
642
564
643
565
644
566
645
567
646
568
647
569
648
570
649
571
650
572
651
573
652
574
653
575
654
576
655
577
656
578
657
579
658
580
659
581
660
582
661
583
662
584
663
585
664
586
665
587
666
588
667
589
668
590
669
591
670
592
671
593
672
594
673
595
674
596
675
597
676
598
677
599
678
600
679
601
680
602
681
603
682
604
683
605
684
606
685
607
686
608
687
609
688
610
689
611
690
612
691
613
692
614
693
615
694
616
695
617
696
618
697
619
698
620
699
621
700
622
701
623
702
624
703
625
704
626
705
627
706
628
707
629
708
630
709
631
710
632
711
633
712
634
713
635
714
636
715
637
716
638
717
639
718
719
641
720
642
721
643
722
644
723
645
724
646
725
647
726
648
727
649
728
650
729
651
730
652
731
653
732
654
733
655
734
656
735
657
736
658
737
659
738
660
739
661
740
662
741
663
742
664
743
665
744
666
745
667
746
668
747
669
748
670
749
671
750
672
751
673
752
674
753
675
754
676
755
677
756
678
757
679
758
680
759
681
760
682
761
683
762
684
763
685
764
686
765
687
766
688
767
689
768
690
769
691
770
692
771
693
772
694
773
695
774
696
775
697
776
698
777
699
778
700
779
701
780
702
781
703
782
704
783
705
784
706
785
707
786
708
787
709
788
710
789
711
790
712
791
713
792
714
793
715
794
716
795
717
796
718
797
719
798
799
721
800
722
801
723
802
724
803
725
804
726
805
727
806
728
807
729
808
730
809
731
810
732
811
733
812
734
813
735
814
736
815
737
816
738
817
739
818
740
819
741
820
742
821
743
822
744
823
745
824
746
825
747
826
748
827
749
828
750
829
751
830
752
831
753
832
754
833
755
834
756
835
757
836
758
837
759
838
760
839
761
840
762
841
763
842
764
843
765
844
766
845
767
846
768
847
769
848
770
849
771
850
772
851
773
852
774
853
775
854
776
855
777
856
778
857
779
858
780
859
781
860
782
861
783
862
784
863
785
864
786
865
787
866
788
867
789
868
790
869
791
870
792
871
793
872
794
873
795
874
796
875
797
876
798
877
799
878
879
801
880
802
881
803
882
804
883
805
884
806
885
807
886
808
887
809
888
810
889
811
890
812
891
813
892
814
893
815
894
816
895
817
896
818
897
819
898
820
899
821
900
822
901
823
902
824
903
825
904
826
905
827
906
828
907
829
908
830
909
831
910
832
911
833
912
834
913
835
914
836
915
837
916
838
917
839
918
840
919
841
920
842
921
843
922
844
923
845
924
846
925
847
926
848
927
849
928
850
929
851
930
852
931
853
932
854
933
855
934
856
935
857
936
858
937
859
938
860
939
861
940
862
941
863
942
864
943
865
944
866
945
867
946
868
947
869
948
870
949
871
950
872
951
873
952
874
953
875
954
876
955
877
956
878
957
879
958
959
881
960
882
961
883
962
884
963
885
964
886
965
887
966
888
967
889
968
890
969
891
970
892
971
893
972
894
973
895
974
896
975
897
976
898
977
899
978
900
979
901
980
902
981
903
982
904
983
905
984
906
985
907
986
908
987
909
988
910
989
911
990
912
991
913
992
914
993
915
994
916
995
917
996
918
997
919
998
920
999
921
1000
922
1001
923
1002
924
1003
925
1004
926
1005
927
1006
928
1007
929
1008
930
1009
931
1010
932
1011
933
1012
934
1013
935
1014
936
1015
937
1016
938
1017
939
1018
940
1019
941
1020
942
1021
943
1022
944
1023
945
1024
946
1025
947
1026
948
1027
949
1028
950
1029
951
1030
952
1031
953
1032
954
1033
955
1034
956
1035
957
1036
958
1037
959
1038
1039
961
1040
962
1041
963
1042
964
1043
965
1044
966
1045
967
1046
968
1047
969
1048
970
1049
971
1050
972
1051
973
1052
974
1053
975
1054
976
1055
977
1056
978
1057
979
1058
980
1059
981
1060
982
1061
983
1062
984
1063
985
1064
986
1065
987
1066
988
1067
989
1068
990
1069
991
1070
992
1071
993
1072
994
1073
995
1074
996
1075
997
1076
998
1077
999
1078
1000
1079
1001
1080
1002
1081
1003
1082
1004
1083
1005
1084
1006
1085
1007
1086
1008
1087
1009
1088
1010
1089
1011
1090
1012
1091
1013
1092
1014
1093
1015
1094
1016
1095
1017
1096
1018
1097
1019
1098
1020
1099
1021
1100
1022
1101
1023
1102
1024
1103
1025
1104
1026
1105
1027
1106
1028
1107
1029
1108
1030
1109
1031
1110
1032
1111
1033
1112
1034
1113
1035
1114
1036
1115
1037
1116
1038
1117
1039
1118
1119
1041
1120
1042
1121
1043
1122
1044
1123
1045
1124
1046
1125
1047
1126
1048
1127
1049
1128
1050
1129
1051
1130
1052
1131
1053
1132
1054
1133
1055
1134
1056
1135
1057
1136
1058
1137
1059
1138
1060
1139
1061
1140
1062
1141
1063
1142
1064
1143
1065
1144
1066
1145
1067
1146
1068
1147
1069
1148
1070
1149
1071
1150
1072
1151
1073
1152
1074
1153
1075
1154
1076
1155
1077
1156
1078
1157
1079
1158
1080
1159
1081
1160
1082
1161
1083
1162
1084
1163
1085
1164
1086
1165
1087
1166
1088
1167
1089
1168
1090
1169
1091
1170
1092
1171
1093
1172
1094
1173
1095
1174
1096
1175
1097
1176
1098
1177
1099
1178
1100
1179
1101
1180
1102
1181
1103
1182
1104
1183
1105
1184
1106
1185
1107
1186
1108
1187
1109
1188
1110
1189
1111
1190
1112
1191
1113
1192
1114
1193
1115
1194
1116
1195
1117
1196
1118
1197
1119
1198
1199
1121
1200
1122
1201
1123
1202
1124
1203
1125
1204
1126
1205
1127
1206
1128
1207
1129
1208
1130
1209
1131
1210
1132
1211
1133
1212
1134
1213
1135
1214
1136
1215
1137
1216
1138
1217
1139
1218
1140
1219
1141
1220
1142
1221
1143
1222
1144
1223
1145
1224
1146
1225
1147
1226
1148
1227
1149
1228
1150
1229
1151
1230
1152
1231
1153
1232
1154
1233
1155
1234
1156
1235
1157
1236
1158
1237
1159
1238
1160
1239
1161
1240
1162
1241
1163
1242
1164
1243
1165
1244
1166
1245
1167
1246
1168
1247
1169
1248
1170
1249
1171
1250
1172
1251
1173
1252
1174
1253
1175
1254
1176
1255
1177
1256
1178
1257
1179
1258
1180
1259
1181
1260
1182
1261
1183
1262
1184
1263
1185
1264
1186
1265
1187
1266
1188
1267
1189
1268
1190
1269
1191
1270
1192
1271
1193
1272
1194
1273
1195
1274
1196
1275
1197
1276
1198
1277
1199
1278
1279
1201
1280
1202
1281
1203
1282
1204
1283
1205
1284
1206
1285
1207
1286
1208
1287
1209
1288
1210
1289
1211
1290
1212
1291
1213
1292
1214
1293
1215
1294
1216
1295
1217
1296
1218
1297
1219
1298
1220
1299
1221
1300
1222
1301
1223
1302
1224
1303
1225
1304
1226
1305
1227
1306
1228
1307
1229
1308
1230
1309
1231
1310
1232
1311
1233
1312
1234
1313
1235
1314
1236
1315
1237
1316
1238
1317
1239
1318
1240
1319
1241
1320
1242
1321
1243
1322
1244
1323
1245
1324
1246
1325
1247
1326
1248
1327
1249
1328
1250
1329
1251
1330
1252
1331
1253
1332
1254
1333
1255
1334
1256
1335
1257
1336
1258
1337
1259
1338
1260
1339
1261
1340
1262
1341
1263
1342
1264
1343
1265
1344
1266
1345
1267
1346
1268
1347
1269
1348
1270
1349
1271
1350
1272
1351
1273
1352
1274
1353
1275
1354
1276
1355
1277
1356
1278
1357
1279
1358
1359
1281
1360
1282
1361
1283
1362
1284
1363
1285
1364
1286
1365
1287
1366
1288
1367
1289
1368
1290
1369
1291
1370
1292
1371
1293
1372
1294
1373
1295
1374
1296
1375
1297
1376
1298
1377
1299
1378
1300
1379
1301
1380
1302
1381
1303
1382
1304
1383
1305
1384
1306
1385
1307
1386
1308
1387
1309
1388
1310
1389
1311
1390
1312
1391
1313
1392
1314
1393
1315
1394
1316
1395
1317
1396
1318
1397
1319
1398
1320
1399
1321
1400
1322
1401
1323
1402
1324
1403
1325
1404
1326
1405
1327
1406
1328
1407
1329
1408
1330
1409
1331
1410
1332
1411
1333
1412
1334
1413
1335
1414
1336
1415
1337
1416
1338
1417
1339
1418
1340
1419
1341
1420
1342
1421
1343
1422
1344
1423
1345
1424
1346
1425
1347
1426
1348
1427
1349
1428
1350
1429
1351
1430
1352
1431
1353
1432
1354
1433
1355
1434
1356
1435
1357
1436
1358
1437
1359
1438
1439
1361
1440
1362
1441
1363
1442
1364
1443
1365
1444
1366
1445
1367
1446
1368
1447
1369
1448
1370
1449
1371
1450
1372
1451
1373
1452
1374
1453
1375
1454
1376
1455
1377
1456
1378
1457
1379
1458
1380
1459
1381
1460
1382
1461
1383
1462
1384
1463
1385
1464
1386
1465
1387
1466
1388
1467
1389
1468
1390
1469
1391
1470
1392
1471
1393
1472
1394
1473
1395
1474
1396
1475
1397
1476
1398
1477
1399
1478
1400
1479
1401
1480
1402
1481
1403
1482
1404
1483
1405
1484
1406
1485
1407
1486
1408
1487
1409
1488
1410
1489
1411
1490
1412
1491
1413
1492
1414
1493
1415
1494
1416
1495
1417
1496
1418
1497
1419
1498
1420
1499
1421
1500
1422
1501
1423
1502
1424
1503
1425
1504
1426
1505
1427
1506
1428
1507
1429
1508
1430
1509
1431
1510
1432
1511
1433
1512
1434
1513
1435
1514
1436
1515
1437
1516
1438
1517
1439
1518
1519
1441
1520
1442
1521
1443
1522
1444
1523
1445
1524
1446
1525
1447
1526
1448
1527
1449
1528
1450
1529
1451
1530
1452
1531
1453
1532
1454
1533
1455
1534
1456
1535
1457
1536
1458
1537
1459
1538
1460
1539
1461
1540
1462
1541
1463
1542
1464
1543
1465
1544
1466
1545
1467
1546
1468
1547
1469
1548
1470
1549
1471
1550
1472
1551
1473
1552
1474
1553
1475
1554
1476
1555
1477
1556
1478
1557
1479
1558
1480
1559
1481
1560
1482
1561
1483
1562
1484
1563
1485
1564
1486
1565
1487
1566
1488
1567
1489
1568
1490
1569
1491
1570
1492
1571
1493
1572
1494
1573
1495
1574
1496
1575
1497
1576
1498
1577
1499
1578
1500
1579
1501
1580
1502
1581
1503
1582
1504
1583
1505
1584
1506
1585
1507
1586
1508
1587
1509
1588
1510
1589
1511
1590
1512
1591
1513
1592
1514
1593
1515
1594
1516
1595
1517
1596
1518
1597
1519
1598
1599
1521
1600
1522
1601
1523
1602
1524
1603
1525
1604
1526
1605
1527
1606
1528
1607
1529
1608
1530
1609
1531
1610
1532
1611
1533
1612
1534
1613
1535
1614
1536
1615
1537
1616
1538
1617
1539
1618
1540
1619
1541
1620
1542
1621
1543
1622
1544
1623
1545
1624
1546
1625
1547
1626
1548
1627
1549
1628
1550
1629
1551
1630
1552
1631
1553
1632
1554
1633
1555
1634
1556
1635
1557
1636
1558
1637
1559
1638
1560
1639
1561
1640
1562
1641
1563
1642
1564
1643
1565
1644
1566
1645
1567
1646
1568
1647
1569
1648
1570
1649
1571
1650
1572
1651
1573
1652
1574
1653
1575
1654
1576
1655
1577
1656
1578
1657
1579
1658
1580
1659
1581
1660
1582
1661
1583
1662
1584
1663
1585
1664
1586
1665
1587
1666
1588
1667
1589
1668
1590
1669
1591
1670
1592
1671
1593
1672
1594
1673
1595
1674
1596
1675
1597
1676
1598
1677
1599
1678
1679
1601
1680
1602
1681
1603
1682
1604
1683
1605
1684
1606
1685
1607
1686
1608
1687
1609
1688
1610
1689
1611
1690
1612
1691
1613
1692
1614
1693
1615
1694
1616
1695
1617
1696
1618
1697
1619
1698
1620
1699
1621
1700
1622
1701
1623
1702
1624
1703
1625
1704
1626
1705
1627
1706
1628
1707
1629
1708
1630
1709
1631
1710
1632
1711
1633
1712
1634
1713
1635
1714
1636
1715
1637
1716
1638
1717
1639
1718
1640
1719
1641
1720
1642
1721
1643
1722
1644
1723
1645
1724
1646
1725
1647
1726
1648
1727
1649
1728
1650
1729
1651
1730
1652
1731
1653
1732
1654
1733
1655
1734
1656
1735
1657
1736
1658
1737
1659
1738
1660
1739
1661
1740
1662
1741
1663
1742
1664
1743
1665
1744
1666
1745
1667
1746
1668
1747
1669
1748
1670
1749
1671
1750
1672
1751
1673
1752
1674
1753
1675
1754
1676
1755
1677
1756
1678
1757
1679
1758
1759
1681
1760
1682
1761
1683
1762
1684
1763
1685
1764
1686
1765
1687
1766
1688
1767
1689
1768
1690
1769
1691
1770
1692
1771
1693
1772
1694
1773
1695
1774
1696
1775
1697
1776
1698
1777
1699
1778
1700
1779
1701
1780
1702
1781
1703
1782
1704
1783
1705
1784
1706
1785
1707
1786
1708
1787
1709
1788
1710
1789
1711
1790
1712
1791
1713
1792
1714
1793
1715
1794
1716
1795
1717
1796
1718
1797
1719
1798
1720
1799
1721
1800
1722
1801
1723
1802
1724
1803
1725
1804
1726
1805
1727
1806
1728
1807
1729
1808
1730
1809
1731
1810
1732
1811
1733
1812
1734
1813
1735
1814
1736
1815
1737
1816
1738
1817
1739
1818
1740
1819
1741
1820
1742
1821
1743
1822
1744
1823
1745
1824
1746
1825
1747
1826
1748
1827
1749
1828
1750
1829
1751
1830
1752
1831
1753
1832
1754
1833
1755
1834
1756
1835
1757
1836
1758
1837
1759
1838
1839
1761
1840
1762
1841
1763
1842
1764
1843
1765
1844
1766
1845
1767
1846
1768
1847
1769
1848
1770
1849
1771
1850
1772
1851
1773
1852
1774
1853
1775
1854
1776
1855
1777
1856
1778
1857
1779
1858
1780
1859
1781
1860
1782
1861
1783
1862
1784
1863
1785
1864
1786
1865
1787
1866
1788
1867
1789
1868
1790
1869
1791
1870
1792
1871
1793
1872
1794
1873
1795
1874
1796
1875
1797
1876
1798
1877
1799
1878
1800
1879
1801
1880
1802
1881
1803
1882
1804
1883
1805
1884
1806
1885
1807
1886
1808
1887
1809
1888
1810
1889
1811
1890
1812
1891
1813
1892
1814
1893
1815
1894
1816
1895
1817
1896
1818
1897
1819
1898
1820
1899
1821
1900
1822
1901
1823
1902
1824
1903
1825
1904
1826
1905
1827
1906
1828
1907
1829
1908
1830
1909
1831
1910
1832
1911
1833
1912
1834
1913
1835
1914
1836
1915
1837
1916
1838
1917
1839
1918
1919
1841
1920
1842
1921
1843
1922
1844
1923
1845
1924
1846
1925
1847
1926
1848
1927
1849
1928
1850
1929
1851
1930
1852
1931
1853
1932
1854
1933
1855
1934
1856
1935
1857
1936
1858
1937
1859
1938
1860
1939
1861
1940
1862
1941
1863
1942
1864
1943
1865
1944
1866
1945
1867
1946
1868
1947
1869
1948
1870
1949
1871
1950
1872
1951
1873
1952
1874
1953
1875
1954
1876
1955
1877
1956
1878
1957
1879
1958
1880
1959
1881
1960
1882
1961
1883
1962
1884
1963
1885
1964
1886
1965
1887
1966
1888
1967
1889
1968
1890
1969
1891
1970
1892
1971
1893
1972
1894
1973
1895
1974
1896
1975
1897
1976
1898
1977
1899
1978
1900
1979
1901
1980
1902
1981
1903
1982
1904
1983
1905
1984
1906
1985
1907
1986
1908
1987
1909
1988
1910
1989
1911
1990
1912
1991
1913
1992
1914
1993
1915
1994
1916
1995
1917
1996
1918
1997
1919
1998
1999
1921
2000
1922
2001
1923
2002
1924
2003
1925
2004
1926
2005
1927
2006
1928
2007
1929
2008
1930
2009
1931
2010
1932
2011
1933
2012
1934
2013
1935
2014
1936
2015
1937
2016
1938
2017
1939
2018
1940
2019
1941
2020
1942
2021
1943
2022
1944
2023
1945
2024
1946
2025
1947
2026
1948
2027
1949
2028
1950
2029
1951
2030
1952
2031
1953
2032
1954
2033
1955
2034
1956
2035
1957
2036
1958
2037
1959
2038
1960
2039
1961
2040
1962
2041
1963
2042
1964
2043
1965
2044
1966
2045
1967
2046
1968
2047
1969
2048
1970
2049
1971
2050
1972
2051
1973
2052
1974
2053
1975
2054
1976
2055
1977
2056
1978
2057
1979
2058
1980
2059
1981
2060
1982
2061
1983
2062
1984
2063
1985
2064
1986
2065
1987
2066
1988
2067
1989
2068
1990
2069
1991
2070
1992
2071
1993
2072
1994
2073
1995
2074
1996
2075
1997
2076
1998
2077
1999
2078
2079
2001
2080
2002
2081
2003
2082
2004
2083
2005
2084
2006
2085
2007
2086
2008
2087
2009
2088
2010
2089
2011
2090
2012
2091
2013
2092
2014
2093
2015
2094
2016
2095
2017
2096
2018
2097
2019
2098
2020
2099
2021
2100
2022
2101
2023
2102
2024
2103
2025
2104
2026
2105
2027
2106
2028
2107
2029
2108
2030
2109
2031
2110
2032
2111
2033
2112
2034
2113
2035
2114
2036
2115
2037
2116
2038
2117
2039
2118
2040
2119
2041
2120
2042
2121
2043
2122
2044
2123
2045
2124
2046
2125
2047
2126
2048
2127
2049
2128
2050
2129
2051
2130
2052
2131
2053
2132
2054
2133
2055
2134
2056
2135
2057
2136
2058
2137
2059
2138
2060
2139
2061
2140
2062
2141
2063
2142
2064
2143
2065
2144
2066
2145
2067
2146
2068
2147
2069
2148
2070
2149
2071
2150
2072
2151
2073
2152
2074
2153
2075
2154
2076
2155
2077
2156
2078
2157
2079
2158
2159
2081
2160
2082
2161
2083
2162
2084
2163
2085
2164
2086
2165
2087
2166
2088
2167
2089
2168
2090
2169
2091
2170
2092
2171
2093
2172
2094
2173
2095
2174
2096
2175
2097
2176
2098
2177
2099
2178
2100
2179
2101
2180
2102
2181
2103
2182
2104
2183
2105
2184
2106
2185
2107
2186
2108
2187
2109
2188
2110
2189
2111
2190
2112
2191
2113
2192
2114
2193
2115
2194
2116
2195
2117
2196
2118
2197
2119
2198
2120
2199
2121
2200
2122
2201
2123
2202
2124
2203
2125
2204
2126
2205
2127
2206
2128
2207
2129
2208
2130
2209
2131
2210
2132
2211
2133
2212
2134
2213
2135
2214
2136
2215
2137
2216
2138
2217
2139
2218
2140
2219
2141
2220
2142
2221
2143
2222
2144
2223
2145
2224
2146
2225
2147
2226
2148
2227
2149
2228
2150
2229
2151
2230
2152
2231
2153
2232
2154
2233
2155
2234
2156
2235
2157
2236
2158
2237
2159
2238
2239
2161
2240
2162
2241
2163
2242
2164
2243
2165
2244
2166
2245
2167
2246
2168
2247
2169
2248
2170
2249
2171
2250
2172
2251
2173
2252
2174
2253
2175
2254
2176
2255
2177
2256
2178
2257
2179
2258
2180
2259
2181
2260
2182
2261
2183
2262
2184
2263
2185
2264
2186
2265
2187
2266
2188
2267
2189
2268
2190
2269
2191
2270
2192
2271
2193
2272
2194
2273
2195
2274
2196
2275
2197
2276
2198
2277
2199
2278
2200
2279
2201
2280
2202
2281
2203
2282
2204
2283
2205
2284
2206
2285
2207
2286
2208
2287
2209
2288
2210
2289
2211
2290
2212
2291
2213
2292
2214
2293
2215
2294
2216
2295
2217
2296
2218
2297
2219
2298
2220
2299
2221
2300
2222
2301
2223
2302
2224
2303
2225
2304
2226
2305
2227
2306
2228
2307
2229
2308
2230
2309
2231
2310
2232
2311
2233
2312
2234
2313
2235
2314
2236
2315
2237
2316
2238
2317
2239
2318
2319
2241
2320
2242
2321
2243
2322
2244
2323
2245
2324
2246
2325
2247
2326
2248
2327
2249
2328
2250
2329
2251
2330
2252
2331
2253
2332
2254
2333
2255
2334
2256
2335
2257
2336
2258
2337
2259
2338
2260
2339
2261
2340
2262
2341
2263
2342
2264
2343
2265
2344
2266
2345
2267
2346
2268
2347
2269
2348
2270
2349
2271
2350
2272
2351
2273
2352
2274
2353
2275
2354
2276
2355
2277
2356
2278
2357
2279
2358
2280
2359
2281
2360
2282
2361
2283
2362
2284
2363
2285
2364
2286
2365
2287
2366
2288
2367
2289
2368
2290
2369
2291
2370
2292
2371
2293
2372
2294
2373
2295
2374
2296
2375
2297
2376
2298
2377
2299
2378
2300
2379
2301
2380
2302
2381
2303
2382
2304
2383
2305
2384
2306
2385
2307
2386
2308
2387
2309
2388
2310
2389
2311
2390
2312
2391
2313
2392
2314
2393
2315
2394
2316
2395
2317
2396
2318
2397
2319
2398
2399
2321
2400
2322
2401
2323
2402
2324
2403
2325
2404
2326
2405
2327
2406
2328
2407
2329
2408
2330
2409
2331
2410
2332
2411
2333
2412
2334
2413
2335
2414
2336
2415
2337
2416
2338
2417
2339
2418
2340
2419
2341
2420
2342
2421
2343
2422
2344
2423
2345
2424
2346
2425
2347
2426
2348
2427
2349
2428
2350
2429
2351
2430
2352
2431
2353
2432
2354
2433
2355
2434
2356
2435
2357
2436
2358
2437
2359
2438
2360
2439
2361
2440
2362
2441
2363
2442
2364
2443
2365
2444
2366
2445
2367
2446
2368
2447
2369
2448
2370
2449
2371
2450
2372
2451
2373
2452
2374
2453
2375
2454
2376
2455
2377
2456
2378
2457
2379
2458
2380
2459
2381
2460
2382
2461
2383
2462
2384
2463
2385
2464
2386
2465
2387
2466
2388
2467
2389
2468
2390
2469
2391
2470
2392
2471
2393
2472
2394
2473
2395
2474
2396
2475
2397
2476
2398
2477
2399
2478
2479
2401
2480
2402
2481
2403
2482
2404
2483
2405
2484
2406
2485
2407
2486
2408
2487
2409
2488
2410
2489
2411
2490
2412
2491
2413
2492
2414
2493
2415
2494
2416
2495
2417
2496
2418
2497
2419
2498
2420
2499
2421
2500
2422
2501
2423
2502
2424
2503
2425
2504
2426
2505
2427
2506
2428
2507
2429
2508
2430
2509
2431
2510
2432
2511
2433
2512
2434
2513
2435
2514
2436
2515
2437
2516
2438
2517
2439
2518
2440
2519
2441
2520
2442
2521
2443
2522
2444
2523
2445
2524
2446
2525
2447
2526
2448
2527
2449
2528
2450
2529
2451
2530
2452
2531
2453
2532
2454
2533
2455
2534
2456
2535
2457
2536
2458
2537
2459
2538
2460
2539
2461
2540
2462
2541
2463
2542
2464
2543
2465
2544
2466
2545
2467
2546
2468
2547
2469
2548
2470
2549
2471
2550
2472
2551
2473
2552
2474
2553
2475
2554
2476
2555
2477
2556
2478
2557
2479
2558
2559
2481
2560
2482
2561
2483
2562
2484
2563
2485
2564
2486
2565
2487
2566
2488
2567
2489
2568
2490
2569
2491
2570
2492
2571
2493
2572
2494
2573
2495
2574
2496
2575
2497
2576
2498
2577
2499
2578
2500
2579
2501
2580
2502
2581
2503
2582
2504
2583
2505
2584
2506
2585
2507
2586
2508
2587
2509
2588
2510
2589
2511
2590
2512
2591
2513
2592
2514
2593
2515
2594
2516
2595
2517
2596
2518
2597
2519
2598
2520
2599
2521
2600
2522
2601
2523
2602
2524
2603
2525
2604
2526
2605
2527
2606
2528
2607
2529
2608
2530
2609
2531
2610
2532
2611
2533
2612
2534
2613
2535
2614
2536
2615
2537
2616
2538
2617
2539
2618
2540
2619
2541
2620
2542
2621
2543
2622
2544
2623
2545
2624
2546
2625
2547
2626
2548
2627
2549
2628
2550
2629
2551
2630
2552
2631
2553
2632
2554
2633
2555
2634
2556
2635
2557
2636
2558
2637
2559
2638
2639
2561
2640
2562
2641
2563
2642
2564
2643
2565
2644
2566
2645
2567
2646
2568
2647
2569
2648
2570
2649
2571
2650
2572
2651
2573
2652
2574
2653
2575
2654
2576
2655
2577
2656
2578
2657
2579
2658
2580
2659
2581
2660
2582
2661
2583
2662
2584
2663
2585
2664
2586
2665
2587
2666
2588
2667
2589
2668
2590
2669
2591
2670
2592
2671
2593
2672
2594
2673
2595
2674
2596
2675
2597
2676
2598
2677
2599
2678
2600
2679
2601
2680
2602
2681
2603
2682
2604
2683
2605
2684
2606
2685
2607
2686
2608
2687
2609
2688
2610
2689
2611
2690
2612
2691
2613
2692
2614
2693
2615
2694
2616
2695
2617
2696
2618
2697
2619
2698
2620
2699
2621
2700
2622
2701
2623
2702
2624
2703
2625
2704
2626
2705
2627
2706
2628
2707
2629
2708
2630
2709
2631
2710
2632
2711
2633
2712
2634
2713
2635
2714
2636
2715
2637
2716
2638
2717
2639
2718
2719
2641
2720
2642
2721
2643
2722
2644
2723
2645
2724
2646
2725
2647
2726
2648
2727
2649
2728
2650
2729
2651
2730
2652
2731
2653
2732
2654
2733
2655
2734
2656
2735
2657
2736
2658
2737
2659
2738
2660
2739
2661
2740
2662
2741
2663
2742
2664
2743
2665
2744
2666
2745
2667
2746
2668
2747
2669
2748
2670
2749
2671
2750
2672
2751
2673
2752
2674
2753
2675
2754
2676
2755
2677
2756
2678
2757
2679
2758
2680
2759
2681
2760
2682
2761
2683
2762
2684
2763
2685
2764
2686
2765
2687
2766
2688
2767
2689
2768
2690
2769
2691
2770
2692
2771
2693
2772
2694
2773
2695
2774
2696
2775
2697
2776
2698
2777
2699
2778
2700
2779
2701
2780
2702
2781
2703
2782
2704
2783
2705
2784
2706
2785
2707
2786
2708
2787
2709
2788
2710
2789
2711
2790
2712
2791
2713
2792
2714
2793
2715
2794
2716
2795
2717
2796
2718
2797
2719
2798
2799
2721
2800
2722
2801
2723
2802
2724
2803
2725
2804
2726
2805
2727
2806
2728
2807
2729
2808
2730
2809
2731
2810
2732
2811
2733
2812
2734
2813
2735
2814
2736
2815
2737
2816
2738
2817
2739
2818
2740
2819
2741
2820
2742
2821
2743
2822
2744
2823
2745
2824
2746
2825
2747
2826
2748
2827
2749
2828
2750
2829
2751
2830
2752
2831
2753
2832
2754
2833
2755
2834
2756
2835
2757
2836
2758
2837
2759
2838
2760
2839
2761
2840
2762
2841
2763
2842
2764
2843
2765
2844
2766
2845
2767
2846
2768
2847
2769
2848
2770
2849
2771
2850
2772
2851
2773
2852
2774
2853
2775
2854
2776
2855
2777
2856
2778
2857
2779
2858
2780
2859
2781
2860
2782
2861
2783
2862
2784
2863
2785
2864
2786
2865
2787
2866
2788
2867
2789
2868
2790
2869
2791
2870
2792
2871
2793
2872
2794
2873
2795
2874
2796
2875
2797
2876
2798
2877
2799
2878
2879
2801
2880
2802
2881
2803
2882
2804
2883
2805
2884
2806
2885
2807
2886
2808
2887
2809
2888
2810
2889
2811
2890
2812
2891
2813
2892
2814
2893
2815
2894
2816
2895
2817
2896
2818
2897
2819
2898
2820
2899
2821
2900
2822
2901
2823
2902
2824
2903
2825
2904
2826
2905
2827
2906
2828
2907
2829
2908
2830
2909
2831
2910
2832
2911
2833
2912
2834
2913
2835
2914
2836
2915
2837
2916
2838
2917
2839
2918
2840
2919
2841
2920
2842
2921
2843
2922
2844
2923
2845
2924
2846
2925
2847
2926
2848
2927
2849
2928
2850
2929
2851
2930
2852
2931
2853
2932
2854
2933
2855
2934
2856
2935
2857
2936
2858
2937
2859
2938
2860
2939
2861
2940
2862
2941
2863
2942
2864
2943
2865
2944
2866
2945
2867
2946
2868
2947
2869
2948
2870
2949
2871
2950
2872
2951
2873
2952
2874
2953
2875
2954
2876
2955
2877
2956
2878
2957
2879
2958
2959
2881
2960
2882
2961
2883
2962
2884
2963
2885
2964
2886
2965
2887
2966
2888
2967
2889
2968
2890
2969
2891
2970
2892
2971
2893
2972
2894
2973
2895
2974
2896
2975
2897
2976
2898
2977
2899
2978
2900
2979
2901
2980
2902
2981
2903
2982
2904
2983
2905
2984
2906
2985
2907
2986
2908
2987
2909
2988
2910
2989
2911
2990
2912
2991
2913
2992
2914
2993
2915
2994
2916
2995
2917
2996
2918
2997
2919
2998
2920
2999
2921
3000
2922
3001
2923
3002
2924
3003
2925
3004
2926
3005
2927
3006
2928
3007
2929
3008
2930
3009
2931
3010
2932
3011
2933
3012
2934
3013
2935
3014
2936
3015
2937
3016
2938
3017
2939
3018
2940
3019
2941
3020
2942
3021
2943
3022
2944
3023
2945
3024
2946
3025
2947
3026
2948
3027
2949
3028
2950
3029
2951
3030
2952
3031
2953
3032
2954
3033
2955
3034
2956
3035
2957
3036
2958
3037
2959
3038
3039
2961
3040
2962
3041
2963
3042
2964
3043
2965
3044
2966
3045
2967
3046
2968
3047
2969
3048
2970
3049
2971
3050
2972
3051
2973
3052
2974
3053
2975
3054
2976
3055
2977
3056
2978
3057
2979
3058
2980
3059
2981
3060
2982
3061
2983
3062
2984
3063
2985
3064
2986
3065
2987
3066
2988
3067
2989
3068
2990
3069
2991
3070
2992
3071
2993
3072
2994
3073
2995
3074
2996
3075
2997
3076
2998
3077
2999
3078
3000
3079
3001
3080
3002
3081
3003
3082
3004
3083
3005
3084
3006
3085
3007
3086
3008
3087
3009
3088
3010
3089
3011
3090
3012
3091
3013
3092
3014
3093
3015
3094
3016
3095
3017
3096
3018
3097
3019
3098
3020
3099
3021
3100
3022
3101
3023
3102
3024
3103
3025
3104
3026
3105
3027
3106
3028
3107
3029
3108
3030
3109
3031
3110
3032
3111
3033
3112
3034
3113
3035
3114
3036
3115
3037
3116
3038
3117
3039
3118
3119
3041
3120
3042
3121
3043
3122
3044
3123
3045
3124
3046
3125
3047
3126
3048
3127
3049
3128
3050
3129
3051
3130
3052
3131
3053
3132
3054
3133
3055
3134
3056
3135
3057
3136
3058
3137
3059
3138
3060
3139
3061
3140
3062
3141
3063
3142
3064
3143
3065
3144
3066
3145
3067
3146
3068
3147
3069
3148
3070
3149
3071
3150
3072
3151
3073
3152
3074
3153
3075
3154
3076
3155
3077
3156
3078
3157
3079
3158
3080
3159
3081
3160
3082
3161
3083
3162
3084
3163
3085
3164
3086
3165
3087
3166
3088
3167
3089
3168
3090
3169
3091
3170
3092
3171
3093
3172
3094
3173
3095
3174
3096
3175
3097
3176
3098
3177
3099
3178
3100
3179
3101
3180
3102
3181
3103
3182
3104
3183
3105
3184
3106
3185
3107
3186
3108
3187
3109
3188
3110
3189
3111
3190
3112
3191
3113
3192
3114
3193
3115
3194
3116
3195
3117
3196
3118
3197
3119
3198
3199
3121
3200
3122
3201
3123
3202
3124
3203
3125
3204
3126
3205
3127
3206
3128
3207
3129
3208
3130
3209
3131
3210
3132
3211
3133
3212
3134
3213
3135
3214
3136
3215
3137
3216
3138
3217
3139
3218
3140
3219
3141
3220
3142
3221
3143
3222
3144
3223
3145
3224
3146
3225
3147
3226
3148
3227
3149
3228
3150
3229
3151
3230
3152
3231
3153
3232
3154
3233
3155
3234
3156
3235
3157
3236
3158
3237
3159
3238
3160
3239
3161
3240
3162
3241
3163
3242
3164
3243
3165
3244
3166
3245
3167
3246
3168
3247
3169
3248
3170
3249
3171
3250
3172
3251
3173
3252
3174
3253
3175
3254
3176
3255
3177
3256
3178
3257
3179
3258
3180
3259
3181
3260
3182
3261
3183
3262
3184
3263
3185
3264
3186
3265
3187
3266
3188
3267
3189
3268
3190
3269
3191
3270
3192
3271
3193
3272
3194
3273
3195
3274
3196
3275
3197
3276
3198
3277
3199
3278
3279
3201
3280
3202
3281
3203
3282
3204
3283
3205
3284
3206
3285
3207
3286
3208
3287
3209
3288
3210
3289
3211
3290
3212
3291
3213
3292
3214
3293
3215
3294
3216
3295
3217
3296
3218
3297
3219
3298
3220
3299
3221
3300
3222
3301
3223
3302
3224
3303
3225
3304
3226
3305
3227
3306
3228
3307
3229
3308
3230
3309
3231
3310
3232
3311
3233
3312
3234
3313
3235
3314
3236
3315
3237
3316
3238
3317
3239
3318
3240
3319
3241
3320
3242
3321
3243
3322
3244
3323
3245
3324
3246
3325
3247
3326
3248
3327
3249
3328
3250
3329
3251
3330
3252
3331
3253
3332
3254
3333
3255
3334
3256
3335
3257
3336
3258
3337
3259
3338
3260
3339
3261
3340
3262
3341
3263
3342
3264
3343
3265
3344
3266
3345
3267
3346
3268
3347
3269
3348
3270
3349
3271
3350
3272
3351
3273
3352
3274
3353
3275
3354
3276
3355
3277
3356
3278
3357
3279
3358
3359
3281
3360
3282
3361
3283
3362
3284
3363
3285
3364
3286
3365
3287
3366
3288
3367
3289
3368
3290
3369
3291
3370
3292
3371
3293
3372
3294
3373
3295
3374
3296
3375
3297
3376
3298
3377
3299
3378
3300
3379
3301
3380
3302
3381
3303
3382
3304
3383
3305
3384
3306
3385
3307
3386
3308
3387
3309
3388
3310
3389
3311
3390
3312
3391
3313
3392
3314
3393
3315
3394
3316
3395
3317
3396
3318
3397
3319
3398
3320
3399
3321
3400
3322
3401
3323
3402
3324
3403
3325
3404
3326
3405
3327
3406
3328
3407
3329
3408
3330
3409
3331
3410
3332
3411
3333
3412
3334
3413
3335
3414
3336
3415
3337
3416
3338
3417
3339
3418
3340
3419
3341
3420
3342
3421
3343
3422
3344
3423
3345
3424
3346
3425
3347
3426
3348
3427
3349
3428
3350
3429
3351
3430
3352
3431
3353
3432
3354
3433
3355
3434
3356
3435
3357
3436
3358
3437
3359
3438
3439
3361
3440
3362
3441
3363
3442
3364
3443
3365
3444
3366
3445
3367
3446
3368
3447
3369
3448
3370
3449
3371
3450
3372
3451
3373
3452
3374
3453
3375
3454
3376
3455
3377
3456
3378
3457
3379
3458
3380
3459
3381
3460
3382
3461
3383
3462
3384
3463
3385
3464
3386
3465
3387
3466
3388
3467
3389
3468
3390
3469
3391
3470
3392
3471
3393
3472
3394
3473
3395
3474
3396
3475
3397
3476
3398
3477
3399
3478
3400
3479
3401
3480
3402
3481
3403
3482
3404
3483
3405
3484
3406
3485
3407
3486
3408
3487
3409
3488
3410
3489
3411
3490
3412
3491
3413
3492
3414
3493
3415
3494
3416
3495
3417
3496
3418
3497
3419
3498
3420
3499
3421
3500
3422
3501
3423
3502
3424
3503
3425
3504
3426
3505
3427
3506
3428
3507
3429
3508
3430
3509
3431
3510
3432
3511
3433
3512
3434
3513
3435
3514
3436
3515
3437
3516
3438
3517
3439
3518
3519
3441
3520
3442
3521
3443
3522
3444
3523
3445
3524
3446
3525
3447
3526
3448
3527
3449
3528
3450
3529
3451
3530
3452
3531
3453
3532
3454
3533
3455
3534
3456
3535
3457
3536
3458
3537
3459
3538
3460
3539
3461
3540
3462
3541
3463
3542
3464
3543
3465
3544
3466
3545
3467
3546
3468
3547
3469
3548
3470
3549
3471
3550
3472
3551
3473
3552
3474
3553
3475
3554
3476
3555
3477
3556
3478
3557
3479
3558
3480
3559
3481
3560
3482
3561
3483
3562
3484
3563
3485
3564
3486
3565
3487
3566
3488
3567
3489
3568
3490
3569
3491
3570
3492
3571
3493
3572
3494
3573
3495
3574
3496
3575
3497
3576
3498
3577
3499
3578
3500
3579
3501
3580
3502
3581
3503
3582
3504
3583
3505
3584
3506
3585
3507
3586
3508
3587
3509
3588
3510
3589
3511
3590
3512
3591
3513
3592
3514
3593
3515
3594
3516
3595
3517
3596
3518
3597
3519
3598
3599
3521
3600
3522
3601
3523
3602
3524
3603
3525
3604
3526
3605
3527
3606
3528
3607
3529
3608
3530
3609
3531
3610
3532
3611
3533
3612
3534
3613
3535
3614
3536
3615
3537
3616
3538
3617
3539
3618
3540
3619
3541
3620
3542
3621
3543
3622
3544
3623
3545
3624
3546
3625
3547
3626
3548
3627
3549
3628
3550
3629
3551
3630
3552
3631
3553
3632
3554
3633
3555
3634
3556
3635
3557
3636
3558
3637
3559
3638
3560
3639
3561
3640
3562
3641
3563
3642
3564
3643
3565
3644
3566
3645
3567
3646
3568
3647
3569
3648
3570
3649
3571
3650
3572
3651
3573
3652
3574
3653
3575
3654
3576
3655
3577
3656
3578
3657
3579
3658
3580
3659
3581
3660
3582
3661
3583
3662
3584
3663
3585
3664
3586
3665
3587
3666
3588
3667
3589
3668
3590
3669
3591
3670
3592
3671
3593
3672
3594
3673
3595
3674
3596
3675
3597
3676
3598
3677
3599
3678
3679
3601
3680
3602
3681
3603
3682
3604
3683
3605
3684
3606
3685
3607
3686
3608
3687
3609
3688
3610
3689
3611
3690
3612
3691
3613
3692
3614
3693
3615
3694
3616
3695
3617
3696
3618
3697
3619
3698
3620
3699
3621
3700
3622
3701
3623
3702
3624
3703
3625
3704
3626
3705
3627
3706
3628
3707
3629
3708
3630
3709
3631
3710
3632
3711
3633
3712
3634
3713
3635
3714
3636
3715
3637
3716
3638
3717
3639
3718
3640
3719
3641
3720
3642
3721
3643
3722
3644
3723
3645
3724
3646
3725
3647
3726
3648
3727
3649
3728
3650
3729
3651
3730
3652
3731
3653
3732
3654
3733
3655
3734
3656
3735
3657
3736
3658
3737
3659
3738
3660
3739
3661
3740
3662
3741
3663
3742
3664
3743
3665
3744
3666
3745
3667
3746
3668
3747
3669
3748
3670
3749
3671
3750
3672
3751
3673
3752
3674
3753
3675
3754
3676
3755
3677
3756
3678
3757
3679
3758
3759
3681
3760
3682
3761
3683
3762
3684
3763
3685
3764
3686
3765
3687
3766
3688
3767
3689
3768
3690
3769
3691
3770
3692
3771
3693
3772
3694
3773
3695
3774
3696
3775
3697
3776
3698
3777
3699
3778
3700
3779
3701
3780
3702
3781
3703
3782
3704
3783
3705
3784
3706
3785
3707
3786
3708
3787
3709
3788
3710
3789
3711
3790
3712
3791
3713
3792
3714
3793
3715
3794
3716
3795
3717
3796
3718
3797
3719
3798
3720
3799
3721
3800
3722
3801
3723
3802
3724
3803
3725
3804
3726
3805
3727
3806
3728
3807
3729
3808
3730
3809
3731
3810
3732
3811
3733
3812
3734
3813
3735
3814
3736
3815
3737
3816
3738
3817
3739
3818
3740
3819
3741
3820
3742
3821
3743
3822
3744
3823
3745
3824
3746
3825
3747
3826
3748
3827
3749
3828
3750
3829
3751
3830
3752
3831
3753
3832
3754
3833
3755
3834
3756
3835
3757
3836
3758
3837
3759
3838
3839
3761
3840
3762
3841
3763
3842
3764
3843
3765
3844
3766
3845
3767
3846
3768
3847
3769
3848
3770
3849
3771
3850
3772
3851
3773
3852
3774
3853
3775
3854
3776
3855
3777
3856
3778
3857
3779
3858
3780
3859
3781
3860
3782
3861
3783
3862
3784
3863
3785
3864
3786
3865
3787
3866
3788
3867
3789
3868
3790
3869
3791
3870
3792
3871
3793
3872
3794
3873
3795
3874
3796
3875
3797
3876
3798
3877
3799
3878
3800
3879
3801
3880
3802
3881
3803
3882
3804
3883
3805
3884
3806
3885
3807
3886
3808
3887
3809
3888
3810
3889
3811
3890
3812
3891
3813
3892
3814
3893
3815
3894
3816
3895
3817
3896
3818
3897
3819
3898
3820
3899
3821
3900
3822
3901
3823
3902
3824
3903
3825
3904
3826
3905
3827
3906
3828
3907
3829
3908
3830
3909
3831
3910
3832
3911
3833
3912
3834
3913
3835
3914
3836
3915
3837
3916
3838
3917
3839
3918
3919
3841
3920
3842
3921
3843
3922
3844
3923
3845
3924
3846
3925
3847
3926
3848
3927
3849
3928
3850
3929
3851
3930
3852
3931
3853
3932
3854
3933
3855
3934
3856
3935
3857
3936
3858
3937
3859
3938
3860
3939
3861
3940
3862
3941
3863
3942
3864
3943
3865
3944
3866
3945
3867
3946
3868
3947
3869
3948
3870
3949
3871
3950
3872
3951
3873
3952
3874
3953
3875
3954
3876
3955
3877
3956
3878
3957
3879
3958
3880
3959
3881
3960
3882
3961
3883
3962
3884
3963
3885
3964
3886
3965
3887
3966
3888
3967
3889
3968
3890
3969
3891
3970
3892
3971
3893
3972
3894
3973
3895
3974
3896
3975
3897
3976
3898
3977
3899
3978
3900
3979
3901
3980
3902
3981
3903
3982
3904
3983
3905
3984
3906
3985
3907
3986
3908
3987
3909
3988
3910
3989
3911
3990
3912
3991
3913
3992
3914
3993
3915
3994
3916
3995
3917
3996
3918
3997
3919
3998
3999
3921
4000
3922
4001
3923
4002
3924
4003
3925
4004
3926
4005
3927
4006
3928
4007
3929
4008
3930
4009
3931
4010
3932
4011
3933
4012
3934
4013
3935
4014
3936
4015
3937
4016
3938
4017
3939
4018
3940
4019
3941
4020
3942
4021
3943
4022
3944
4023
3945
4024
3946
4025
3947
4026
3948
4027
3949
4028
3950
4029
3951
4030
3952
4031
3953
4032
3954
4033
3955
4034
3956
4035
3957
4036
3958
4037
3959
4038
3960
4039
3961
4040
3962
4041
3963
4042
3964
4043
3965
4044
3966
4045
3967
4046
3968
4047
3969
4048
3970
4049
3971
4050
3972
4051
3973
4052
3974
4053
3975
4054
3976
4055
3977
4056
3978
4057
3979
4058
3980
4059
3981
4060
3982
4061
3983
4062
3984
4063
3985
4064
3986
4065
3987
4066
3988
4067
3989
4068
3990
4069
3991
4070
3992
4071
3993
4072
3994
4073
3995
4074
3996
4075
3997
4076
3998
4077
3999
4078
4079
4001
4080
4002
4081
4003
4082
4004
4083
4005
4084
4006
4085
4007
4086
4008
4087
4009
4088
4010
4089
4011
4090
4012
4091
4013
4092
4014
4093
4015
4094
4016
4095
4017
4096
4018
4097
4019
4098
4020
4099
4021
4100
4022
4101
4023
4102
4024
4103
4025
4104
4026
4105
4027
4106
4028
4107
4029
4108
4030
4109
4031
4110
4032
4111
4033
4112
4034
4113
4035
4114
4036
4115
4037
4116
4038
4117
4039
4118
4040
4119
4041
4120
4042
4121
4043
4122
4044
4123
4045
4124
4046
4125
4047
4126
4048
4127
4049
4128
4050
4129
4051
4130
4052
4131
4053
4132
4054
4133
4055
4134
4056
4135
4057
4136
4058
4137
4059
4138
4060
4139
4061
4140
4062
4141
4063
4142
4064
4143
4065
4144
4066
4145
4067
4146
4068
4147
4069
4148
4070
4149
4071
4150
4072
4151
4073
4152
4074
4153
4075
4154
4076
4155
4077
4156
4078
4157
4079
4158
4159
4081
4160
4082
4161
4083
4162
4084
4163
4085
4164
4086
4165
4087
4166
4088
4167
4089
4168
4090
4169
4091
4170
4092
4171
4093
4172
4094
4173
4095
4174
4096
4175
4097
4176
4098
4177
4099
4178
4100
4179
4101
4180
4102
4181
4103
4182
4104
4183
4105
4184
4106
4185
4107
4186
4108
4187
4109
4188
4110
4189
4111
4190
4112
4191
4113
4192
4114
4193
4115
4194
4116
4195
4117
4196
4118
4197
4119
4198
4120
4199
4121
4200
4122
4201
4123
4202
4124
4203
4125
4204
4126
4205
4127
4206
4128
4207
4129
4208
4130
4209
4131
4210
4132
4211
4133
4212
4134
4213
4135
4214
4136
4215
4137
4216
4138
4217
4139
4218
4140
4219
4141
4220
4142
4221
4143
4222
4144
4223
4145
4224
4146
4225
4147
4226
4148
4227
4149
4228
4150
4229
4151
4230
4152
4231
4153
4232
4154
4233
4155
4234
4156
4235
4157
4236
4158
4237
4159
4238
4239
4161
4240
4162
4241
4163
4242
4164
4243
4165
4244
4166
4245
4167
4246
4168
4247
4169
4248
4170
4249
4171
4250
4172
4251
4173
4252
4174
4253
4175
4254
4176
4255
4177
4256
4178
4257
4179
4258
4180
4259
4181
4260
4182
4261
4183
4262
4184
4263
4185
4264
4186
4265
4187
4266
4188
4267
4189
4268
4190
4269
4191
4270
4192
4271
4193
4272
4194
4273
4195
4274
4196
4275
4197
4276
4198
4277
4199
4278
4200
4279
4201
4280
4202
4281
4203
4282
4204
4283
4205
4284
4206
4285
4207
4286
4208
4287
4209
4288
4210
4289
4211
4290
4212
4291
4213
4292
4214
4293
4215
4294
4216
4295
4217
4296
4218
4297
4219
4298
4220
4299
4221
4300
4222
4301
4223
4302
4224
4303
4225
4304
4226
4305
4227
4306
4228
4307
4229
4308
4230
4309
4231
4310
4232
4311
4233
4312
4234
4313
4235
4314
4236
4315
4237
4316
4238
4317
4239
4318
4319
4241
4320
4242
4321
4243
4322
4244
4323
4245
4324
4246
4325
4247
4326
4248
4327
4249
4328
4250
4329
4251
4330
4252
4331
4253
4332
4254
4333
4255
4334
4256
4335
4257
4336
4258
4337
4259
4338
4260
4339
4261
4340
4262
4341
4263
4342
4264
4343
4265
4344
4266
4345
4267
4346
4268
4347
4269
4348
4270
4349
4271
4350
4272
4351
4273
4352
4274
4353
4275
4354
4276
4355
4277
4356
4278
4357
4279
4358
4280
4359
4281
4360
4282
4361
4283
4362
4284
4363
4285
4364
4286
4365
4287
4366
4288
4367
4289
4368
4290
4369
4291
4370
4292
4371
4293
4372
4294
4373
4295
4374
4296
4375
4297
4376
4298
4377
4299
4378
4300
4379
4301
4380
4302
4381
4303
4382
4304
4383
4305
4384
4306
4385
4307
4386
4308
4387
4309
4388
4310
4389
4311
4390
4312
4391
4313
4392
4314
4393
4315
4394
4316
4395
4317
4396
4318
4397
4319
4398
4399
4321
4400
4322
4401
4323
4402
4324
4403
4325
4404
4326
4405
4327
4406
4328
4407
4329
4408
4330
4409
4331
4410
4332
4411
4333
4412
4334
4413
4335
4414
4336
4415
4337
4416
4338
4417
4339
4418
4340
4419
4341
4420
4342
4421
4343
4422
4344
4423
4345
4424
4346
4425
4347
4426
4348
4427
4349
4428
4350
4429
4351
4430
4352
4431
4353
4432
4354
4433
4355
4434
4356
4435
4357
4436
4358
4437
4359
4438
4360
4439
4361
4440
4362
4441
4363
4442
4364
4443
4365
4444
4366
4445
4367
4446
4368
4447
4369
4448
4370
4449
4371
4450
4372
4451
4373
4452
4374
4453
4375
4454
4376
4455
4377
4456
4378
4457
4379
4458
4380
4459
4381
4460
4382
4461
4383
4462
4384
4463
4385
4464
4386
4465
4387
4466
4388
4467
4389
4468
4390
4469
4391
4470
4392
4471
4393
4472
4394
4473
4395
4474
4396
4475
4397
4476
4398
4477
4399
4478
4479
4401
4480
4402
4481
4403
4482
4404
4483
4405
4484
4406
4485
4407
4486
4408
4487
4409
4488
4410
4489
4411
4490
4412
4491
4413
4492
4414
4493
4415
4494
4416
4495
4417
4496
4418
4497
4419
4498
4420
4499
4421
4500
4422
4501
4423
4502
4424
4503
4425
4504
4426
4505
4427
4506
4428
4507
4429
4508
4430
4509
4431
4510
4432
4511
4433
4512
4434
4513
4435
4514
4436
4515
4437
4516
4438
4517
4439
4518
4440
4519
4441
4520
4442
4521
4443
4522
4444
4523
4445
4524
4446
4525
4447
4526
4448
4527
4449
4528
4450
4529
4451
4530
4452
4531
4453
4532
4454
4533
4455
4534
4456
4535
4457
4536
4458
4537
4459
4538
4460
4539
4461
4540
4462
4541
4463
4542
4464
4543
4465
4544
4466
4545
4467
4546
4468
4547
4469
4548
4470
4549
4471
4550
4472
4551
4473
4552
4474
4553
4475
4554
4476
4555
4477
4556
4478
4557
4479
4558
4559
4481
4560
4482
4561
4483
4562
4484
4563
4485
4564
4486
4565
4487
4566
4488
4567
4489
4568
4490
4569
4491
4570
4492
4571
4493
4572
4494
4573
4495
4574
4496
4575
4497
4576
4498
4577
4499
4578
4500
4579
4501
4580
4502
4581
4503
4582
4504
4583
4505
4584
4506
4585
4507
4586
4508
4587
4509
4588
4510
4589
4511
4590
4512
4591
4513
4592
4514
4593
4515
4594
4516
4595
4517
4596
4518
4597
4519
4598
4520
4599
4521
4600
4522
4601
4523
4602
4524
4603
4525
4604
4526
4605
4527
4606
4528
4607
4529
4608
4530
4609
4531
4610
4532
4611
4533
4612
4534
4613
4535
4614
4536
4615
4537
4616
4538
4617
4539
4618
4540
4619
4541
4620
4542
4621
4543
4622
4544
4623
4545
4624
4546
4625
4547
4626
4548
4627
4549
4628
4550
4629
4551
4630
4552
4631
4553
4632
4554
4633
4555
4634
4556
4635
4557
4636
4558
4637
4559
4638
4639
4561
4640
4562
4641
4563
4642
4564
4643
4565
4644
4566
4645
4567
4646
4568
4647
4569
4648
4570
4649
4571
4650
4572
4651
4573
4652
4574
4653
4575
4654
4576
4655
4577
4656
4578
4657
4579
4658
4580
4659
4581
4660
4582
4661
4583
4662
4584
4663
4585
4664
4586
4665
4587
4666
4588
4667
4589
4668
4590
4669
4591
4670
4592
4671
4593
4672
4594
4673
4595
4674
4596
4675
4597
4676
4598
4677
4599
4678
4600
4679
4601
4680
4602
4681
4603
4682
4604
4683
4605
4684
4606
4685
4607
4686
4608
4687
4609
4688
4610
4689
4611
4690
4612
4691
4613
4692
4614
4693
4615
4694
4616
4695
4617
4696
4618
4697
4619
4698
4620
4699
4621
4700
4622
4701
4623
4702
4624
4703
4625
4704
4626
4705
4627
4706
4628
4707
4629
4708
4630
4709
4631
4710
4632
4711
4633
4712
4634
4713
4635
4714
4636
4715
4637
4716
4638
4717
4639
4718
4719
4641
4720
4642
4721
4643
4722
4644
4723
4645
4724
4646
4725
4647
4726
4648
4727
4649
4728
4650
4729
4651
4730
4652
4731
4653
4732
4654
4733
4655
4734
4656
4735
4657
4736
4658
4737
4659
4738
4660
4739
4661
4740
4662
4741
4663
4742
4664
4743
4665
4744
4666
4745
4667
4746
4668
4747
4669
4748
4670
4749
4671
4750
4672
4751
4673
4752
4674
4753
4675
4754
4676
4755
4677
4756
4678
4757
4679
4758
4680
4759
4681
4760
4682
4761
4683
4762
4684
4763
4685
4764
4686
4765
4687
4766
4688
4767
4689
4768
4690
4769
4691
4770
4692
4771
4693
4772
4694
4773
4695
4774
4696
4775
4697
4776
4698
4777
4699
4778
4700
4779
4701
4780
4702
4781
4703
4782
4704
4783
4705
4784
4706
4785
4707
4786
4708
4787
4709
4788
4710
4789
4711
4790
4712
4791
4713
4792
4714
4793
4715
4794
4716
4795
4717
4796
4718
4797
4719
4798
4799
4721
4800
4722
4801
4723
4802
4724
4803
4725
4804
4726
4805
4727
4806
4728
4807
4729
4808
4730
4809
4731
4810
4732
4811
4733
4812
4734
4813
4735
4814
4736
4815
4737
4816
4738
4817
4739
4818
4740
4819
4741
4820
4742
4821
4743
4822
4744
4823
4745
4824
4746
4825
4747
4826
4748
4827
4749
4828
4750
4829
4751
4830
4752
4831
4753
4832
4754
4833
4755
4834
4756
4835
4757
4836
4758
4837
4759
4838
4760
4839
4761
4840
4762
4841
4763
4842
4764
4843
4765
4844
4766
4845
4767
4846
4768
4847
4769
4848
4770
4849
4771
4850
4772
4851
4773
4852
4774
4853
4775
4854
4776
4855
4777
4856
4778
4857
4779
4858
4780
4859
4781
4860
4782
4861
4783
4862
4784
4863
4785
4864
4786
4865
4787
4866
4788
4867
4789
4868
4790
4869
4791
4870
4792
4871
4793
4872
4794
4873
4795
4874
4796
4875
4797
4876
4798
4877
4799
4878
4879
4801
4880
4802
4881
4803
4882
4804
4883
4805
4884
4806
4885
4807
4886
4808
4887
4809
4888
4810
4889
4811
4890
4812
4891
4813
4892
4814
4893
4815
4894
4816
4895
4817
4896
4818
4897
4819
4898
4820
4899
4821
4900
4822
4901
4823
4902
4824
4903
4825
4904
4826
4905
4827
4906
4828
4907
4829
4908
4830
4909
4831
4910
4832
4911
4833
4912
4834
4913
4835
4914
4836
4915
4837
4916
4838
4917
4839
4918
4840
4919
4841
4920
4842
4921
4843
4922
4844
4923
4845
4924
4846
4925
4847
4926
4848
4927
4849
4928
4850
4929
4851
4930
4852
4931
4853
4932
4854
4933
4855
4934
4856
4935
4857
4936
4858
4937
4859
4938
4860
4939
4861
4940
4862
4941
4863
4942
4864
4943
4865
4944
4866
4945
4867
4946
4868
4947
4869
4948
4870
4949
4871
4950
4872
4951
4873
4952
4874
4953
4875
4954
4876
4955
4877
4956
4878
4957
4879
4958
4959
4881
4960
4882
4961
4883
4962
4884
4963
4885
4964
4886
4965
4887
4966
4888
4967
4889
4968
4890
4969
4891
4970
4892
4971
4893
4972
4894
4973
4895
4974
4896
4975
4897
4976
4898
4977
4899
4978
4900
4979
4901
4980
4902
4981
4903
4982
4904
4983
4905
4984
4906
4985
4907
4986
4908
4987
4909
4988
4910
4989
4911
4990
4912
4991
4913
4992
4914
4993
4915
4994
4916
4995
4917
4996
4918
4997
4919
4998
4920
4999
4921
5000
4922
5001
4923
5002
4924
5003
4925
5004
4926
5005
4927
5006
4928
5007
4929
5008
4930
5009
4931
5010
4932
5011
4933
5012
4934
5013
4935
5014
4936
5015
4937
5016
4938
5017
4939
5018
4940
5019
4941
5020
4942
5021
4943
5022
4944
5023
4945
5024
4946
5025
4947
5026
4948
5027
4949
5028
4950
5029
4951
5030
4952
5031
4953
5032
4954
5033
4955
5034
4956
5035
4957
5036
4958
5037
4959
5038
5039
4961
5040
4962
5041
4963
5042
4964
5043
4965
5044
4966
5045
4967
5046
4968
5047
4969
5048
4970
5049
4971
5050
4972
5051
4973
5052
4974
5053
4975
5054
4976
5055
4977
5056
4978
5057
4979
5058
4980
5059
4981
5060
4982
5061
4983
5062
4984
5063
4985
5064
4986
5065
4987
5066
4988
5067
4989
5068
4990
5069
4991
5070
4992
5071
4993
5072
4994
5073
4995
5074
4996
5075
4997
5076
4998
5077
4999
5078
5000
5079
5001
5080
5002
5081
5003
5082
5004
5083
5005
5084
5006
5085
5007
5086
5008
5087
5009
5088
5010
5089
5011
5090
5012
5091
5013
5092
5014
5093
5015
5094
5016
5095
5017
5096
5018
5097
5019
5098
5020
5099
5021
5100
5022
5101
5023
5102
5024
5103
5025
5104
5026
5105
5027
5106
5028
5107
5029
5108
5030
5109
5031
5110
5032
5111
5033
5112
5034
5113
5035
5114
5036
5115
5037
5116
5038
5117
5039
5118
5119
5041
5120
5042
5121
5043
5122
5044
5123
5045
5124
5046
5125
5047
5126
5048
5127
5049
5128
5050
5129
5051
5130
5052
5131
5053
5132
5054
5133
5055
5134
5056
5135
5057
5136
5058
5137
5059
5138
5060
5139
5061
5140
5062
5141
5063
5142
5064
5143
5065
5144
5066
5145
5067
5146
5068
5147
5069
5148
5070
5149
5071
5150
5072
5151
5073
5152
5074
5153
5075
5154
5076
5155
5077
5156
5078
5157
5079
5158
5080
5159
5081
5160
5082
5161
5083
5162
5084
5163
5085
5164
5086
5165
5087
5166
5088
5167
5089
5168
5090
5169
5091
5170
5092
5171
5093
5172
5094
5173
5095
5174
5096
5175
5097
5176
5098
5177
5099
5178
5100
5179
5101
5180
5102
5181
5103
5182
5104
5183
5105
5184
5106
5185
5107
5186
5108
5187
5109
5188
5110
5189
5111
5190
5112
5191
5113
5192
5114
5193
5115
5194
5116
5195
5117
5196
5118
5197
5119
5198
5199
5121
5200
5122
5201
5123
5202
5124
5203
5125
5204
5126
5205
5127
5206
5128
5207
5129
5208
5130
5209
5131
5210
5132
5211
5133
5212
5134
5213
5135
5214
5136
5215
5137
5216
5138
5217
5139
5218
5140
5219
5141
5220
5142
5221
5143
5222
5144
5223
5145
5224
5146
5225
5147
5226
5148
5227
5149
5228
5150
5229
5151
5230
5152
5231
5153
5232
5154
5233
5155
5234
5156
5235
5157
5236
5158
5237
5159
5238
5160
5239
5161
5240
5162
5241
5163
5242
5164
5243
5165
5244
5166
5245
5167
5246
5168
5247
5169
5248
5170
5249
5171
5250
5172
5251
5173
5252
5174
5253
5175
5254
5176
5255
5177
5256
5178
5257
5179
5258
5180
5259
5181
5260
5182
5261
5183
5262
5184
5263
5185
5264
5186
5265
5187
5266
5188
5267
5189
5268
5190
5269
5191
5270
5192
5271
5193
5272
5194
5273
5195
5274
5196
5275
5197
5276
5198
5277
5199
5278
5279
5201
5280
5202
5281
5203
5282
5204
5283
5205
5284
5206
5285
5207
5286
5208
5287
5209
5288
5210
5289
5211
5290
5212
5291
5213
5292
5214
5293
5215
5294
5216
5295
5217
5296
5218
5297
5219
5298
5220
5299
5221
5300
5222
5301
5223
5302
5224
5303
5225
5304
5226
5305
5227
5306
5228
5307
5229
5308
5230
5309
5231
5310
5232
5311
5233
5312
5234
5313
5235
5314
5236
5315
5237
5316
5238
5317
5239
5318
5240
5319
5241
5320
5242
5321
5243
5322
5244
5323
5245
5324
5246
5325
5247
5326
5248
5327
5249
5328
5250
5329
5251
5330
5252
5331
5253
5332
5254
5333
5255
5334
5256
5335
5257
5336
5258
5337
5259
5338
5260
5339
5261
5340
5262
5341
5263
5342
5264
5343
5265
5344
5266
5345
5267
5346
5268
5347
5269
5348
5270
5349
5271
5350
5272
5351
5273
5352
5274
5353
5275
5354
5276
5355
5277
5356
5278
5357
5279
5358
5359
5281
5360
5282
5361
5283
5362
5284
5363
5285
5364
5286
5365
5287
5366
5288
5367
5289
5368
5290
5369
5291
5370
5292
5371
5293
5372
5294
5373
5295
5374
5296
5375
5297
5376
5298
5377
5299
5378
5300
5379
5301
5380
5302
5381
5303
5382
5304
5383
5305
5384
5306
5385
5307
5386
5308
5387
5309
5388
5310
5389
5311
5390
5312
5391
5313
5392
5314
5393
5315
5394
5316
5395
5317
5396
5318
5397
5319
5398
5320
5399
5321
5400
5322
5401
5323
5402
5324
5403
5325
5404
5326
5405
5327
5406
5328
5407
5329
5408
5330
5409
5331
5410
5332
5411
5333
5412
5334
5413
5335
5414
5336
5415
5337
5416
5338
5417
5339
5418
5340
5419
5341
5420
5342
5421
5343
5422
5344
5423
5345
5424
5346
5425
5347
5426
5348
5427
5349
5428
5350
5429
5351
5430
5352
5431
5353
5432
5354
5433
5355
5434
5356
5435
5357
5436
5358
5437
5359
5438
5439
5361
5440
5362
5441
5363
5442
5364
5443
5365
5444
5366
5445
5367
5446
5368
5447
5369
5448
5370
5449
5371
5450
5372
5451
5373
5452
5374
5453
5375
5454
5376
5455
5377
5456
5378
5457
5379
5458
5380
5459
5381
5460
5382
5461
5383
5462
5384
5463
5385
5464
5386
5465
5387
5466
5388
5467
5389
5468
5390
5469
5391
5470
5392
5471
5393
5472
5394
5473
5395
5474
5396
5475
5397
5476
5398
5477
5399
5478
5400
5479
5401
5480
5402
5481
5403
5482
5404
5483
5405
5484
5406
5485
5407
5486
5408
5487
5409
5488
5410
5489
5411
5490
5412
5491
5413
5492
5414
5493
5415
5494
5416
5495
5417
5496
5418
5497
5419
5498
5420
5499
5421
5500
5422
5501
5423
5502
5424
5503
5425
5504
5426
5505
5427
5506
5428
5507
5429
5508
5430
5509
5431
5510
5432
5511
5433
5512
5434
5513
5435
5514
5436
5515
5437
5516
5438
5517
5439
5518
5519
5441
5520
5442
5521
5443
5522
5444
5523
5445
5524
5446
5525
5447
5526
5448
5527
5449
5528
5450
5529
5451
5530
5452
5531
5453
5532
5454
5533
5455
5534
5456
5535
5457
5536
5458
5537
5459
5538
5460
5539
5461
5540
5462
5541
5463
5542
5464
5543
5465
5544
5466
5545
5467
5546
5468
5547
5469
5548
5470
5549
5471
5550
5472
5551
5473
5552
5474
5553
5475
5554
5476
5555
5477
5556
5478
5557
5479
5558
5480
5559
5481
5560
5482
5561
5483
5562
5484
5563
5485
5564
5486
5565
5487
5566
5488
5567
5489
5568
5490
5569
5491
5570
5492
5571
5493
5572
5494
5573
5495
5574
5496
5575
5497
5576
5498
5577
5499
5578
5500
5579
5501
5580
5502
5581
5503
5582
5504
5583
5505
5584
5506
5585
5507
5586
5508
5587
5509
5588
5510
5589
5511
5590
5512
5591
5513
5592
5514
5593
5515
5594
5516
5595
5517
5596
5518
5597
5519
5598
5599
5521
5600
5522
5601
5523
5602
5524
5603
5525
5604
5526
5605
5527
5606
5528
5607
5529
5608
5530
5609
5531
5610
5532
5611
5533
5612
5534
5613
5535
5614
5536
5615
5537
5616
5538
5617
5539
5618
5540
5619
5541
5620
5542
5621
5543
5622
5544
5623
5545
5624
5546
5625
5547
5626
5548
5627
5549
5628
5550
5629
5551
5630
5552
5631
5553
5632
5554
5633
5555
5634
5556
5635
5557
5636
5558
5637
5559
5638
5560
5639
5561
5640
5562
5641
5563
5642
5564
5643
5565
5644
5566
5645
5567
5646
5568
5647
5569
5648
5570
5649
5571
5650
5572
5651
5573
5652
5574
5653
5575
5654
5576
5655
5577
5656
5578
5657
5579
5658
5580
5659
5581
5660
5582
5661
5583
5662
5584
5663
5585
5664
5586
5665
5587
5666
5588
5667
5589
5668
5590
5669
5591
5670
5592
5671
5593
5672
5594
5673
5595
5674
5596
5675
5597
5676
5598
5677
5599
5678
5679
5601
5680
5602
5681
5603
5682
5604
5683
5605
5684
5606
5685
5607
5686
5608
5687
5609
5688
5610
5689
5611
5690
5612
5691
5613
5692
5614
5693
5615
5694
5616
5695
5617
5696
5618
5697
5619
5698
5620
5699
5621
5700
5622
5701
5623
5702
5624
5703
5625
5704
5626
5705
5627
5706
5628
5707
5629
5708
5630
5709
5631
5710
5632
5711
5633
5712
5634
5713
5635
5714
5636
5715
5637
5716
5638
5717
5639
5718
5640
5719
5641
5720
5642
5721
5643
5722
5644
5723
5645
5724
5646
5725
5647
5726
5648
5727
5649
5728
5650
5729
5651
5730
5652
5731
5653
5732
5654
5733
5655
5734
5656
5735
5657
5736
5658
5737
5659
5738
5660
5739
5661
5740
5662
5741
5663
5742
5664
5743
5665
5744
5666
5745
5667
5746
5668
5747
5669
5748
5670
5749
5671
5750
5672
5751
5673
5752
5674
5753
5675
5754
5676
5755
5677
5756
5678
5757
5679
5758
5759
5681
5760
5682
5761
5683
5762
5684
5763
5685
5764
5686
5765
5687
5766
5688
5767
5689
5768
5690
5769
5691
5770
5692
5771
5693
5772
5694
5773
5695
5774
5696
5775
5697
5776
5698
5777
5699
5778
5700
5779
5701
5780
5702
5781
5703
5782
5704
5783
5705
5784
5706
5785
5707
5786
5708
5787
5709
5788
5710
5789
5711
5790
5712
5791
5713
5792
5714
5793
5715
5794
5716
5795
5717
5796
5718
5797
5719
5798
5720
5799
5721
5800
5722
5801
5723
5802
5724
5803
5725
5804
5726
5805
5727
5806
5728
5807
5729
5808
5730
5809
5731
5810
5732
5811
5733
5812
5734
5813
5735
5814
5736
5815
5737
5816
5738
5817
5739
5818
5740
5819
5741
5820
5742
5821
5743
5822
5744
5823
5745
5824
5746
5825
5747
5826
5748
5827
5749
5828
5750
5829
5751
5830
5752
5831
5753
5832
5754
5833
5755
5834
5756
5835
5757
5836
5758
5837
5759
5838
5839
5761
5840
5762
5841
5763
5842
5764
5843
5765
5844
5766
5845
5767
5846
5768
5847
5769
5848
5770
5849
5771
5850
5772
5851
5773
5852
5774
5853
5775
5854
5776
5855
5777
5856
5778
5857
5779
5858
5780
5859
5781
5860
5782
5861
5783
5862
5784
5863
5785
5864
5786
5865
5787
5866
5788
5867
5789
5868
5790
5869
5791
5870
5792
5871
5793
5872
5794
5873
5795
5874
5796
5875
5797
5876
5798
5877
5799
5878
5800
5879
5801
5880
5802
5881
5803
5882
5804
5883
5805
5884
5806
5885
5807
5886
5808
5887
5809
5888
5810
5889
5811
5890
5812
5891
5813
5892
5814
5893
5815
5894
5816
5895
5817
5896
5818
5897
5819
5898
5820
5899
5821
5900
5822
5901
5823
5902
5824
5903
5825
5904
5826
5905
5827
5906
5828
5907
5829
5908
5830
5909
5831
5910
5832
5911
5833
5912
5834
5913
5835
5914
5836
5915
5837
5916
5838
5917
5839
5918
5919
5841
5920
5842
5921
5843
5922
5844
5923
5845
5924
5846
5925
5847
5926
5848
5927
5849
5928
5850
5929
5851
5930
5852
5931
5853
5932
5854
5933
5855
5934
5856
5935
5857
5936
5858
5937
5859
5938
5860
5939
5861
5940
5862
5941
5863
5942
5864
5943
5865
5944
5866
5945
5867
5946
5868
5947
5869
5948
5870
5949
5871
5950
5872
5951
5873
5952
5874
5953
5875
5954
5876
5955
5877
5956
5878
5957
5879
5958
5880
5959
5881
5960
5882
5961
5883
5962
5884
5963
5885
5964
5886
5965
5887
5966
5888
5967
5889
5968
5890
5969
5891
5970
5892
5971
5893
5972
5894
5973
5895
5974
5896
5975
5897
5976
5898
5977
5899
5978
5900
5979
5901
5980
5902
5981
5903
5982
5904
5983
5905
5984
5906
5985
5907
5986
5908
5987
5909
5988
5910
5989
5911
5990
5912
5991
5913
5992
5914
5993
5915
5994
5916
5995
5917
5996
5918
5997
5919
5998
5999
5921
6000
5922
6001
5923
6002
5924
6003
5925
6004
5926
6005
5927
6006
5928
6007
5929
6008
5930
6009
5931
6010
5932
6011
5933
6012
5934
6013
5935
6014
5936
6015
5937
6016
5938
6017
5939
6018
5940
6019
5941
6020
5942
6021
5943
6022
5944
6023
5945
6024
5946
6025
5947
6026
5948
6027
5949
6028
5950
6029
5951
6030
5952
6031
5953
6032
5954
6033
5955
6034
5956
6035
5957
6036
5958
6037
5959
6038
5960
6039
5961
6040
5962
6041
5963
6042
5964
6043
5965
6044
5966
6045
5967
6046
5968
6047
5969
6048
5970
6049
5971
6050
5972
6051
5973
6052
5974
6053
5975
6054
5976
6055
5977
6056
5978
6057
5979
6058
5980
6059
5981
6060
5982
6061
5983
6062
5984
6063
5985
6064
5986
6065
5987
6066
5988
6067
5989
6068
5990
6069
5991
6070
5992
6071
5993
6072
5994
6073
5995
6074
5996
6075
5997
6076
5998
6077
5999
6078
6079
6001
6080
6002
6081
6003
6082
6004
6083
6005
6084
6006
6085
6007
6086
6008
6087
6009
6088
6010
6089
6011
6090
6012
6091
6013
6092
6014
6093
6015
6094
6016
6095
6017
6096
6018
6097
6019
6098
6020
6099
6021
6100
6022
6101
6023
6102
6024
6103
6025
6104
6026
6105
6027
6106
6028
6107
6029
6108
6030
6109
6031
6110
6032
6111
6033
6112
6034
6113
6035
6114
6036
6115
6037
6116
6038
6117
6039
6118
6040
6119
6041
6120
6042
6121
6043
6122
6044
6123
6045
6124
6046
6125
6047
6126
6048
6127
6049
6128
6050
6129
6051
6130
6052
6131
6053
6132
6054
6133
6055
6134
6056
6135
6057
6136
6058
6137
6059
6138
6060
6139
6061
6140
6062
6141
6063
6142
6064
6143
6065
6144
6066
6145
6067
6146
6068
6147
6069
6148
6070
6149
6071
6150
6072
6151
6073
6152
6074
6153
6075
6154
6076
6155
6077
6156
6078
6157
6079
6158
6159
6081
6160
6082
6161
6083
6162
6084
6163
6085
6164
6086
6165
6087
6166
6088
6167
6089
6168
6090
6169
6091
6170
6092
6171
6093
6172
6094
6173
6095
6174
6096
6175
6097
6176
6098
6177
6099
6178
6100
6179
6101
6180
6102
6181
6103
6182
6104
6183
6105
6184
6106
6185
6107
6186
6108
6187
6109
6188
6110
6189
6111
6190
6112
6191
6113
6192
6114
6193
6115
6194
6116
6195
6117
6196
6118
6197
6119
6198
6120
6199
6121
6200
6122
6201
6123
6202
6124
6203
6125
6204
6126
6205
6127
6206
6128
6207
6129
6208
6130
6209
6131
6210
6132
6211
6133
6212
6134
6213
6135
6214
6136
6215
6137
6216
6138
6217
6139
6218
6140
6219
6141
6220
6142
6221
6143
6222
6144
6223
6145
6224
6146
6225
6147
6226
6148
6227
6149
6228
6150
6229
6151
6230
6152
6231
6153
6232
6154
6233
6155
6234
6156
6235
6157
6236
6158
6237
6159
6238
6239
6161
6240
6162
6241
6163
6242
6164
6243
6165
6244
6166
6245
6167
6246
6168
6247
6169
6248
6170
6249
6171
6250
6172
6251
6173
6252
6174
6253
6175
6254
6176
6255
6177
6256
6178
6257
6179
6258
6180
6259
6181
6260
6182
6261
6183
6262
6184
6263
6185
6264
6186
6265
6187
6266
6188
6267
6189
6268
6190
6269
6191
6270
6192
6271
6193
6272
6194
6273
6195
6274
6196
6275
6197
6276
6198
6277
6199
6278
6200
6279
6201
6280
6202
6281
6203
6282
6204
6283
6205
6284
6206
6285
6207
6286
6208
6287
6209
6288
6210
6289
6211
6290
6212
6291
6213
6292
6214
6293
6215
6294
6216
6295
6217
6296
6218
6297
6219
6298
6220
6299
6221
6300
6222
6301
6223
6302
6224
6303
6225
6304
6226
6305
6227
6306
6228
6307
6229
6308
6230
6309
6231
6310
6232
6311
6233
6312
6234
6313
6235
6314
6236
6315
6237
6316
6238
6317
6239
6318
6319
6241
6320
6242
6321
6243
6322
6244
6323
6245
6324
6246
6325
6247
6326
6248
6327
6249
6328
6250
6329
6251
6330
6252
6331
6253
6332
6254
6333
6255
6334
6256
6335
6257
6336
6258
6337
6259
6338
6260
6339
6261
6340
6262
6341
6263
6342
6264
6343
6265
6344
6266
6345
6267
6346
6268
6347
6269
6348
6270
6349
6271
6350
6272
6351
6273
6352
6274
6353
6275
6354
6276
6355
6277
6356
6278
6357
6279
6358
6280
6359
6281
6360
6282
6361
6283
6362
6284
6363
6285
6364
6286
6365
6287
6366
6288
6367
6289
6368
6290
6369
6291
6370
6292
6371
6293
6372
6294
6373
6295
6374
6296
6375
6297
6376
6298
6377
6299
6378
6300
6379
6301
6380
6302
6381
6303
6382
6304
6383
6305
6384
6306
6385
6307
6386
6308
6387
6309
6388
6310
6389
6311
6390
6312
6391
6313
6392
6314
6393
6315
6394
6316
6395
6317
6396
6318
6397
6319
6398
6399
6321
6400
6322
6401
6323
6402
6324
6403
6325
6404
6326
6405
6327
6406
6328
6407
6329
6408
6330
6409
6331
6410
6332
6411
6333
6412
6334
6413
6335
6414
6336
6415
6337
6416
6338
6417
6339
6418
6340
6419
6341
6420
6342
6421
6343
6422
6344
6423
6345
6424
6346
6425
6347
6426
6348
6427
6349
6428
6350
6429
6351
6430
6352
6431
6353
6432
6354
6433
6355
6434
6356
6435
6357
6436
6358
6437
6359
6438
6360
6439
6361
6440
6362
6441
6363
6442
6364
6443
6365
6444
6366
6445
6367
6446
6368
6447
6369
6448
6370
6449
6371
6450
6372
6451
6373
6452
6374
6453
6375
6454
6376
6455
6377
6456
6378
6457
6379
6458
6380
6459
6381
6460
6382
6461
6383
6462
6384
6463
6385
6464
6386
6465
6387
6466
6388
6467
6389
6468
6390
6469
6391
6470
6392
6471
6393
6472
6394
6473
6395
6474
6396
6475
6397
6476
6398
6477
6399
6478
6479
6401
6480
6402
6481
6403
6482
6404
6483
6405
6484
6406
6485
6407
6486
6408
6487
6409
6488
6410
6489
6411
6490
6412
6491
6413
6492
6414
6493
6415
6494
6416
6495
6417
6496
6418
6497
6419
6498
6420
6499
6421
6500
6422
6501
6423
6502
6424
6503
6425
6504
6426
6505
6427
6506
6428
6507
6429
6508
6430
6509
6431
6510
6432
6511
6433
6512
6434
6513
6435
6514
6436
6515
6437
6516
6438
6517
6439
6518
6440
6519
6441
6520
6442
6521
6443
6522
6444
6523
6445
6524
6446
6525
6447
6526
6448
6527
6449
6528
6450
6529
6451
6530
6452
6531
6453
6532
6454
6533
6455
6534
6456
6535
6457
6536
6458
6537
6459
6538
6460
6539
6461
6540
6462
6541
6463
6542
6464
6543
6465
6544
6466
6545
6467
6546
6468
6547
6469
6548
6470
6549
6471
6550
6472
6551
6473
6552
6474
6553
6475
6554
6476
6555
6477
6556
6478
6557
6479
6558
6559
6481
6560
6482
6561
6483
6562
6484
6563
6485
6564
6486
6565
6487
6566
6488
6567
6489
6568
6490
6569
6491
6570
6492
6571
6493
6572
6494
6573
6495
6574
6496
6575
6497
6576
6498
6577
6499
6578
6500
6579
6501
6580
6502
6581
6503
6582
6504
6583
6505
6584
6506
6585
6507
6586
6508
6587
6509
6588
6510
6589
6511
6590
6512
6591
6513
6592
6514
6593
6515
6594
6516
6595
6517
6596
6518
6597
6519
6598
6520
6599
6521
6600
6522
6601
6523
6602
6524
6603
6525
6604
6526
6605
6527
6606
6528
6607
6529
6608
6530
6609
6531
6610
6532
6611
6533
6612
6534
6613
6535
6614
6536
6615
6537
6616
6538
6617
6539
6618
6540
6619
6541
6620
6542
6621
6543
6622
6544
6623
6545
6624
6546
6625
6547
6626
6548
6627
6549
6628
6550
6629
6551
6630
6552
6631
6553
6632
6554
6633
6555
6634
6556
6635
6557
6636
6558
6637
6559
6638
6639
6561
6640
6562
6641
6563
6642
6564
6643
6565
6644
6566
6645
6567
6646
6568
6647
6569
6648
6570
6649
6571
6650
6572
6651
6573
6652
6574
6653
6575
6654
6576
6655
6577
6656
6578
6657
6579
6658
6580
6659
6581
6660
6582
6661
6583
6662
6584
6663
6585
6664
6586
6665
6587
6666
6588
6667
6589
6668
6590
6669
6591
6670
6592
6671
6593
6672
6594
6673
6595
6674
6596
6675
6597
6676
6598
6677
6599
6678
6600
6679
6601
6680
6602
6681
6603
6682
6604
6683
6605
6684
6606
6685
6607
6686
6608
6687
6609
6688
6610
6689
6611
6690
6612
6691
6613
6692
6614
6693
6615
6694
6616
6695
6617
6696
6618
6697
6619
6698
6620
6699
6621
6700
6622
6701
6623
6702
6624
6703
6625
6704
6626
6705
6627
6706
6628
6707
6629
6708
6630
6709
6631
6710
6632
6711
6633
6712
6634
6713
6635
6714
6636
6715
6637
6716
6638
6717
6639
6718
6719
6641
6720
6642
6721
6643
6722
6644
6723
6645
6724
6646
6725
6647
6726
6648
6727
6649
6728
6650
6729
6651
6730
6652
6731
6653
6732
6654
6733
6655
6734
6656
6735
6657
6736
6658
6737
6659
6738
6660
6739
6661
6740
6662
6741
6663
6742
6664
6743
6665
6744
6666
6745
6667
6746
6668
6747
6669
6748
6670
6749
6671
6750
6672
6751
6673
6752
6674
6753
6675
6754
6676
6755
6677
6756
6678
6757
6679
6758
6680
6759
6681
6760
6682
6761
6683
6762
6684
6763
6685
6764
6686
6765
6687
6766
6688
6767
6689
6768
6690
6769
6691
6770
6692
6771
6693
6772
6694
6773
6695
6774
6696
6775
6697
6776
6698
6777
6699
6778
6700
6779
6701
6780
6702
6781
6703
6782
6704
6783
6705
6784
6706
6785
6707
6786
6708
6787
6709
6788
6710
6789
6711
6790
6712
6791
6713
6792
6714
6793
6715
6794
6716
6795
6717
6796
6718
6797
6719
6798
6799
6721
6800
6722
6801
6723
6802
6724
6803
6725
6804
6726
6805
6727
6806
6728
6807
6729
6808
6730
6809
6731
6810
6732
6811
6733
6812
6734
6813
6735
6814
6736
6815
6737
6816
6738
6817
6739
6818
6740
6819
6741
6820
6742
6821
6743
6822
6744
6823
6745
6824
6746
6825
6747
6826
6748
6827
6749
6828
6750
6829
6751
6830
6752
6831
6753
6832
6754
6833
6755
6834
6756
6835
6757
6836
6758
6837
6759
6838
6760
6839
6761
6840
6762
6841
6763
6842
6764
6843
6765
6844
6766
6845
6767
6846
6768
6847
6769
6848
6770
6849
6771
6850
6772
6851
6773
6852
6774
6853
6775
6854
6776
6855
6777
6856
6778
6857
6779
6858
6780
6859
6781
6860
6782
6861
6783
6862
6784
6863
6785
6864
6786
6865
6787
6866
6788
6867
6789
6868
6790
6869
6791
6870
6792
6871
6793
6872
6794
6873
6795
6874
6796
6875
6797
6876
6798
6877
6799
6878
6879
6801
6880
6802
6881
6803
6882
6804
6883
6805
6884
6806
6885
6807
6886
6808
6887
6809
6888
6810
6889
6811
6890
6812
6891
6813
6892
6814
6893
6815
6894
6816
6895
6817
6896
6818
6897
6819
6898
6820
6899
6821
6900
6822
6901
6823
6902
6824
6903
6825
6904
6826
6905
6827
6906
6828
6907
6829
6908
6830
6909
6831
6910
6832
6911
6833
6912
6834
6913
6835
6914
6836
6915
6837
6916
6838
6917
6839
6918
6840
6919
6841
6920
6842
6921
6843
6922
6844
6923
6845
6924
6846
6925
6847
6926
6848
6927
6849
6928
6850
6929
6851
6930
6852
6931
6853
6932
6854
6933
6855
6934
6856
6935
6857
6936
6858
6937
6859
6938
6860
6939
6861
6940
6862
6941
6863
6942
6864
6943
6865
6944
6866
6945
6867
6946
6868
6947
6869
6948
6870
6949
6871
6950
6872
6951
6873
6952
6874
6953
6875
6954
6876
6955
6877
6956
6878
6957
6879
6958
6959
6881
6960
6882
6961
6883
6962
6884
6963
6885
6964
6886
6965
6887
6966
6888
6967
6889
6968
6890
6969
6891
6970
6892
6971
6893
6972
6894
6973
6895
6974
6896
6975
6897
6976
6898
6977
6899
6978
6900
6979
6901
6980
6902
6981
6903
6982
6904
6983
6905
6984
6906
6985
6907
6986
6908
6987
6909
6988
6910
6989
6911
6990
6912
6991
6913
6992
6914
6993
6915
6994
6916
6995
6917
6996
6918
6997
6919
6998
6920
6999
6921
7000
6922
7001
6923
7002
6924
7003
6925
7004
6926
7005
6927
7006
6928
7007
6929
7008
6930
7009
6931
7010
6932
7011
6933
7012
6934
7013
6935
7014
6936
7015
6937
7016
6938
7017
6939
7018
6940
7019
6941
7020
6942
7021
6943
7022
6944
7023
6945
7024
6946
7025
6947
7026
6948
7027
6949
7028
6950
7029
6951
7030
6952
7031
6953
7032
6954
7033
6955
7034
6956
7035
6957
7036
6958
7037
6959
7038
7039
6961
7040
6962
7041
6963
7042
6964
7043
6965
7044
6966
7045
6967
7046
6968
7047
6969
7048
6970
7049
6971
7050
6972
7051
6973
7052
6974
7053
6975
7054
6976
7055
6977
7056
6978
7057
6979
7058
6980
7059
6981
7060
6982
7061
6983
7062
6984
7063
6985
7064
6986
7065
6987
7066
6988
7067
6989
7068
6990
7069
6991
7070
6992
7071
6993
7072
6994
7073
6995
7074
6996
7075
6997
7076
6998
7077
6999
7078
7000
7079
7001
7080
7002
7081
7003
7082
7004
7083
7005
7084
7006
7085
7007
7086
7008
7087
7009
7088
7010
7089
7011
7090
7012
7091
7013
7092
7014
7093
7015
7094
7016
7095
7017
7096
7018
7097
7019
7098
7020
7099
7021
7100
7022
7101
7023
7102
7024
7103
7025
7104
7026
7105
7027
7106
7028
7107
7029
7108
7030
7109
7031
7110
7032
7111
7033
7112
7034
7113
7035
7114
7036
7115
7037
7116
7038
7117
7039
7118
7119
7041
7120
7042
7121
7043
7122
7044
7123
7045
7124
7046
7125
7047
7126
7048
7127
7049
7128
7050
7129
7051
7130
7052
7131
7053
7132
7054
7133
7055
7134
7056
7135
7057
7136
7058
7137
7059
7138
7060
7139
7061
7140
7062
7141
7063
7142
7064
7143
7065
7144
7066
7145
7067
7146
7068
7147
7069
7148
7070
7149
7071
7150
7072
7151
7073
7152
7074
7153
7075
7154
7076
7155
7077
7156
7078
7157
7079
7158
7080
7159
7081
7160
7082
7161
7083
7162
7084
7163
7085
7164
7086
7165
7087
7166
7088
7167
7089
7168
7090
7169
7091
7170
7092
7171
7093
7172
7094
7173
7095
7174
7096
7175
7097
7176
7098
7177
7099
7178
7100
7179
7101
7180
7102
7181
7103
7182
7104
7183
7105
7184
7106
7185
7107
7186
7108
7187
7109
7188
7110
7189
7111
7190
7112
7191
7113
7192
7114
7193
7115
7194
7116
7195
7117
7196
7118
7197
7119
7198
7199
7121
7200
7122
7201
7123
7202
7124
7203
7125
7204
7126
7205
7127
7206
7128
7207
7129
7208
7130
7209
7131
7210
7132
7211
7133
7212
7134
7213
7135
7214
7136
7215
7137
7216
7138
7217
7139
7218
7140
7219
7141
7220
7142
7221
7143
7222
7144
7223
7145
7224
7146
7225
7147
7226
7148
7227
7149
7228
7150
7229
7151
7230
7152
7231
7153
7232
7154
7233
7155
7234
7156
7235
7157
7236
7158
7237
7159
7238
7160
7239
7161
7240
7162
7241
7163
7242
7164
7243
7165
7244
7166
7245
7167
7246
7168
7247
7169
7248
7170
7249
7171
7250
7172
7251
7173
7252
7174
7253
7175
7254
7176
7255
7177
7256
7178
7257
7179
7258
7180
7259
7181
7260
7182
7261
7183
7262
7184
7263
7185
7264
7186
7265
7187
7266
7188
7267
7189
7268
7190
7269
7191
7270
7192
7271
7193
7272
7194
7273
7195
7274
7196
7275
7197
7276
7198
7277
7199
7278
7279
7201
7280
7202
7281
7203
7282
7204
7283
7205
7284
7206
7285
7207
7286
7208
7287
7209
7288
7210
7289
7211
7290
7212
7291
7213
7292
7214
7293
7215
7294
7216
7295
7217
7296
7218
7297
7219
7298
7220
7299
7221
7300
7222
7301
7223
7302
7224
7303
7225
7304
7226
7305
7227
7306
7228
7307
7229
7308
7230
7309
7231
7310
7232
7311
7233
7312
7234
7313
7235
7314
7236
7315
7237
7316
7238
7317
7239
7318
7240
7319
7241
7320
7242
7321
7243
7322
7244
7323
7245
7324
7246
7325
7247
7326
7248
7327
7249
7328
7250
7329
7251
7330
7252
7331
7253
7332
7254
7333
7255
7334
7256
7335
7257
7336
7258
7337
7259
7338
7260
7339
7261
7340
7262
7341
7263
7342
7264
7343
7265
7344
7266
7345
7267
7346
7268
7347
7269
7348
7270
7349
7271
7350
7272
7351
7273
7352
7274
7353
7275
7354
7276
7355
7277
7356
7278
7357
7279
7358
7359
7281
7360
7282
7361
7283
7362
7284
7363
7285
7364
7286
7365
7287
7366
7288
7367
7289
7368
7290
7369
7291
7370
7292
7371
7293
7372
7294
7373
7295
7374
7296
7375
7297
7376
7298
7377
7299
7378
7300
7379
7301
7380
7302
7381
7303
7382
7304
7383
7305
7384
7306
7385
7307
7386
7308
7387
7309
7388
7310
7389
7311
7390
7312
7391
7313
7392
7314
7393
7315
7394
7316
7395
7317
7396
7318
7397
7319
7398
7320
7399
7321
7400
7322
7401
7323
7402
7324
7403
7325
7404
7326
7405
7327
7406
7328
7407
7329
7408
7330
7409
7331
7410
7332
7411
7333
7412
7334
7413
7335
7414
7336
7415
7337
7416
7338
7417
7339
7418
7340
7419
7341
7420
7342
7421
7343
7422
7344
7423
7345
7424
7346
7425
7347
7426
7348
7427
7349
7428
7350
7429
7351
7430
7352
7431
7353
7432
7354
7433
7355
7434
7356
7435
7357
7436
7358
7437
7359
7438
7439
7361
7440
7362
7441
7363
7442
7364
7443
7365
7444
7366
7445
7367
7446
7368
7447
7369
7448
7370
7449
7371
7450
7372
7451
7373
7452
7374
7453
7375
7454
7376
7455
7377
7456
7378
7457
7379
7458
7380
7459
7381
7460
7382
7461
7383
7462
7384
7463
7385
7464
7386
7465
7387
7466
7388
7467
7389
7468
7390
7469
7391
7470
7392
7471
7393
7472
7394
7473
7395
7474
7396
7475
7397
7476
7398
7477
7399
7478
7400
7479
7401
7480
7402
7481
7403
7482
7404
7483
7405
7484
7406
7485
7407
7486
7408
7487
7409
7488
7410
7489
7411
7490
7412
7491
7413
7492
7414
7493
7415
7494
7416
7495
7417
7496
7418
7497
7419
7498
7420
7499
7421
7500
7422
7501
7423
7502
7424
7503
7425
7504
7426
7505
7427
7506
7428
7507
7429
7508
7430
7509
7431
7510
7432
7511
7433
7512
7434
7513
7435
7514
7436
7515
7437
7516
7438
7517
7439
7518
7519
7441
7520
7442
7521
7443
7522
7444
7523
7445
7524
7446
7525
7447
7526
7448
7527
7449
7528
7450
7529
7451
7530
7452
7531
7453
7532
7454
7533
7455
7534
7456
7535
7457
7536
7458
7537
7459
7538
7460
7539
7461
7540
7462
7541
7463
7542
7464
7543
7465
7544
7466
7545
7467
7546
7468
7547
7469
7548
7470
7549
7471
7550
7472
7551
7473
7552
7474
7553
7475
7554
7476
7555
7477
7556
7478
7557
7479
7558
7480
7559
7481
7560
7482
7561
7483
7562
7484
7563
7485
7564
7486
7565
7487
7566
7488
7567
7489
7568
7490
7569
7491
7570
7492
7571
7493
7572
7494
7573
7495
7574
7496
7575
7497
7576
7498
7577
7499
7578
7500
7579
7501
7580
7502
7581
7503
7582
7504
7583
7505
7584
7506
7585
7507
7586
7508
7587
7509
7588
7510
7589
7511
7590
7512
7591
7513
7592
7514
7593
7515
7594
7516
7595
7517
7596
7518
7597
7519
7598
7599
7521
7600
7522
7601
7523
7602
7524
7603
7525
7604
7526
7605
7527
7606
7528
7607
7529
7608
7530
7609
7531
7610
7532
7611
7533
7612
7534
7613
7535
7614
7536
7615
7537
7616
7538
7617
7539
7618
7540
7619
7541
7620
7542
7621
7543
7622
7544
7623
7545
7624
7546
7625
7547
7626
7548
7627
7549
7628
7550
7629
7551
7630
7552
7631
7553
7632
7554
7633
7555
7634
7556
7635
7557
7636
7558
7637
7559
7638
7560
7639
7561
7640
7562
7641
7563
7642
7564
7643
7565
7644
7566
7645
7567
7646
7568
7647
7569
7648
7570
7649
7571
7650
7572
7651
7573
7652
7574
7653
7575
7654
7576
7655
7577
7656
7578
7657
7579
7658
7580
7659
7581
7660
7582
7661
7583
7662
7584
7663
7585
7664
7586
7665
7587
7666
7588
7667
7589
7668
7590
7669
7591
7670
7592
7671
7593
7672
7594
7673
7595
7674
7596
7675
7597
7676
7598
7677
7599
7678
7679
7601
7680
7602
7681
7603
7682
7604
7683
7605
7684
7606
7685
7607
7686
7608
7687
7609
7688
7610
7689
7611
7690
7612
7691
7613
7692
7614
7693
7615
7694
7616
7695
7617
7696
7618
7697
7619
7698
7620
7699
7621
7700
7622
7701
7623
7702
7624
7703
7625
7704
7626
7705
7627
7706
7628
7707
7629
7708
7630
7709
7631
7710
7632
7711
7633
7712
7634
7713
7635
7714
7636
7715
7637
7716
7638
7717
7639
7718
7640
7719
7641
7720
7642
7721
7643
7722
7644
7723
7645
7724
7646
7725
7647
7726
7648
7727
7649
7728
7650
7729
7651
7730
7652
7731
7653
7732
7654
7733
7655
7734
7656
7735
7657
7736
7658
7737
7659
7738
7660
7739
7661
7740
7662
7741
7663
7742
7664
7743
7665
7744
7666
7745
7667
7746
7668
7747
7669
7748
7670
7749
7671
7750
7672
7751
7673
7752
7674
7753
7675
7754
7676
7755
7677
7756
7678
7757
7679
7758
7759
7681
7760
7682
7761
7683
7762
7684
7763
7685
7764
7686
7765
7687
7766
7688
7767
7689
7768
7690
7769
7691
7770
7692
7771
7693
7772
7694
7773
7695
7774
7696
7775
7697
7776
7698
7777
7699
7778
7700
7779
7701
7780
7702
7781
7703
7782
7704
7783
7705
7784
7706
7785
7707
7786
7708
7787
7709
7788
7710
7789
7711
7790
7712
7791
7713
7792
7714
7793
7715
7794
7716
7795
7717
7796
7718
7797
7719
7798
7720
7799
7721
7800
7722
7801
7723
7802
7724
7803
7725
7804
7726
7805
7727
7806
7728
7807
7729
7808
7730
7809
7731
7810
7732
7811
7733
7812
7734
7813
7735
7814
7736
7815
7737
7816
7738
7817
7739
7818
7740
7819
7741
7820
7742
7821
7743
7822
7744
7823
7745
7824
7746
7825
7747
7826
7748
7827
7749
7828
7750
7829
7751
7830
7752
7831
7753
7832
7754
7833
7755
7834
7756
7835
7757
7836
7758
7837
7759
7838
7839
7761
7840
7762
7841
7763
7842
7764
7843
7765
7844
7766
7845
7767
7846
7768
7847
7769
7848
7770
7849
7771
7850
7772
7851
7773
7852
7774
7853
7775
7854
7776
7855
7777
7856
7778
7857
7779
7858
7780
7859
7781
7860
7782
7861
7783
7862
7784
7863
7785
7864
7786
7865
7787
7866
7788
7867
7789
7868
7790
7869
7791
7870
7792
7871
7793
7872
7794
7873
7795
7874
7796
7875
7797
7876
7798
7877
7799
7878
7800
7879
7801
7880
7802
7881
7803
7882
7804
7883
7805
7884
7806
7885
7807
7886
7808
7887
7809
7888
7810
7889
7811
7890
7812
7891
7813
7892
7814
7893
7815
7894
7816
7895
7817
7896
7818
7897
7819
7898
7820
7899
7821
7900
7822
7901
7823
7902
7824
7903
7825
7904
7826
7905
7827
7906
7828
7907
7829
7908
7830
7909
7831
7910
7832
7911
7833
7912
7834
7913
7835
7914
7836
7915
7837
7916
7838
7917
7839
7918
7919
7841
7920
7842
7921
7843
7922
7844
7923
7845
7924
7846
7925
7847
7926
7848
7927
7849
7928
7850
7929
7851
7930
7852
7931
7853
7932
7854
7933
7855
7934
7856
7935
7857
7936
7858
7937
7859
7938
7860
7939
7861
7940
7862
7941
7863
7942
7864
7943
7865
7944
7866
7945
7867
7946
7868
7947
7869
7948
7870
7949
7871
7950
7872
7951
7873
7952
7874
7953
7875
7954
7876
7955
7877
7956
7878
7957
7879
7958
7880
7959
7881
7960
7882
7961
7883
7962
7884
7963
7885
7964
7886
7965
7887
7966
7888
7967
7889
7968
7890
7969
7891
7970
7892
7971
7893
7972
7894
7973
7895
7974
7896
7975
7897
7976
7898
7977
7899
7978
7900
7979
7901
7980
7902
7981
7903
7982
7904
7983
7905
7984
7906
7985
7907
7986
7908
7987
7909
7988
7910
7989
7911
7990
7912
7991
7913
7992
7914
7993
7915
7994
7916
7995
7917
7996
7918
7997
7919
7998
7999
7921
8000
7922
8001
7923
8002
7924
8003
7925
8004
7926
8005
7927
8006
7928
8007
7929
8008
7930
8009
7931
8010
7932
8011
7933
8012
7934
8013
7935
8014
7936
8015
7937
8016
7938
8017
7939
8018
7940
8019
7941
8020
7942
8021
7943
8022
7944
8023
7945
8024
7946
8025
7947
8026
7948
8027
7949
8028
7950
8029
7951
8030
7952
8031
7953
8032
7954
8033
7955
8034
7956
8035
7957
8036
7958
8037
7959
8038
7960
8039
7961
8040
7962
8041
7963
8042
7964
8043
7965
8044
7966
8045
7967
8046
7968
8047
7969
8048
7970
8049
7971
8050
7972
8051
7973
8052
7974
8053
7975
8054
7976
8055
7977
8056
7978
8057
7979
8058
7980
8059
7981
8060
7982
8061
7983
8062
7984
8063
7985
8064
7986
8065
7987
8066
7988
8067
7989
8068
7990
8069
7991
8070
7992
8071
7993
8072
7994
8073
7995
8074
7996
8075
7997
8076
7998
8077
7999
8078
8079
8001
8080
8002
8081
8003
8082
8004
8083
8005
8084
8006
8085
8007
8086
8008
8087
8009
8088
8010
8089
8011
8090
8012
8091
8013
8092
8014
8093
8015
8094
8016
8095
8017
8096
8018
8097
8019
8098
8020
8099
8021
8100
8022
8101
8023
8102
8024
8103
8025
8104
8026
8105
8027
8106
8028
8107
8029
8108
8030
8109
8031
8110
8032
8111
8033
8112
8034
8113
8035
8114
8036
8115
8037
8116
8038
8117
8039
8118
8040
8119
8041
8120
8042
8121
8043
8122
8044
8123
8045
8124
8046
8125
8047
8126
8048
8127
8049
8128
8050
8129
8051
8130
8052
8131
8053
8132
8054
8133
8055
8134
8056
8135
8057
8136
8058
8137
8059
8138
8060
8139
8061
8140
8062
8141
8063
8142
8064
8143
8065
8144
8066
8145
8067
8146
8068
8147
8069
8148
8070
8149
8071
8150
8072
8151
8073
8152
8074
8153
8075
8154
8076
8155
8077
8156
8078
8157
8079
8158
8159
8081
8160
8082
8161
8083
8162
8084
8163
8085
8164
8086
8165
8087
8166
8088
8167
8089
8168
8090
8169
8091
8170
8092
8171
8093
8172
8094
8173
8095
8174
8096
8175
8097
8176
8098
8177
8099
8178
8100
8179
8101
8180
8102
8181
8103
8182
8104
8183
8105
8184
8106
8185
8107
8186
8108
8187
8109
8188
8110
8189
8111
8190
8112
8191
8113
8192
8114
8193
8115
8194
8116
8195
8117
8196
8118
8197
8119
8198
8120
8199
8121
8200
8122
8201
8123
8202
8124
8203
8125
8204
8126
8205
8127
8206
8128
8207
8129
8208
8130
8209
8131
8210
8132
8211
8133
8212
8134
8213
8135
8214
8136
8215
8137
8216
8138
8217
8139
8218
8140
8219
8141
8220
8142
8221
8143
8222
8144
8223
8145
8224
8146
8225
8147
8226
8148
8227
8149
8228
8150
8229
8151
8230
8152
8231
8153
8232
8154
8233
8155
8234
8156
8235
8157
8236
8158
8237
8159
8238
8239
8161
8240
8162
8241
8163
8242
8164
8243
8165
8244
8166
8245
8167
8246
8168
8247
8169
8248
8170
8249
8171
8250
8172
8251
8173
8252
8174
8253
8175
8254
8176
8255
8177
8256
8178
8257
8179
8258
8180
8259
8181
8260
8182
8261
8183
8262
8184
8263
8185
8264
8186
8265
8187
8266
8188
8267
8189
8268
8190
8269
8191
8270
8192
8271
8193
8272
8194
8273
8195
8274
8196
8275
8197
8276
8198
8277
8199
8278
8200
8279
8201
8280
8202
8281
8203
8282
8204
8283
8205
8284
8206
8285
8207
8286
8208
8287
8209
8288
8210
8289
8211
8290
8212
8291
8213
8292
8214
8293
8215
8294
8216
8295
8217
8296
8218
8297
8219
8298
8220
8299
8221
8300
8222
8301
8223
8302
8224
8303
8225
8304
8226
8305
8227
8306
8228
8307
8229
8308
8230
8309
8231
8310
8232
8311
8233
8312
8234
8313
8235
8314
8236
8315
8237
8316
8238
8317
8239
8318
8319
8241
8320
8242
8321
8243
8322
8244
8323
8245
8324
8246
8325
8247
8326
8248
8327
8249
8328
8250
8329
8251
8330
8252
8331
8253
8332
8254
8333
8255
8334
8256
8335
8257
8336
8258
8337
8259
8338
8260
8339
8261
8340
8262
8341
8263
8342
8264
8343
8265
8344
8266
8345
8267
8346
8268
8347
8269
8348
8270
8349
8271
8350
8272
8351
8273
8352
8274
8353
8275
8354
8276
8355
8277
8356
8278
8357
8279
8358
8280
8359
8281
8360
8282
8361
8283
8362
8284
8363
8285
8364
8286
8365
8287
8366
8288
8367
8289
8368
8290
8369
8291
8370
8292
8371
8293
8372
8294
8373
8295
8374
8296
8375
8297
8376
8298
8377
8299
8378
8300
8379
8301
8380
8302
8381
8303
8382
8304
8383
8305
8384
8306
8385
8307
8386
8308
8387
8309
8388
8310
8389
8311
8390
8312
8391
8313
8392
8314
8393
8315
8394
8316
8395
8317
8396
8318
8397
8319
8398
8399
8321
8400
8322
8401
8323
8402
8324
8403
8325
8404
8326
8405
8327
8406
8328
8407
8329
8408
8330
8409
8331
8410
8332
8411
8333
8412
8334
8413
8335
8414
8336
8415
8337
8416
8338
8417
8339
8418
8340
8419
8341
8420
8342
8421
8343
8422
8344
8423
8345
8424
8346
8425
8347
8426
8348
8427
8349
8428
8350
8429
8351
8430
8352
8431
8353
8432
8354
8433
8355
8434
8356
8435
8357
8436
8358
8437
8359
8438
8360
8439
8361
8440
8362
8441
8363
8442
8364
8443
8365
8444
8366
8445
8367
8446
8368
8447
8369
8448
8370
8449
8371
8450
8372
8451
8373
8452
8374
8453
8375
8454
8376
8455
8377
8456
8378
8457
8379
8458
8380
8459
8381
8460
8382
8461
8383
8462
8384
8463
8385
8464
8386
8465
8387
8466
8388
8467
8389
8468
8390
8469
8391
8470
8392
8471
8393
8472
8394
8473
8395
8474
8396
8475
8397
8476
8398
8477
8399
8478
8479
8401
8480
8402
8481
8403
8482
8404
8483
8405
8484
8406
8485
8407
8486
8408
8487
8409
8488
8410
8489
8411
8490
8412
8491
8413
8492
8414
8493
8415
8494
8416
8495
8417
8496
8418
8497
8419
8498
8420
8499
8421
8500
8422
8501
8423
8502
8424
8503
8425
8504
8426
8505
8427
8506
8428
8507
8429
8508
8430
8509
8431
8510
8432
8511
8433
8512
8434
8513
8435
8514
8436
8515
8437
8516
8438
8517
8439
8518
8440
8519
8441
8520
8442
8521
8443
8522
8444
8523
8445
8524
8446
8525
8447
8526
8448
8527
8449
8528
8450
8529
8451
8530
8452
8531
8453
8532
8454
8533
8455
8534
8456
8535
8457
8536
8458
8537
8459
8538
8460
8539
8461
8540
8462
8541
8463
8542
8464
8543
8465
8544
8466
8545
8467
8546
8468
8547
8469
8548
8470
8549
8471
8550
8472
8551
8473
8552
8474
8553
8475
8554
8476
8555
8477
8556
8478
8557
8479
8558
8559
8481
8560
8482
8561
8483
8562
8484
8563
8485
8564
8486
8565
8487
8566
8488
8567
8489
8568
8490
8569
8491
8570
8492
8571
8493
8572
8494
8573
8495
8574
8496
8575
8497
8576
8498
8577
8499
8578
8500
8579
8501
8580
8502
8581
8503
8582
8504
8583
8505
8584
8506
8585
8507
8586
8508
8587
8509
8588
8510
8589
8511
8590
8512
8591
8513
8592
8514
8593
8515
8594
8516
8595
8517
8596
8518
8597
8519
8598
8520
8599
8521
8600
8522
8601
8523
8602
8524
8603
8525
8604
8526
8605
8527
8606
8528
8607
8529
8608
8530
8609
8531
8610
8532
8611
8533
8612
8534
8613
8535
8614
8536
8615
8537
8616
8538
8617
8539
8618
8540
8619
8541
8620
8542
8621
8543
8622
8544
8623
8545
8624
8546
8625
8547
8626
8548
8627
8549
8628
8550
8629
8551
8630
8552
8631
8553
8632
8554
8633
8555
8634
8556
8635
8557
8636
8558
8637
8559
8638
8639
8561
8640
8562
8641
8563
8642
8564
8643
8565
8644
8566
8645
8567
8646
8568
8647
8569
8648
8570
8649
8571
8650
8572
8651
8573
8652
8574
8653
8575
8654
8576
8655
8577
8656
8578
8657
8579
8658
8580
8659
8581
8660
8582
8661
8583
8662
8584
8663
8585
8664
8586
8665
8587
8666
8588
8667
8589
8668
8590
8669
8591
8670
8592
8671
8593
8672
8594
8673
8595
8674
8596
8675
8597
8676
8598
8677
8599
8678
8600
8679
8601
8680
8602
8681
8603
8682
8604
8683
8605
8684
8606
8685
8607
8686
8608
8687
8609
8688
8610
8689
8611
8690
8612
8691
8613
8692
8614
8693
8615
8694
8616
8695
8617
8696
8618
8697
8619
8698
8620
8699
8621
8700
8622
8701
8623
8702
8624
8703
8625
8704
8626
8705
8627
8706
8628
8707
8629
8708
8630
8709
8631
8710
8632
8711
8633
8712
8634
8713
8635
8714
8636
8715
8637
8716
8638
8717
8639
8718
8719
8641
8720
8642
8721
8643
8722
8644
8723
8645
8724
8646
8725
8647
8726
8648
8727
8649
8728
8650
8729
8651
8730
8652
8731
8653
8732
8654
8733
8655
8734
8656
8735
8657
8736
8658
8737
8659
8738
8660
8739
8661
8740
8662
8741
8663
8742
8664
8743
8665
8744
8666
8745
8667
8746
8668
8747
8669
8748
8670
8749
8671
8750
8672
8751
8673
8752
8674
8753
8675
8754
8676
8755
8677
8756
8678
8757
8679
8758
8680
8759
8681
8760
8682
8761
8683
8762
8684
8763
8685
8764
8686
8765
8687
8766
8688
8767
8689
8768
8690
8769
8691
8770
8692
8771
8693
8772
8694
8773
8695
8774
8696
8775
8697
8776
8698
8777
8699
8778
8700
8779
8701
8780
8702
8781
8703
8782
8704
8783
8705
8784
8706
8785
8707
8786
8708
8787
8709
8788
8710
8789
8711
8790
8712
8791
8713
8792
8714
8793
8715
8794
8716
8795
8717
8796
8718
8797
8719
8798
8799
8721
8800
8722
8801
8723
8802
8724
8803
8725
8804
8726
8805
8727
8806
8728
8807
8729
8808
8730
8809
8731
8810
8732
8811
8733
8812
8734
8813
8735
8814
8736
8815
8737
8816
8738
8817
8739
8818
8740
8819
8741
8820
8742
8821
8743
8822
8744
8823
8745
8824
8746
8825
8747
8826
8748
8827
8749
8828
8750
8829
8751
8830
8752
8831
8753
8832
8754
8833
8755
8834
8756
8835
8757
8836
8758
8837
8759
8838
8760
8839
8761
8840
8762
8841
8763
8842
8764
8843
8765
8844
8766
8845
8767
8846
8768
8847
8769
8848
8770
8849
8771
8850
8772
8851
8773
8852
8774
8853
8775
8854
8776
8855
8777
8856
8778
8857
8779
8858
8780
8859
8781
8860
8782
8861
8783
8862
8784
8863
8785
8864
8786
8865
8787
8866
8788
8867
8789
8868
8790
8869
8791
8870
8792
8871
8793
8872
8794
8873
8795
8874
8796
8875
8797
8876
8798
8877
8799
8878
8879
8801
8880
8802
8881
8803
8882
8804
8883
8805
8884
8806
8885
8807
8886
8808
8887
8809
8888
8810
8889
8811
8890
8812
8891
8813
8892
8814
8893
8815
8894
8816
8895
8817
8896
8818
8897
8819
8898
8820
8899
8821
8900
8822
8901
8823
8902
8824
8903
8825
8904
8826
8905
8827
8906
8828
8907
8829
8908
8830
8909
8831
8910
8832
8911
8833
8912
8834
8913
8835
8914
8836
8915
8837
8916
8838
8917
8839
8918
8840
8919
8841
8920
8842
8921
8843
8922
8844
8923
8845
8924
8846
8925
8847
8926
8848
8927
8849
8928
8850
8929
8851
8930
8852
8931
8853
8932
8854
8933
8855
8934
8856
8935
8857
8936
8858
8937
8859
8938
8860
8939
8861
8940
8862
8941
8863
8942
8864
8943
8865
8944
8866
8945
8867
8946
8868
8947
8869
8948
8870
8949
8871
8950
8872
8951
8873
8952
8874
8953
8875
8954
8876
8955
8877
8956
8878
8957
8879
8958
8959
8881
8960
8882
8961
8883
8962
8884
8963
8885
8964
8886
8965
8887
8966
8888
8967
8889
8968
8890
8969
8891
8970
8892
8971
8893
8972
8894
8973
8895
8974
8896
8975
8897
8976
8898
8977
8899
8978
8900
8979
8901
8980
8902
8981
8903
8982
8904
8983
8905
8984
8906
8985
8907
8986
8908
8987
8909
8988
8910
8989
8911
8990
8912
8991
8913
8992
8914
8993
8915
8994
8916
8995
8917
8996
8918
8997
8919
8998
8920
8999
8921
9000
8922
9001
8923
9002
8924
9003
8925
9004
8926
9005
8927
9006
8928
9007
8929
9008
8930
9009
8931
9010
8932
9011
8933
9012
8934
9013
8935
9014
8936
9015
8937
9016
8938
9017
8939
9018
8940
9019
8941
9020
8942
9021
8943
9022
8944
9023
8945
9024
8946
9025
8947
9026
8948
9027
8949
9028
8950
9029
8951
9030
8952
9031
8953
9032
8954
9033
8955
9034
8956
9035
8957
9036
8958
9037
8959
9038
9039
8961
9040
8962
9041
8963
9042
8964
9043
8965
9044
8966
9045
8967
9046
8968
9047
8969
9048
8970
9049
8971
9050
8972
9051
8973
9052
8974
9053
8975
9054
8976
9055
8977
9056
8978
9057
8979
9058
8980
9059
8981
9060
8982
9061
8983
9062
8984
9063
8985
9064
8986
9065
8987
9066
8988
9067
8989
9068
8990
9069
8991
9070
8992
9071
8993
9072
8994
9073
8995
9074
8996
9075
8997
9076
8998
9077
8999
9078
9000
9079
9001
9080
9002
9081
9003
9082
9004
9083
9005
9084
9006
9085
9007
9086
9008
9087
9009
9088
9010
9089
9011
9090
9012
9091
9013
9092
9014
9093
9015
9094
9016
9095
9017
9096
9018
9097
9019
9098
9020
9099
9021
9100
9022
9101
9023
9102
9024
9103
9025
9104
9026
9105
9027
9106
9028
9107
9029
9108
9030
9109
9031
9110
9032
9111
9033
9112
9034
9113
9035
9114
9036
9115
9037
9116
9038
9117
9039
9118
9119
9041
9120
9042
9121
9043
9122
9044
9123
9045
9124
9046
9125
9047
9126
9048
9127
9049
9128
9050
9129
9051
9130
9052
9131
9053
9132
9054
9133
9055
9134
9056
9135
9057
9136
9058
9137
9059
9138
9060
9139
9061
9140
9062
9141
9063
9142
9064
9143
9065
9144
9066
9145
9067
9146
9068
9147
9069
9148
9070
9149
9071
9150
9072
9151
9073
9152
9074
9153
9075
9154
9076
9155
9077
9156
9078
9157
9079
9158
9080
9159
9081
9160
9082
9161
9083
9162
9084
9163
9085
9164
9086
9165
9087
9166
9088
9167
9089
9168
9090
9169
9091
9170
9092
9171
9093
9172
9094
9173
9095
9174
9096
9175
9097
9176
9098
9177
9099
9178
9100
9179
9101
9180
9102
9181
9103
9182
9104
9183
9105
9184
9106
9185
9107
9186
9108
9187
9109
9188
9110
9189
9111
9190
9112
9191
9113
9192
9114
9193
9115
9194
9116
9195
9117
9196
9118
9197
9119
9198
9199
9121
9200
9122
9201
9123
9202
9124
9203
9125
9204
9126
9205
9127
9206
9128
9207
9129
9208
9130
9209
9131
9210
9132
9211
9133
9212
9134
9213
9135
9214
9136
9215
9137
9216
9138
9217
9139
9218
9140
9219
9141
9220
9142
9221
9143
9222
9144
9223
9145
9224
9146
9225
9147
9226
9148
9227
9149
9228
9150
9229
9151
9230
9152
9231
9153
9232
9154
9233
9155
9234
9156
9235
9157
9236
9158
9237
9159
9238
9160
9239
9161
9240
9162
9241
9163
9242
9164
9243
9165
9244
9166
9245
9167
9246
9168
9247
9169
9248
9170
9249
9171
9250
9172
9251
9173
9252
9174
9253
9175
9254
9176
9255
9177
9256
9178
9257
9179
9258
9180
9259
9181
9260
9182
9261
9183
9262
9184
9263
9185
9264
9186
9265
9187
9266
9188
9267
9189
9268
9190
9269
9191
9270
9192
9271
9193
9272
9194
9273
9195
9274
9196
9275
9197
9276
9198
9277
9199
9278
9279
9201
9280
9202
9281
9203
9282
9204
9283
9205
9284
9206
9285
9207
9286
9208
9287
9209
9288
9210
9289
9211
9290
9212
9291
9213
9292
9214
9293
9215
9294
9216
9295
9217
9296
9218
9297
9219
9298
9220
9299
9221
9300
9222
9301
9223
9302
9224
9303
9225
9304
9226
9305
9227
9306
9228
9307
9229
9308
9230
9309
9231
9310
9232
9311
9233
9312
9234
9313
9235
9314
9236
9315
9237
9316
9238
9317
9239
9318
9240
9319
9241
9320
9242
9321
9243
9322
9244
9323
9245
9324
9246
9325
9247
9326
9248
9327
9249
9328
9250
9329
9251
9330
9252
9331
9253
9332
9254
9333
9255
9334
9256
9335
9257
9336
9258
9337
9259
9338
9260
9339
9261
9340
9262
9341
9263
9342
9264
9343
9265
9344
9266
9345
9267
9346
9268
9347
9269
9348
9270
9349
9271
9350
9272
9351
9273
9352
9274
9353
9275
9354
9276
9355
9277
9356
9278
9357
9279
9358
9359
9281
9360
9282
9361
9283
9362
9284
9363
9285
9364
9286
9365
9287
9366
9288
9367
9289
9368
9290
9369
9291
9370
9292
9371
9293
9372
9294
9373
9295
9374
9296
9375
9297
9376
9298
9377
9299
9378
9300
9379
9301
9380
9302
9381
9303
9382
9304
9383
9305
9384
9306
9385
9307
9386
9308
9387
9309
9388
9310
9389
9311
9390
9312
9391
9313
9392
9314
9393
9315
9394
9316
9395
9317
9396
9318
9397
9319
9398
9320
9399
9321
9400
9322
9401
9323
9402
9324
9403
9325
9404
9326
9405
9327
9406
9328
9407
9329
9408
9330
9409
9331
9410
9332
9411
9333
9412
9334
9413
9335
9414
9336
9415
9337
9416
9338
9417
9339
9418
9340
9419
9341
9420
9342
9421
9343
9422
9344
9423
9345
9424
9346
9425
9347
9426
9348
9427
9349
9428
9350
9429
9351
9430
9352
9431
9353
9432
9354
9433
9355
9434
9356
9435
9357
9436
9358
9437
9359
9438
9439
9361
9440
9362
9441
9363
9442
9364
9443
9365
9444
9366
9445
9367
9446
9368
9447
9369
9448
9370
9449
9371
9450
9372
9451
9373
9452
9374
9453
9375
9454
9376
9455
9377
9456
9378
9457
9379
9458
9380
9459
9381
9460
9382
9461
9383
9462
9384
9463
9385
9464
9386
9465
9387
9466
9388
9467
9389
9468
9390
9469
9391
9470
9392
9471
9393
9472
9394
9473
9395
9474
9396
9475
9397
9476
9398
9477
9399
9478
9400
9479
9401
9480
9402
9481
9403
9482
9404
9483
9405
9484
9406
9485
9407
9486
9408
9487
9409
9488
9410
9489
9411
9490
9412
9491
9413
9492
9414
9493
9415
9494
9416
9495
9417
9496
9418
9497
9419
9498
9420
9499
9421
9500
9422
9501
9423
9502
9424
9503
9425
9504
9426
9505
9427
9506
9428
9507
9429
9508
9430
9509
9431
9510
9432
9511
9433
9512
9434
9513
9435
9514
9436
9515
9437
9516
9438
9517
9439
9518
9519
9441
9520
9442
9521
9443
9522
9444
9523
9445
9524
9446
9525
9447
9526
9448
9527
9449
9528
9450
9529
9451
9530
9452
9531
9453
9532
9454
9533
9455
9534
9456
9535
9457
9536
9458
9537
9459
9538
9460
9539
9461
9540
9462
9541
9463
9542
9464
9543
9465
9544
9466
9545
9467
9546
9468
9547
9469
9548
9470
9549
9471
9550
9472
9551
9473
9552
9474
9553
9475
9554
9476
9555
9477
9556
9478
9557
9479
9558
9480
9559
9481
9560
9482
9561
9483
9562
9484
9563
9485
9564
9486
9565
9487
9566
9488
9567
9489
9568
9490
9569
9491
9570
9492
9571
9493
9572
9494
9573
9495
9574
9496
9575
9497
9576
9498
9577
9499
9578
9500
9579
9501
9580
9502
9581
9503
9582
9504
9583
9505
9584
9506
9585
9507
9586
9508
9587
9509
9588
9510
9589
9511
9590
9512
9591
9513
9592
9514
9593
9515
9594
9516
9595
9517
9596
9518
9597
9519
9598
9599
9521
9600
9522
9601
9523
9602
9524
9603
9525
9604
9526
9605
9527
9606
9528
9607
9529
9608
9530
9609
9531
9610
9532
9611
9533
9612
9534
9613
9535
9614
9536
9615
9537
9616
9538
9617
9539
9618
9540
9619
9541
9620
9542
9621
9543
9622
9544
9623
9545
9624
9546
9625
9547
9626
9548
9627
9549
9628
9550
9629
9551
9630
9552
9631
9553
9632
9554
9633
9555
9634
9556
9635
9557
9636
9558
9637
9559
9638
9560
9639
9561
9640
9562
9641
9563
9642
9564
9643
9565
9644
9566
9645
9567
9646
9568
9647
9569
9648
9570
9649
9571
9650
9572
9651
9573
9652
9574
9653
9575
9654
9576
9655
9577
9656
9578
9657
9579
9658
9580
9659
9581
9660
9582
9661
9583
9662
9584
9663
9585
9664
9586
9665
9587
9666
9588
9667
9589
9668
9590
9669
9591
9670
9592
9671
9593
9672
9594
9673
9595
9674
9596
9675
9597
9676
9598
9677
9599
9678
9679
9601
9680
9602
9681
9603
9682
9604
9683
9605
9684
9606
9685
9607
9686
9608
9687
9609
9688
9610
9689
9611
9690
9612
9691
9613
9692
9614
9693
9615
9694
9616
9695
9617
9696
9618
9697
9619
9698
9620
9699
9621
9700
9622
9701
9623
9702
9624
9703
9625
9704
9626
9705
9627
9706
9628
9707
9629
9708
9630
9709
9631
9710
9632
9711
9633
9712
9634
9713
9635
9714
9636
9715
9637
9716
9638
9717
9639
9718
9640
9719
9641
9720
9642
9721
9643
9722
9644
9723
9645
9724
9646
9725
9647
9726
9648
9727
9649
9728
9650
9729
9651
9730
9652
9731
9653
9732
9654
9733
9655
9734
9656
9735
9657
9736
9658
9737
9659
9738
9660
9739
9661
9740
9662
9741
9663
9742
9664
9743
9665
9744
9666
9745
9667
9746
9668
9747
9669
9748
9670
9749
9671
9750
9672
9751
9673
9752
9674
9753
9675
9754
9676
9755
9677
9756
9678
9757
9679
9758
9759
9681
9760
9682
9761
9683
9762
9684
9763
9685
9764
9686
9765
9687
9766
9688
9767
9689
9768
9690
9769
9691
9770
9692
9771
9693
9772
9694
9773
9695
9774
9696
9775
9697
9776
9698
9777
9699
9778
9700
9779
9701
9780
9702
9781
9703
9782
9704
9783
9705
9784
9706
9785
9707
9786
9708
9787
9709
9788
9710
9789
9711
9790
9712
9791
9713
9792
9714
9793
9715
9794
9716
9795
9717
9796
9718
9797
9719
9798
9720
9799
9721
9800
9722
9801
9723
9802
9724
9803
9725
9804
9726
9805
9727
9806
9728
9807
9729
9808
9730
9809
9731
9810
9732
9811
9733
9812
9734
9813
9735
9814
9736
9815
9737
9816
9738
9817
9739
9818
9740
9819
9741
9820
9742
9821
9743
9822
9744
9823
9745
9824
9746
9825
9747
9826
9748
9827
9749
9828
9750
9829
9751
9830
9752
9831
9753
9832
9754
9833
9755
9834
9756
9835
9757
9836
9758
9837
9759
9838
9839
9761
9840
9762
9841
9763
9842
9764
9843
9765
9844
9766
9845
9767
9846
9768
9847
9769
9848
9770
9849
9771
9850
9772
9851
9773
9852
9774
9853
9775
9854
9776
9855
9777
9856
9778
9857
9779
9858
9780
9859
9781
9860
9782
9861
9783
9862
9784
9863
9785
9864
9786
9865
9787
9866
9788
9867
9789
9868
9790
9869
9791
9870
9792
9871
9793
9872
9794
9873
9795
9874
9796
9875
9797
9876
9798
9877
9799
9878
9800
9879
9801
9880
9802
9881
9803
9882
9804
9883
9805
9884
9806
9885
9807
9886
9808
9887
9809
9888
9810
9889
9811
9890
9812
9891
9813
9892
9814
9893
9815
9894
9816
9895
9817
9896
9818
9897
9819
9898
9820
9899
9821
9900
9822
9901
9823
9902
9824
9903
9825
9904
9826
9905
9827
9906
9828
9907
9829
9908
9830
9909
9831
9910
9832
9911
9833
9912
9834
9913
9835
9914
9836
9915
9837
9916
9838
9917
9839
9918
9919
9841
9920
9842
9921
9843
9922
9844
9923
9845
9924
9846
9925
9847
9926
9848
9927
9849
9928
9850
9929
9851
9930
9852
9931
9853
9932
9854
9933
9855
9934
9856
9935
9857
9936
9858
9937
9859
9938
9860
9939
9861
9940
9862
9941
9863
9942
9864
9943
9865
9944
9866
9945
9867
9946
9868
9947
9869
9948
9870
9949
9871
9950
9872
9951
9873
9952
9874
9953
9875
9954
9876
9955
9877
9956
9878
9957
9879
9958
9880
9959
9881
9960
9882
9961
9883
9962
9884
9963
9885
9964
9886
9965
9887
9966
9888
9967
9889
9968
9890
9969
9891
9970
9892
9971
9893
9972
9894
9973
9895
9974
9896
9975
9897
9976
9898
9977
9899
9978
9900
9979
9901
9980
9902
9981
9903
9982
9904
9983
9905
9984
9906
9985
9907
9986
9908
9987
9909
9988
9910
9989
9911
9990
9912
9991
9913
9992
9914
9993
9915
9994
9916
9995
9917
9996
9918
9997
9919
9998
9999
9921
10000
9922
10001
9923
10002
9924
10003
9925
10004
9926
10005
9927
10006
9928
10007
9929
10008
9930
10009
9931
10010
9932
10011
9933
10012
9934
10013
9935
10014
9936
10015
9937
10016
9938
10017
9939
10018
9940
10019
9941
10020
9942
10021
9943
10022
9944
10023
9945
10024
9946
10025
9947
10026
9948
10027
9949
10028
9950
10029
9951
10030
9952
10031
9953
10032
9954
10033
9955
10034
9956
10035
9957
10036
9958
10037
9959
10038
9960
10039
9961
10040
9962
10041
9963
10042
9964
10043
9965
10044
9966
10045
9967
10046
9968
10047
9969
10048
9970
10049
9971
10050
9972
10051
9973
10052
9974
10053
9975
10054
9976
10055
9977
10056
9978
10057
9979
10058
9980
10059
9981
10060
9982
10061
9983
10062
9984
10063
9985
10064
9986
10065
9987
10066
9988
10067
9989
10068
9990
10069
9991
10070
9992
10071
9993
10072
9994
10073
9995
10074
9996
10075
9997
10076
9998
10077
9999
10078
10079
10001
10080
10002
10081
10003
10082
10004
10083
10005
10084
10006
10085
10007
10086
10008
10087
10009
10088
10010
10089
10011
10090
10012
10091
10013
10092
10014
10093
10015
10094
10016
10095
10017
10096
10018
10097
10019
10098
10020
10099
10021
10100
10022
10101
10023
10102
10024
10103
10025
10104
10026
10105
10027
10106
10028
10107
10029
10108
10030
10109
10031
10110
10032
10111
10033
10112
10034
10113
10035
10114
10036
10115
10037
10116
10038
10117
10039
10118
10040
10119
10041
10120
10042
10121
10043
10122
10044
10123
10045
10124
10046
10125
10047
10126
10048
10127
10049
10128
10050
10129
10051
10130
10052
10131
10053
10132
10054
10133
10055
10134
10056
10135
10057
10136
10058
10137
10059
10138
10060
10139
10061
10140
10062
10141
10063
10142
10064
10143
10065
10144
10066
10145
10067
10146
10068
10147
10069
10148
10070
10149
10071
10150
10072
10151
10073
10152
10074
10153
10075
10154
10076
10155
10077
10156
10078
10157
10079
10158
10159
10081
10160
10082
10161
10083
10162
10084
10163
10085
10164
10086
10165
10087
10166
10088
10167
10089
10168
10090
10169
10091
10170
10092
10171
10093
10172
10094
10173
10095
10174
10096
10175
10097
10176
10098
10177
10099
10178
10100
10179
10101
10180
10102
10181
10103
10182
10104
10183
10105
10184
10106
10185
10107
10186
10108
10187
10109
10188
10110
10189
10111
10190
10112
10191
10113
10192
10114
10193
10115
10194
10116
10195
10117
10196
10118
10197
10119
10198
10120
10199
10121
10200
10122
10201
10123
10202
10124
10203
10125
10204
10126
10205
10127
10206
10128
10207
10129
10208
10130
10209
10131
10210
10132
10211
10133
10212
10134
10213
10135
10214
10136
10215
10137
10216
10138
10217
10139
10218
10140
10219
10141
10220
10142
10221
10143
10222
10144
10223
10145
10224
10146
10225
10147
10226
10148
10227
10149
10228
10150
10229
10151
10230
10152
10231
10153
10232
10154
10233
10155
10234
10156
10235
10157
10236
10158
10237
10159
10238
10239
10161
10240
10162
10241
10163
10242
10164
10243
10165
10244
10166
10245
10167
10246
10168
10247
10169
10248
10170
10249
10171
10250
10172
10251
10173
10252
10174
10253
10175
10254
10176
10255
10177
10256
10178
10257
10179
10258
10180
10259
10181
10260
10182
10261
10183
10262
10184
10263
10185
10264
10186
10265
10187
10266
10188
10267
10189
10268
10190
10269
10191
10270
10192
10271
10193
10272
10194
10273
10195
10274
10196
10275
10197
10276
10198
10277
10199
10278
10200
10279
10201
10280
10202
10281
10203
10282
10204
10283
10205
10284
10206
10285
10207
10286
10208
10287
10209
10288
10210
10289
10211
10290
10212
10291
10213
10292
10214
10293
10215
10294
10216
10295
10217
10296
10218
10297
10219
10298
10220
10299
10221
10300
10222
10301
10223
10302
10224
10303
10225
10304
10226
10305
10227
10306
10228
10307
10229
10308
10230
10309
10231
10310
10232
10311
10233
10312
10234
10313
10235
10314
10236
10315
10237
10316
10238
10317
10239
10318
10319
10241
10320
10242
10321
10243
10322
10244
10323
10245
10324
10246
10325
10247
10326
10248
10327
10249
10328
10250
10329
10251
10330
10252
10331
10253
10332
10254
10333
10255
10334
10256
10335
10257
10336
10258
10337
10259
10338
10260
10339
10261
10340
10262
10341
10263
10342
10264
10343
10265
10344
10266
10345
10267
10346
10268
10347
10269
10348
10270
10349
10271
10350
10272
10351
10273
10352
10274
10353
10275
10354
10276
10355
10277
10356
10278
10357
10279
10358
10280
10359
10281
10360
10282
10361
10283
10362
10284
10363
10285
10364
10286
10365
10287
10366
10288
10367
10289
10368
10290
10369
10291
10370
10292
10371
10293
10372
10294
10373
10295
10374
10296
10375
10297
10376
10298
10377
10299
10378
10300
10379
10301
10380
10302
10381
10303
10382
10304
10383
10305
10384
10306
10385
10307
10386
10308
10387
10309
10388
10310
10389
10311
10390
10312
10391
10313
10392
10314
10393
10315
10394
10316
10395
10317
10396
10318
10397
10319
10398
10399
10321
10400
10322
10401
10323
10402
10324
10403
10325
10404
10326
10405
10327
10406
10328
10407
10329
10408
10330
10409
10331
10410
10332
10411
10333
10412
10334
10413
10335
10414
10336
10415
10337
10416
10338
10417
10339
10418
10340
10419
10341
10420
10342
10421
10343
10422
10344
10423
10345
10424
10346
10425
10347
10426
10348
10427
10349
10428
10350
10429
10351
10430
10352
10431
10353
10432
10354
10433
10355
10434
10356
10435
10357
10436
10358
10437
10359
10438
10360
10439
10361
10440
10362
10441
10363
10442
10364
10443
10365
10444
10366
10445
10367
10446
10368
10447
10369
10448
10370
10449
10371
10450
10372
10451
10373
10452
10374
10453
10375
10454
10376
10455
10377
10456
10378
10457
10379
10458
10380
10459
10381
10460
10382
10461
10383
10462
10384
10463
10385
10464
10386
10465
10387
10466
10388
10467
10389
10468
10390
10469
10391
10470
10392
10471
10393
10472
10394
10473
10395
10474
10396
10475
10397
10476
10398
10477
10399
10478
10479
10401
10480
10402
10481
10403
10482
10404
10483
10405
10484
10406
10485
10407
10486
10408
10487
10409
10488
10410
10489
10411
10490
10412
10491
10413
10492
10414
10493
10415
10494
10416
10495
10417
10496
10418
10497
10419
10498
10420
10499
10421
10500
10422
10501
10423
10502
10424
10503
10425
10504
10426
10505
10427
10506
10428
10507
10429
10508
10430
10509
10431
10510
10432
10511
10433
10512
10434
10513
10435
10514
10436
10515
10437
10516
10438
10517
10439
10518
10440
10519
10441
10520
10442
10521
10443
10522
10444
10523
10445
10524
10446
10525
10447
10526
10448
10527
10449
10528
10450
10529
10451
10530
10452
10531
10453
10532
10454
10533
10455
10534
10456
10535
10457
10536
10458
10537
10459
10538
10460
10539
10461
10540
10462
10541
10463
10542
10464
10543
10465
10544
10466
10545
10467
10546
10468
10547
10469
10548
10470
10549
10471
10550
10472
10551
10473
10552
10474
10553
10475
10554
10476
10555
10477
10556
10478
10557
10479
10558
10559
10481
10560
10482
10561
10483
10562
10484
10563
10485
10564
10486
10565
10487
10566
10488
10567
10489
10568
10490
10569
10491
10570
10492
10571
10493
10572
10494
10573
10495
10574
10496
10575
10497
10576
10498
10577
10499
10578
10500
10579
10501
10580
10502
10581
10503
10582
10504
10583
10505
10584
10506
10585
10507
10586
10508
10587
10509
10588
10510
10589
10511
10590
10512
10591
10513
10592
10514
10593
10515
10594
10516
10595
10517
10596
10518
10597
10519
10598
10520
10599
10521
10600
10522
10601
10523
10602
10524
10603
10525
10604
10526
10605
10527
10606
10528
10607
10529
10608
10530
10609
10531
10610
10532
10611
10533
10612
10534
10613
10535
10614
10536
10615
10537
10616
10538
10617
10539
10618
10540
10619
10541
10620
10542
10621
10543
10622
10544
10623
10545
10624
10546
10625
10547
10626
10548
10627
10549
10628
10550
10629
10551
10630
10552
10631
10553
10632
10554
10633
10555
10634
10556
10635
10557
10636
10558
10637
10559
10638
10639
10561
10640
10562
10641
10563
10642
10564
10643
10565
10644
10566
10645
10567
10646
10568
10647
10569
10648
10570
10649
10571
10650
10572
10651
10573
10652
10574
10653
10575
10654
10576
10655
10577
10656
10578
10657
10579
10658
10580
10659
10581
10660
10582
10661
10583
10662
10584
10663
10585
10664
10586
10665
10587
10666
10588
10667
10589
10668
10590
10669
10591
10670
10592
10671
10593
10672
10594
10673
10595
10674
10596
10675
10597
10676
10598
10677
10599
10678
10600
10679
10601
10680
10602
10681
10603
10682
10604
10683
10605
10684
10606
10685
10607
10686
10608
10687
10609
10688
10610
10689
10611
10690
10612
10691
10613
10692
10614
10693
10615
10694
10616
10695
10617
10696
10618
10697
10619
10698
10620
10699
10621
10700
10622
10701
10623
10702
10624
10703
10625
10704
10626
10705
10627
10706
10628
10707
10629
10708
10630
10709
10631
10710
10632
10711
10633
10712
10634
10713
10635
10714
10636
10715
10637
10716
10638
10717
10639
10718
10719
10641
10720
10642
10721
10643
10722
10644
10723
10645
10724
10646
10725
10647
10726
10648
10727
10649
10728
10650
10729
10651
10730
10652
10731
10653
10732
10654
10733
10655
10734
10656
10735
10657
10736
10658
10737
10659
10738
10660
10739
10661
10740
10662
10741
10663
10742
10664
10743
10665
10744
10666
10745
10667
10746
10668
10747
10669
10748
10670
10749
10671
10750
10672
10751
10673
10752
10674
10753
10675
10754
10676
10755
10677
10756
10678
10757
10679
10758
10680
10759
10681
10760
10682
10761
10683
10762
10684
10763
10685
10764
10686
10765
10687
10766
10688
10767
10689
10768
10690
10769
10691
10770
10692
10771
10693
10772
10694
10773
10695
10774
10696
10775
10697
10776
10698
10777
10699
10778
10700
10779
10701
10780
10702
10781
10703
10782
10704
10783
10705
10784
10706
10785
10707
10786
10708
10787
10709
10788
10710
10789
10711
10790
10712
10791
10713
10792
10714
10793
10715
10794
10716
10795
10717
10796
10718
10797
10719
10798
10799
10721
10800
10722
10801
10723
10802
10724
10803
10725
10804
10726
10805
10727
10806
10728
10807
10729
10808
10730
10809
10731
10810
10732
10811
10733
10812
10734
10813
10735
10814
10736
10815
10737
10816
10738
10817
10739
10818
10740
10819
10741
10820
10742
10821
10743
10822
10744
10823
10745
10824
10746
10825
10747
10826
10748
10827
10749
10828
10750
10829
10751
10830
10752
10831
10753
10832
10754
10833
10755
10834
10756
10835
10757
10836
10758
10837
10759
10838
10760
10839
10761
10840
10762
10841
10763
10842
10764
10843
10765
10844
10766
10845
10767
10846
10768
10847
10769
10848
10770
10849
10771
10850
10772
10851
10773
10852
10774
10853
10775
10854
10776
10855
10777
10856
10778
10857
10779
10858
10780
10859
10781
10860
10782
10861
10783
10862
10784
10863
10785
10864
10786
10865
10787
10866
10788
10867
10789
10868
10790
10869
10791
10870
10792
10871
10793
10872
10794
10873
10795
10874
10796
10875
10797
10876
10798
10877
10799
10878
10879
10801
10880
10802
10881
10803
10882
10804
10883
10805
10884
10806
10885
10807
10886
10808
10887
10809
10888
10810
10889
10811
10890
10812
10891
10813
10892
10814
10893
10815
10894
10816
10895
10817
10896
10818
10897
10819
10898
10820
10899
10821
10900
10822
10901
10823
10902
10824
10903
10825
10904
10826
10905
10827
10906
10828
10907
10829
10908
10830
10909
10831
10910
10832
10911
10833
10912
10834
10913
10835
10914
10836
10915
10837
10916
10838
10917
10839
10918
10840
10919
10841
10920
10842
10921
10843
10922
10844
10923
10845
10924
10846
10925
10847
10926
10848
10927
10849
10928
10850
10929
10851
10930
10852
10931
10853
10932
10854
10933
10855
10934
10856
10935
10857
10936
10858
10937
10859
10938
10860
10939
10861
10940
10862
10941
10863
10942
10864
10943
10865
10944
10866
10945
10867
10946
10868
10947
10869
10948
10870
10949
10871
10950
10872
10951
10873
10952
10874
10953
10875
10954
10876
10955
10877
10956
10878
10957
10879
10958
10959
10881
10960
10882
10961
10883
10962
10884
10963
10885
10964
10886
10965
10887
10966
10888
10967
10889
10968
10890
10969
10891
10970
10892
10971
10893
10972
10894
10973
10895
10974
10896
10975
10897
10976
10898
10977
10899
10978
10900
10979
10901
10980
10902
10981
10903
10982
10904
10983
10905
10984
10906
10985
10907
10986
10908
10987
10909
10988
10910
10989
10911
10990
10912
10991
10913
10992
10914
10993
10915
10994
10916
10995
10917
10996
10918
10997
10919
10998
10920
10999
10921
11000
10922
11001
10923
11002
10924
11003
10925
11004
10926
11005
10927
11006
10928
11007
10929
11008
10930
11009
10931
11010
10932
11011
10933
11012
10934
11013
10935
11014
10936
11015
10937
11016
10938
11017
10939
11018
10940
11019
10941
11020
10942
11021
10943
11022
10944
11023
10945
11024
10946
11025
10947
11026
10948
11027
10949
11028
10950
11029
10951
11030
10952
11031
10953
11032
10954
11033
10955
11034
10956
11035
10957
11036
10958
11037
10959
11038
11039
10961
11040
10962
11041
10963
11042
10964
11043
10965
11044
10966
11045
10967
11046
10968
11047
10969
11048
10970
11049
10971
11050
10972
11051
10973
11052
10974
11053
10975
11054
10976
11055
10977
11056
10978
11057
10979
11058
10980
11059
10981
11060
10982
11061
10983
11062
10984
11063
10985
11064
10986
11065
10987
11066
10988
11067
10989
11068
10990
11069
10991
11070
10992
11071
10993
11072
10994
11073
10995
11074
10996
11075
10997
11076
10998
11077
10999
11078
11000
11079
11001
11080
11002
11081
11003
11082
11004
11083
11005
11084
11006
11085
11007
11086
11008
11087
11009
11088
11010
11089
11011
11090
11012
11091
11013
11092
11014
11093
11015
11094
11016
11095
11017
11096
11018
11097
11019
11098
11020
11099
11021
11100
11022
11101
11023
11102
11024
11103
11025
11104
11026
11105
11027
11106
11028
11107
11029
11108
11030
11109
11031
11110
11032
11111
11033
11112
11034
11113
11035
11114
11036
11115
11037
11116
11038
11117
11039
11118
11119
11041
11120
11042
11121
11043
11122
11044
11123
11045
11124
11046
11125
11047
11126
11048
11127
11049
11128
11050
11129
11051
11130
11052
11131
11053
11132
11054
11133
11055
11134
11056
11135
11057
11136
11058
11137
11059
11138
11060
11139
11061
11140
11062
11141
11063
11142
11064
11143
11065
11144
11066
11145
11067
11146
11068
11147
11069
11148
11070
11149
11071
11150
11072
11151
11073
11152
11074
11153
11075
11154
11076
11155
11077
11156
11078
11157
11079
11158
11080
11159
11081
11160
11082
11161
11083
11162
11084
11163
11085
11164
11086
11165
11087
11166
11088
11167
11089
11168
11090
11169
11091
11170
11092
11171
11093
11172
11094
11173
11095
11174
11096
11175
11097
11176
11098
11177
11099
11178
11100
11179
11101
11180
11102
11181
11103
11182
11104
11183
11105
11184
11106
11185
11107
11186
11108
11187
11109
11188
11110
11189
11111
11190
11112
11191
11113
11192
11114
11193
11115
11194
11116
11195
11117
11196
11118
11197
11119
11198
11199
11121
11200
11122
11201
11123
11202
11124
11203
11125
11204
11126
11205
11127
11206
11128
11207
11129
11208
11130
11209
11131
11210
11132
11211
11133
11212
11134
11213
11135
11214
11136
11215
11137
11216
11138
11217
11139
11218
11140
11219
11141
11220
11142
11221
11143
11222
11144
11223
11145
11224
11146
11225
11147
11226
11148
11227
11149
11228
11150
11229
11151
11230
11152
11231
11153
11232
11154
11233
11155
11234
11156
11235
11157
11236
11158
11237
11159
11238
11160
11239
11161
11240
11162
11241
11163
11242
11164
11243
11165
11244
11166
11245
11167
11246
11168
11247
11169
11248
11170
11249
11171
11250
11172
11251
11173
11252
11174
11253
11175
11254
11176
11255
11177
11256
11178
11257
11179
11258
11180
11259
11181
11260
11182
11261
11183
11262
11184
11263
11185
11264
11186
11265
11187
11266
11188
11267
11189
11268
11190
11269
11191
11270
11192
11271
11193
11272
11194
11273
11195
11274
11196
11275
11197
11276
11198
11277
11199
11278
11279
11201
11280
11202
11281
11203
11282
11204
11283
11205
11284
11206
11285
11207
11286
11208
11287
11209
11288
11210
11289
11211
11290
11212
11291
11213
11292
11214
11293
11215
11294
11216
11295
11217
11296
11218
11297
11219
11298
11220
11299
11221
11300
11222
11301
11223
11302
11224
11303
11225
11304
11226
11305
11227
11306
11228
11307
11229
11308
11230
11309
11231
11310
11232
11311
11233
11312
11234
11313
11235
11314
11236
11315
11237
11316
11238
11317
11239
11318
11240
11319
11241
11320
11242
11321
11243
11322
11244
11323
11245
11324
11246
11325
11247
11326
11248
11327
11249
11328
11250
11329
11251
11330
11252
11331
11253
11332
11254
11333
11255
11334
11256
11335
11257
11336
11258
11337
11259
11338
11260
11339
11261
11340
11262
11341
11263
11342
11264
11343
11265
11344
11266
11345
11267
11346
11268
11347
11269
11348
11270
11349
11271
11350
11272
11351
11273
11352
11274
11353
11275
11354
11276
11355
11277
11356
11278
11357
11279
11358
11359
11281
11360
11282
11361
11283
11362
11284
11363
11285
11364
11286
11365
11287
11366
11288
11367
11289
11368
11290
11369
11291
11370
11292
11371
11293
11372
11294
11373
11295
11374
11296
11375
11297
11376
11298
11377
11299
11378
11300
11379
11301
11380
11302
11381
11303
11382
11304
11383
11305
11384
11306
11385
11307
11386
11308
11387
11309
11388
11310
11389
11311
11390
11312
11391
11313
11392
11314
11393
11315
11394
11316
11395
11317
11396
11318
11397
11319
11398
11320
11399
11321
11400
11322
11401
11323
11402
11324
11403
11325
11404
11326
11405
11327
11406
11328
11407
11329
11408
11330
11409
11331
11410
11332
11411
11333
11412
11334
11413
11335
11414
11336
11415
11337
11416
11338
11417
11339
11418
11340
11419
11341
11420
11342
11421
11343
11422
11344
11423
11345
11424
11346
11425
11347
11426
11348
11427
11349
11428
11350
11429
11351
11430
11352
11431
11353
11432
11354
11433
11355
11434
11356
11435
11357
11436
11358
11437
11359
11438
11439
11361
11440
11362
11441
11363
11442
11364
11443
11365
11444
11366
11445
11367
11446
11368
11447
11369
11448
11370
11449
11371
11450
11372
11451
11373
11452
11374
11453
11375
11454
11376
11455
11377
11456
11378
11457
11379
11458
11380
11459
11381
11460
11382
11461
11383
11462
11384
11463
11385
11464
11386
11465
11387
11466
11388
11467
11389
11468
11390
11469
11391
11470
11392
11471
11393
11472
11394
11473
11395
11474
11396
11475
11397
11476
11398
11477
11399
11478
11400
11479
11401
11480
11402
11481
11403
11482
11404
11483
11405
11484
11406
11485
11407
11486
11408
11487
11409
11488
11410
11489
11411
11490
11412
11491
11413
11492
11414
11493
11415
11494
11416
11495
11417
11496
11418
11497
11419
11498
11420
11499
11421
11500
11422
11501
11423
11502
11424
11503
11425
11504
11426
11505
11427
11506
11428
11507
11429
11508
11430
11509
11431
11510
11432
11511
11433
11512
11434
11513
11435
11514
11436
11515
11437
11516
11438
11517
11439
11518
11519
11441
11520
11442
11521
11443
11522
11444
11523
11445
11524
11446
11525
11447
11526
11448
11527
11449
11528
11450
11529
11451
11530
11452
11531
11453
11532
11454
11533
11455
11534
11456
11535
11457
11536
11458
11537
11459
11538
11460
11539
11461
11540
11462
11541
11463
11542
11464
11543
11465
11544
11466
11545
11467
11546
11468
11547
11469
11548
11470
11549
11471
11550
11472
11551
11473
11552
11474
11553
11475
11554
11476
11555
11477
11556
11478
11557
11479
11558
11480
11559
11481
11560
11482
11561
11483
11562
11484
11563
11485
11564
11486
11565
11487
11566
11488
11567
11489
11568
11490
11569
11491
11570
11492
11571
11493
11572
11494
11573
11495
11574
11496
11575
11497
11576
11498
11577
11499
11578
11500
11579
11501
11580
11502
11581
11503
11582
11504
11583
11505
11584
11506
11585
11507
11586
11508
11587
11509
11588
11510
11589
11511
11590
11512
11591
11513
11592
11514
11593
11515
11594
11516
11595
11517
11596
11518
11597
11519
11598
11599
11521
11600
11522
11601
11523
11602
11524
11603
11525
11604
11526
11605
11527
11606
11528
11607
11529
11608
11530
11609
11531
11610
11532
11611
11533
11612
11534
11613
11535
11614
11536
11615
11537
11616
11538
11617
11539
11618
11540
11619
11541
11620
11542
11621
11543
11622
11544
11623
11545
11624
11546
11625
11547
11626
11548
11627
11549
11628
11550
11629
11551
11630
11552
11631
11553
11632
11554
11633
11555
11634
11556
11635
11557
11636
11558
11637
11559
11638
11560
11639
11561
11640
11562
11641
11563
11642
11564
11643
11565
11644
11566
11645
11567
11646
11568
11647
11569
11648
11570
11649
11571
11650
11572
11651
11573
11652
11574
11653
11575
11654
11576
11655
11577
11656
11578
11657
11579
11658
11580
11659
11581
11660
11582
11661
11583
11662
11584
11663
11585
11664
11586
11665
11587
11666
11588
11667
11589
11668
11590
11669
11591
11670
11592
11671
11593
11672
11594
11673
11595
11674
11596
11675
11597
11676
11598
11677
11599
11678
11679
11601
11680
11602
11681
11603
11682
11604
11683
11605
11684
11606
11685
11607
11686
11608
11687
11609
11688
11610
11689
11611
11690
11612
11691
11613
11692
11614
11693
11615
11694
11616
11695
11617
11696
11618
11697
11619
11698
11620
11699
11621
11700
11622
11701
11623
11702
11624
11703
11625
11704
11626
11705
11627
11706
11628
11707
11629
11708
11630
11709
11631
11710
11632
11711
11633
11712
11634
11713
11635
11714
11636
11715
11637
11716
11638
11717
11639
11718
11640
11719
11641
11720
11642
11721
11643
11722
11644
11723
11645
11724
11646
11725
11647
11726
11648
11727
11649
11728
11650
11729
11651
11730
11652
11731
11653
11732
11654
11733
11655
11734
11656
11735
11657
11736
11658
11737
11659
11738
11660
11739
11661
11740
11662
11741
11663
11742
11664
11743
11665
11744
11666
11745
11667
11746
11668
11747
11669
11748
11670
11749
11671
11750
11672
11751
11673
11752
11674
11753
11675
11754
11676
11755
11677
11756
11678
11757
11679
11758
11759
11681
11760
11682
11761
11683
11762
11684
11763
11685
11764
11686
11765
11687
11766
11688
11767
11689
11768
11690
11769
11691
11770
11692
11771
11693
11772
11694
11773
11695
11774
11696
11775
11697
11776
11698
11777
11699
11778
11700
11779
11701
11780
11702
11781
11703
11782
11704
11783
11705
11784
11706
11785
11707
11786
11708
11787
11709
11788
11710
11789
11711
11790
11712
11791
11713
11792
11714
11793
11715
11794
11716
11795
11717
11796
11718
11797
11719
11798
11720
11799
11721
11800
11722
11801
11723
11802
11724
11803
11725
11804
11726
11805
11727
11806
11728
11807
11729
11808
11730
11809
11731
11810
11732
11811
11733
11812
11734
11813
11735
11814
11736
11815
11737
11816
11738
11817
11739
11818
11740
11819
11741
11820
11742
11821
11743
11822
11744
11823
11745
11824
11746
11825
11747
11826
11748
11827
11749
11828
11750
11829
11751
11830
11752
11831
11753
11832
11754
11833
11755
11834
11756
11835
11757
11836
11758
11837
11759
11838
11839
11761
11840
11762
11841
11763
11842
11764
11843
11765
11844
11766
11845
11767
11846
11768
11847
11769
11848
11770
11849
11771
11850
11772
11851
11773
11852
11774
11853
11775
11854
11776
11855
11777
11856
11778
11857
11779
11858
11780
11859
11781
11860
11782
11861
11783
11862
11784
11863
11785
11864
11786
11865
11787
11866
11788
11867
11789
11868
11790
11869
11791
11870
11792
11871
11793
11872
11794
11873
11795
11874
11796
11875
11797
11876
11798
11877
11799
11878
11800
11879
11801
11880
11802
11881
11803
11882
11804
11883
11805
11884
11806
11885
11807
11886
11808
11887
11809
11888
11810
11889
11811
11890
11812
11891
11813
11892
11814
11893
11815
11894
11816
11895
11817
11896
11818
11897
11819
11898
11820
11899
11821
11900
11822
11901
11823
11902
11824
11903
11825
11904
11826
11905
11827
11906
11828
11907
11829
11908
11830
11909
11831
11910
11832
11911
11833
11912
11834
11913
11835
11914
11836
11915
11837
11916
11838
11917
11839
11918
11919
11841
11920
11842
11921
11843
11922
11844
11923
11845
11924
11846
11925
11847
11926
11848
11927
11849
11928
11850
11929
11851
11930
11852
11931
11853
11932
11854
11933
11855
11934
11856
11935
11857
11936
11858
11937
11859
11938
11860
11939
11861
11940
11862
11941
11863
11942
11864
11943
11865
11944
11866
11945
11867
11946
11868
11947
11869
11948
11870
11949
11871
11950
11872
11951
11873
11952
11874
11953
11875
11954
11876
11955
11877
11956
11878
11957
11879
11958
11880
11959
11881
11960
11882
11961
11883
11962
11884
11963
11885
11964
11886
11965
11887
11966
11888
11967
11889
11968
11890
11969
11891
11970
11892
11971
11893
11972
11894
11973
11895
11974
11896
11975
11897
11976
11898
11977
11899
11978
11900
11979
11901
11980
11902
11981
11903
11982
11904
11983
11905
11984
11906
11985
11907
11986
11908
11987
11909
11988
11910
11989
11911
11990
11912
11991
11913
11992
11914
11993
11915
11994
11916
11995
11917
11996
11918
11997
11919
11998
11999
11921
12000
11922
12001
11923
12002
11924
12003
11925
12004
11926
12005
11927
12006
11928
12007
11929
12008
11930
12009
11931
12010
11932
12011
11933
12012
11934
12013
11935
12014
11936
12015
11937
12016
11938
12017
11939
12018
11940
12019
11941
12020
11942
12021
11943
12022
11944
12023
11945
12024
11946
12025
11947
12026
11948
12027
11949
12028
11950
12029
11951
12030
11952
12031
11953
12032
11954
12033
11955
12034
11956
12035
11957
12036
11958
12037
11959
12038
11960
12039
11961
12040
11962
12041
11963
12042
11964
12043
11965
12044
11966
12045
11967
12046
11968
12047
11969
12048
11970
12049
11971
12050
11972
12051
11973
12052
11974
12053
11975
12054
11976
12055
11977
12056
11978
12057
11979
12058
11980
12059
11981
12060
11982
12061
11983
12062
11984
12063
11985
12064
11986
12065
11987
12066
11988
12067
11989
12068
11990
12069
11991
12070
11992
12071
11993
12072
11994
12073
11995
12074
11996
12075
11997
12076
11998
12077
11999
12078
12079
12001
12080
12002
12081
12003
12082
12004
12083
12005
12084
12006
12085
12007
12086
12008
12087
12009
12088
12010
12089
12011
12090
12012
12091
12013
12092
12014
12093
12015
12094
12016
12095
12017
12096
12018
12097
12019
12098
12020
12099
12021
12100
12022
12101
12023
12102
12024
12103
12025
12104
12026
12105
12027
12106
12028
12107
12029
12108
12030
12109
12031
12110
12032
12111
12033
12112
12034
12113
12035
12114
12036
12115
12037
12116
12038
12117
12039
12118
12040
12119
12041
12120
12042
12121
12043
12122
12044
12123
12045
12124
12046
12125
12047
12126
12048
12127
12049
12128
12050
12129
12051
12130
12052
12131
12053
12132
12054
12133
12055
12134
12056
12135
12057
12136
12058
12137
12059
12138
12060
12139
12061
12140
12062
12141
12063
12142
12064
12143
12065
12144
12066
12145
12067
12146
12068
12147
12069
12148
12070
12149
12071
12150
12072
12151
12073
12152
12074
12153
12075
12154
12076
12155
12077
12156
12078
12157
12079
12158
12159
12081
12160
12082
12161
12083
12162
12084
12163
12085
12164
12086
12165
12087
12166
12088
12167
12089
12168
12090
12169
12091
12170
12092
12171
12093
12172
12094
12173
12095
12174
12096
12175
12097
12176
12098
12177
12099
12178
12100
12179
12101
12180
12102
12181
12103
12182
12104
12183
12105
12184
12106
12185
12107
12186
12108
12187
12109
12188
12110
12189
12111
12190
12112
12191
12113
12192
12114
12193
12115
12194
12116
12195
12117
12196
12118
12197
12119
12198
12120
12199
12121
12200
12122
12201
12123
12202
12124
12203
12125
12204
12126
12205
12127
12206
12128
12207
12129
12208
12130
12209
12131
12210
12132
12211
12133
12212
12134
12213
12135
12214
12136
12215
12137
12216
12138
12217
12139
12218
12140
12219
12141
12220
12142
12221
12143
12222
12144
12223
12145
12224
12146
12225
12147
12226
12148
12227
12149
12228
12150
12229
12151
12230
12152
12231
12153
12232
12154
12233
12155
12234
12156
12235
12157
12236
12158
12237
12159
12238
12239
12161
12240
12162
12241
12163
12242
12164
12243
12165
12244
12166
12245
12167
12246
12168
12247
12169
12248
12170
12249
12171
12250
12172
12251
12173
12252
12174
12253
12175
12254
12176
12255
12177
12256
12178
12257
12179
12258
12180
12259
12181
12260
12182
12261
12183
12262
12184
12263
12185
12264
12186
12265
12187
12266
12188
12267
12189
12268
12190
12269
12191
12270
12192
12271
12193
12272
12194
12273
12195
12274
12196
12275
12197
12276
12198
12277
12199
12278
12200
12279
12201
12280
12202
12281
12203
12282
12204
12283
12205
12284
12206
12285
12207
12286
12208
12287
12209
12288
12210
12289
12211
12290
12212
12291
12213
12292
12214
12293
12215
12294
12216
12295
12217
12296
12218
12297
12219
12298
12220
12299
12221
12300
12222
12301
12223
12302
12224
12303
12225
12304
12226
12305
12227
12306
12228
12307
12229
12308
12230
12309
12231
12310
12232
12311
12233
12312
12234
12313
12235
12314
12236
12315
12237
12316
12238
12317
12239
12318
12319
12241
12320
12242
12321
12243
12322
12244
12323
12245
12324
12246
12325
12247
12326
12248
12327
12249
12328
12250
12329
12251
12330
12252
12331
12253
12332
12254
12333
12255
12334
12256
12335
12257
12336
12258
12337
12259
12338
12260
12339
12261
12340
12262
12341
12263
12342
12264
12343
12265
12344
12266
12345
12267
12346
12268
12347
12269
12348
12270
12349
12271
12350
12272
12351
12273
12352
12274
12353
12275
12354
12276
12355
12277
12356
12278
12357
12279
12358
12280
12359
12281
12360
12282
12361
12283
12362
12284
12363
12285
12364
12286
12365
12287
12366
12288
12367
12289
12368
12290
12369
12291
12370
12292
12371
12293
12372
12294
12373
12295
12374
12296
12375
12297
12376
12298
12377
12299
12378
12300
12379
12301
12380
12302
12381
12303
12382
12304
12383
12305
12384
12306
12385
12307
12386
12308
12387
12309
12388
12310
12389
12311
12390
12312
12391
12313
12392
12314
12393
12315
12394
12316
12395
12317
12396
12318
12397
12319
12398
12399
12321
12400
12322
12401
12323
12402
12324
12403
12325
12404
12326
12405
12327
12406
12328
12407
12329
12408
12330
12409
12331
12410
12332
12411
12333
12412
12334
12413
12335
12414
12336
12415
12337
12416
12338
12417
12339
12418
12340
12419
12341
12420
12342
12421
12343
12422
12344
12423
12345
12424
12346
12425
12347
12426
12348
12427
12349
12428
12350
12429
12351
12430
12352
12431
12353
12432
12354
12433
12355
12434
12356
12435
12357
12436
12358
12437
12359
12438
12360
12439
12361
12440
12362
12441
12363
12442
12364
12443
12365
12444
12366
12445
12367
12446
12368
12447
12369
12448
12370
12449
12371
12450
12372
12451
12373
12452
12374
12453
12375
12454
12376
12455
12377
12456
12378
12457
12379
12458
12380
12459
12381
12460
12382
12461
12383
12462
12384
12463
12385
12464
12386
12465
12387
12466
12388
12467
12389
12468
12390
12469
12391
12470
12392
12471
12393
12472
12394
12473
12395
12474
12396
12475
12397
12476
12398
12477
12399
12478
12479
12401
12480
12402
12481
12403
12482
12404
12483
12405
12484
12406
12485
12407
12486
12408
12487
12409
12488
12410
12489
12411
12490
12412
12491
12413
12492
12414
12493
12415
12494
12416
12495
12417
12496
12418
12497
12419
12498
12420
12499
12421
12500
12422
12501
12423
12502
12424
12503
12425
12504
12426
12505
12427
12506
12428
12507
12429
12508
12430
12509
12431
12510
12432
12511
12433
12512
12434
12513
12435
12514
12436
12515
12437
12516
12438
12517
12439
12518
12440
12519
12441
12520
12442
12521
12443
12522
12444
12523
12445
12524
12446
12525
12447
12526
12448
12527
12449
12528
12450
12529
12451
12530
12452
12531
12453
12532
12454
12533
12455
12534
12456
12535
12457
12536
12458
12537
12459
12538
12460
12539
12461
12540
12462
12541
12463
12542
12464
12543
12465
12544
12466
12545
12467
12546
12468
12547
12469
12548
12470
12549
12471
12550
12472
12551
12473
12552
12474
12553
12475
12554
12476
12555
12477
12556
12478
12557
12479
12558
12559
12481
12560
12482
12561
12483
12562
12484
12563
12485
12564
12486
12565
12487
12566
12488
12567
12489
12568
12490
12569
12491
12570
12492
12571
12493
12572
12494
12573
12495
12574
12496
12575
12497
12576
12498
12577
12499
12578
12500
12579
12501
12580
12502
12581
12503
12582
12504
12583
12505
12584
12506
12585
12507
12586
12508
12587
12509
12588
12510
12589
12511
12590
12512
12591
12513
12592
12514
12593
12515
12594
12516
12595
12517
12596
12518
12597
12519
12598
12520
12599
12521
12600
12522
12601
12523
12602
12524
12603
12525
12604
12526
12605
12527
12606
12528
12607
12529
12608
12530
12609
12531
12610
12532
12611
12533
12612
12534
12613
12535
12614
12536
12615
12537
12616
12538
12617
12539
12618
12540
12619
12541
12620
12542
12621
12543
12622
12544
12623
12545
12624
12546
12625
12547
12626
12548
12627
12549
12628
12550
12629
12551
12630
12552
12631
12553
12632
12554
12633
12555
12634
12556
12635
12557
12636
12558
12637
12559
12638
12639
12561
12640
12562
12641
12563
12642
12564
12643
12565
12644
12566
12645
12567
12646
12568
12647
12569
12648
12570
12649
12571
12650
12572
12651
12573
12652
12574
12653
12575
12654
12576
12655
12577
12656
12578
12657
12579
12658
12580
12659
12581
12660
12582
12661
12583
12662
12584
12663
12585
12664
12586
12665
12587
12666
12588
12667
12589
12668
12590
12669
12591
12670
12592
12671
12593
12672
12594
12673
12595
12674
12596
12675
12597
12676
12598
12677
12599
12678
12600
12679
12601
12680
12602
12681
12603
12682
12604
12683
12605
12684
12606
12685
12607
12686
12608
12687
12609
12688
12610
12689
12611
12690
12612
12691
12613
12692
12614
12693
12615
12694
12616
12695
12617
12696
12618
12697
12619
12698
12620
12699
12621
12700
12622
12701
12623
12702
12624
12703
12625
12704
12626
12705
12627
12706
12628
12707
12629
12708
12630
12709
12631
12710
12632
12711
12633
12712
12634
12713
12635
12714
12636
12715
12637
12716
12638
12717
12639
12718
12719
12641
12720
12642
12721
12643
12722
12644
12723
12645
12724
12646
12725
12647
12726
12648
12727
12649
12728
12650
12729
12651
12730
12652
12731
12653
12732
12654
12733
12655
12734
12656
12735
12657
12736
12658
12737
12659
12738
12660
12739
12661
12740
12662
12741
12663
12742
12664
12743
12665
12744
12666
12745
12667
12746
12668
12747
12669
12748
12670
12749
12671
12750
12672
12751
12673
12752
12674
12753
12675
12754
12676
12755
12677
12756
12678
12757
12679
12758
12680
12759
12681
12760
12682
12761
12683
12762
12684
12763
12685
12764
12686
12765
12687
12766
12688
12767
12689
12768
12690
12769
12691
12770
12692
12771
12693
12772
12694
12773
12695
12774
12696
12775
12697
12776
12698
12777
12699
12778
12700
12779
12701
12780
12702
12781
12703
12782
12704
12783
12705
12784
12706
12785
12707
12786
12708
12787
12709
12788
12710
12789
12711
12790
12712
12791
12713
12792
12714
12793
12715
12794
12716
12795
12717
12796
12718
12797
12719
12798
12799
12721
12722
12723
12724
12725
12726
12727
12728
12729
12730
12731
12732
12733
12734
12735
12736
12737
12738
12739
12740
12741
12742
12743
12744
12745
12746
12747
12748
12749
12750
12751
12752
12753
12754
12755
12756
12757
12758
12759
12760
12761
12762
12763
12764
12765
12766
12767
12768
12769
12770
12771
12772
12773
12774
12775
12776
12777
12778
12779
12780
12781
12782
12783
12784
12785
12786
12787
12788
12789
12790
12791
12792
12793
12794
12795
12796
12797
12798
12799
)


// ************************************************************************* //
