/*--------------------------------*- C++ -*----------------------------------*\
| =========                 |                                                 |
| \\      /  F ield         | OpenFOAM: The Open Source CFD Toolbox           |
|  \\    /   O peration     | Version:  2606                                  |
|   \\  /    A nd           | Website:  www.openfoam.com                      |
|    \\/     M anipulation  |                                                 |
\*---------------------------------------------------------------------------*/
FoamFile
{
    version     2.0;
    format      ascii;
    arch        "LSB;label=32;scalar=64";
    class       vectorField;
    location    "constant/polyMesh";
    object      points;
}
// * * * * * * * * * * * * * * * * * * * * * * * * * * * * * * * * * * * * * //


26082
(
(0 0 -0.1)
(0.0125 0 -0.1)
(0.025 0 -0.1)
(0.0375 0 -0.1)
(0.05 0 -0.1)
(0.0625 0 -0.1)
(0.075 0 -0.1)
(0.0875 0 -0.1)
(0.1 0 -0.1)
(0.1125 0 -0.1)
(0.125 0 -0.1)
(0.1375 0 -0.1)
(0.15 0 -0.1)
(0.1625 0 -0.1)
(0.175 0 -0.1)
(0.1875 0 -0.1)
(0.2 0 -0.1)
(0.2125 0 -0.1)
(0.225 0 -0.1)
(0.2375 0 -0.1)
(0.25 0 -0.1)
(0.2625 0 -0.1)
(0.275 0 -0.1)
(0.2875 0 -0.1)
(0.3 0 -0.1)
(0.3125 0 -0.1)
(0.325 0 -0.1)
(0.3375 0 -0.1)
(0.35 0 -0.1)
(0.3625 0 -0.1)
(0.375 0 -0.1)
(0.3875 0 -0.1)
(0.4 0 -0.1)
(0.4125 0 -0.1)
(0.425 0 -0.1)
(0.4375 0 -0.1)
(0.45 0 -0.1)
(0.4625 0 -0.1)
(0.475 0 -0.1)
(0.4875 0 -0.1)
(0.5 0 -0.1)
(0.5125 0 -0.1)
(0.525 0 -0.1)
(0.5375 0 -0.1)
(0.55 0 -0.1)
(0.5625 0 -0.1)
(0.575 0 -0.1)
(0.5875 0 -0.1)
(0.6 0 -0.1)
(0.6125 0 -0.1)
(0.625 0 -0.1)
(0.6375 0 -0.1)
(0.65 0 -0.1)
(0.6625 0 -0.1)
(0.675 0 -0.1)
(0.6875 0 -0.1)
(0.7 0 -0.1)
(0.7125 0 -0.1)
(0.725 0 -0.1)
(0.7375 0 -0.1)
(0.75 0 -0.1)
(0.7625 0 -0.1)
(0.775 0 -0.1)
(0.7875 0 -0.1)
(0.8 0 -0.1)
(0.8125 0 -0.1)
(0.825 0 -0.1)
(0.8375 0 -0.1)
(0.85 0 -0.1)
(0.8625 0 -0.1)
(0.875 0 -0.1)
(0.8875 0 -0.1)
(0.9 0 -0.1)
(0.9125 0 -0.1)
(0.925 0 -0.1)
(0.9375 0 -0.1)
(0.95 0 -0.1)
(0.9625 0 -0.1)
(0.975 0 -0.1)
(0.9875 0 -0.1)
(1 0 -0.1)
(0 0.0125 -0.1)
(0.0125 0.0125 -0.1)
(0.025 0.0125 -0.1)
(0.0375 0.0125 -0.1)
(0.05 0.0125 -0.1)
(0.0625 0.0125 -0.1)
(0.075 0.0125 -0.1)
(0.0875 0.0125 -0.1)
(0.1 0.0125 -0.1)
(0.1125 0.0125 -0.1)
(0.125 0.0125 -0.1)
(0.1375 0.0125 -0.1)
(0.15 0.0125 -0.1)
(0.1625 0.0125 -0.1)
(0.175 0.0125 -0.1)
(0.1875 0.0125 -0.1)
(0.2 0.0125 -0.1)
(0.2125 0.0125 -0.1)
(0.225 0.0125 -0.1)
(0.2375 0.0125 -0.1)
(0.25 0.0125 -0.1)
(0.2625 0.0125 -0.1)
(0.275 0.0125 -0.1)
(0.2875 0.0125 -0.1)
(0.3 0.0125 -0.1)
(0.3125 0.0125 -0.1)
(0.325 0.0125 -0.1)
(0.3375 0.0125 -0.1)
(0.35 0.0125 -0.1)
(0.3625 0.0125 -0.1)
(0.375 0.0125 -0.1)
(0.3875 0.0125 -0.1)
(0.4 0.0125 -0.1)
(0.4125 0.0125 -0.1)
(0.425 0.0125 -0.1)
(0.4375 0.0125 -0.1)
(0.45 0.0125 -0.1)
(0.4625 0.0125 -0.1)
(0.475 0.0125 -0.1)
(0.4875 0.0125 -0.1)
(0.5 0.0125 -0.1)
(0.5125 0.0125 -0.1)
(0.525 0.0125 -0.1)
(0.5375 0.0125 -0.1)
(0.55 0.0125 -0.1)
(0.5625 0.0125 -0.1)
(0.575 0.0125 -0.1)
(0.5875 0.0125 -0.1)
(0.6 0.0125 -0.1)
(0.6125 0.0125 -0.1)
(0.625 0.0125 -0.1)
(0.6375 0.0125 -0.1)
(0.65 0.0125 -0.1)
(0.6625 0.0125 -0.1)
(0.675 0.0125 -0.1)
(0.6875 0.0125 -0.1)
(0.7 0.0125 -0.1)
(0.7125 0.0125 -0.1)
(0.725 0.0125 -0.1)
(0.7375 0.0125 -0.1)
(0.75 0.0125 -0.1)
(0.7625 0.0125 -0.1)
(0.775 0.0125 -0.1)
(0.7875 0.0125 -0.1)
(0.8 0.0125 -0.1)
(0.8125 0.0125 -0.1)
(0.825 0.0125 -0.1)
(0.8375 0.0125 -0.1)
(0.85 0.0125 -0.1)
(0.8625 0.0125 -0.1)
(0.875 0.0125 -0.1)
(0.8875 0.0125 -0.1)
(0.9 0.0125 -0.1)
(0.9125 0.0125 -0.1)
(0.925 0.0125 -0.1)
(0.9375 0.0125 -0.1)
(0.95 0.0125 -0.1)
(0.9625 0.0125 -0.1)
(0.975 0.0125 -0.1)
(0.9875 0.0125 -0.1)
(1 0.0125 -0.1)
(0 0.025 -0.1)
(0.0125 0.025 -0.1)
(0.025 0.025 -0.1)
(0.0375 0.025 -0.1)
(0.05 0.025 -0.1)
(0.0625 0.025 -0.1)
(0.075 0.025 -0.1)
(0.0875 0.025 -0.1)
(0.1 0.025 -0.1)
(0.1125 0.025 -0.1)
(0.125 0.025 -0.1)
(0.1375 0.025 -0.1)
(0.15 0.025 -0.1)
(0.1625 0.025 -0.1)
(0.175 0.025 -0.1)
(0.1875 0.025 -0.1)
(0.2 0.025 -0.1)
(0.2125 0.025 -0.1)
(0.225 0.025 -0.1)
(0.2375 0.025 -0.1)
(0.25 0.025 -0.1)
(0.2625 0.025 -0.1)
(0.275 0.025 -0.1)
(0.2875 0.025 -0.1)
(0.3 0.025 -0.1)
(0.3125 0.025 -0.1)
(0.325 0.025 -0.1)
(0.3375 0.025 -0.1)
(0.35 0.025 -0.1)
(0.3625 0.025 -0.1)
(0.375 0.025 -0.1)
(0.3875 0.025 -0.1)
(0.4 0.025 -0.1)
(0.4125 0.025 -0.1)
(0.425 0.025 -0.1)
(0.4375 0.025 -0.1)
(0.45 0.025 -0.1)
(0.4625 0.025 -0.1)
(0.475 0.025 -0.1)
(0.4875 0.025 -0.1)
(0.5 0.025 -0.1)
(0.5125 0.025 -0.1)
(0.525 0.025 -0.1)
(0.5375 0.025 -0.1)
(0.55 0.025 -0.1)
(0.5625 0.025 -0.1)
(0.575 0.025 -0.1)
(0.5875 0.025 -0.1)
(0.6 0.025 -0.1)
(0.6125 0.025 -0.1)
(0.625 0.025 -0.1)
(0.6375 0.025 -0.1)
(0.65 0.025 -0.1)
(0.6625 0.025 -0.1)
(0.675 0.025 -0.1)
(0.6875 0.025 -0.1)
(0.7 0.025 -0.1)
(0.7125 0.025 -0.1)
(0.725 0.025 -0.1)
(0.7375 0.025 -0.1)
(0.75 0.025 -0.1)
(0.7625 0.025 -0.1)
(0.775 0.025 -0.1)
(0.7875 0.025 -0.1)
(0.8 0.025 -0.1)
(0.8125 0.025 -0.1)
(0.825 0.025 -0.1)
(0.8375 0.025 -0.1)
(0.85 0.025 -0.1)
(0.8625 0.025 -0.1)
(0.875 0.025 -0.1)
(0.8875 0.025 -0.1)
(0.9 0.025 -0.1)
(0.9125 0.025 -0.1)
(0.925 0.025 -0.1)
(0.9375 0.025 -0.1)
(0.95 0.025 -0.1)
(0.9625 0.025 -0.1)
(0.975 0.025 -0.1)
(0.9875 0.025 -0.1)
(1 0.025 -0.1)
(0 0.0375 -0.1)
(0.0125 0.0375 -0.1)
(0.025 0.0375 -0.1)
(0.0375 0.0375 -0.1)
(0.05 0.0375 -0.1)
(0.0625 0.0375 -0.1)
(0.075 0.0375 -0.1)
(0.0875 0.0375 -0.1)
(0.1 0.0375 -0.1)
(0.1125 0.0375 -0.1)
(0.125 0.0375 -0.1)
(0.1375 0.0375 -0.1)
(0.15 0.0375 -0.1)
(0.1625 0.0375 -0.1)
(0.175 0.0375 -0.1)
(0.1875 0.0375 -0.1)
(0.2 0.0375 -0.1)
(0.2125 0.0375 -0.1)
(0.225 0.0375 -0.1)
(0.2375 0.0375 -0.1)
(0.25 0.0375 -0.1)
(0.2625 0.0375 -0.1)
(0.275 0.0375 -0.1)
(0.2875 0.0375 -0.1)
(0.3 0.0375 -0.1)
(0.3125 0.0375 -0.1)
(0.325 0.0375 -0.1)
(0.3375 0.0375 -0.1)
(0.35 0.0375 -0.1)
(0.3625 0.0375 -0.1)
(0.375 0.0375 -0.1)
(0.3875 0.0375 -0.1)
(0.4 0.0375 -0.1)
(0.4125 0.0375 -0.1)
(0.425 0.0375 -0.1)
(0.4375 0.0375 -0.1)
(0.45 0.0375 -0.1)
(0.4625 0.0375 -0.1)
(0.475 0.0375 -0.1)
(0.4875 0.0375 -0.1)
(0.5 0.0375 -0.1)
(0.5125 0.0375 -0.1)
(0.525 0.0375 -0.1)
(0.5375 0.0375 -0.1)
(0.55 0.0375 -0.1)
(0.5625 0.0375 -0.1)
(0.575 0.0375 -0.1)
(0.5875 0.0375 -0.1)
(0.6 0.0375 -0.1)
(0.6125 0.0375 -0.1)
(0.625 0.0375 -0.1)
(0.6375 0.0375 -0.1)
(0.65 0.0375 -0.1)
(0.6625 0.0375 -0.1)
(0.675 0.0375 -0.1)
(0.6875 0.0375 -0.1)
(0.7 0.0375 -0.1)
(0.7125 0.0375 -0.1)
(0.725 0.0375 -0.1)
(0.7375 0.0375 -0.1)
(0.75 0.0375 -0.1)
(0.7625 0.0375 -0.1)
(0.775 0.0375 -0.1)
(0.7875 0.0375 -0.1)
(0.8 0.0375 -0.1)
(0.8125 0.0375 -0.1)
(0.825 0.0375 -0.1)
(0.8375 0.0375 -0.1)
(0.85 0.0375 -0.1)
(0.8625 0.0375 -0.1)
(0.875 0.0375 -0.1)
(0.8875 0.0375 -0.1)
(0.9 0.0375 -0.1)
(0.9125 0.0375 -0.1)
(0.925 0.0375 -0.1)
(0.9375 0.0375 -0.1)
(0.95 0.0375 -0.1)
(0.9625 0.0375 -0.1)
(0.975 0.0375 -0.1)
(0.9875 0.0375 -0.1)
(1 0.0375 -0.1)
(0 0.05 -0.1)
(0.0125 0.05 -0.1)
(0.025 0.05 -0.1)
(0.0375 0.05 -0.1)
(0.05 0.05 -0.1)
(0.0625 0.05 -0.1)
(0.075 0.05 -0.1)
(0.0875 0.05 -0.1)
(0.1 0.05 -0.1)
(0.1125 0.05 -0.1)
(0.125 0.05 -0.1)
(0.1375 0.05 -0.1)
(0.15 0.05 -0.1)
(0.1625 0.05 -0.1)
(0.175 0.05 -0.1)
(0.1875 0.05 -0.1)
(0.2 0.05 -0.1)
(0.2125 0.05 -0.1)
(0.225 0.05 -0.1)
(0.2375 0.05 -0.1)
(0.25 0.05 -0.1)
(0.2625 0.05 -0.1)
(0.275 0.05 -0.1)
(0.2875 0.05 -0.1)
(0.3 0.05 -0.1)
(0.3125 0.05 -0.1)
(0.325 0.05 -0.1)
(0.3375 0.05 -0.1)
(0.35 0.05 -0.1)
(0.3625 0.05 -0.1)
(0.375 0.05 -0.1)
(0.3875 0.05 -0.1)
(0.4 0.05 -0.1)
(0.4125 0.05 -0.1)
(0.425 0.05 -0.1)
(0.4375 0.05 -0.1)
(0.45 0.05 -0.1)
(0.4625 0.05 -0.1)
(0.475 0.05 -0.1)
(0.4875 0.05 -0.1)
(0.5 0.05 -0.1)
(0.5125 0.05 -0.1)
(0.525 0.05 -0.1)
(0.5375 0.05 -0.1)
(0.55 0.05 -0.1)
(0.5625 0.05 -0.1)
(0.575 0.05 -0.1)
(0.5875 0.05 -0.1)
(0.6 0.05 -0.1)
(0.6125 0.05 -0.1)
(0.625 0.05 -0.1)
(0.6375 0.05 -0.1)
(0.65 0.05 -0.1)
(0.6625 0.05 -0.1)
(0.675 0.05 -0.1)
(0.6875 0.05 -0.1)
(0.7 0.05 -0.1)
(0.7125 0.05 -0.1)
(0.725 0.05 -0.1)
(0.7375 0.05 -0.1)
(0.75 0.05 -0.1)
(0.7625 0.05 -0.1)
(0.775 0.05 -0.1)
(0.7875 0.05 -0.1)
(0.8 0.05 -0.1)
(0.8125 0.05 -0.1)
(0.825 0.05 -0.1)
(0.8375 0.05 -0.1)
(0.85 0.05 -0.1)
(0.8625 0.05 -0.1)
(0.875 0.05 -0.1)
(0.8875 0.05 -0.1)
(0.9 0.05 -0.1)
(0.9125 0.05 -0.1)
(0.925 0.05 -0.1)
(0.9375 0.05 -0.1)
(0.95 0.05 -0.1)
(0.9625 0.05 -0.1)
(0.975 0.05 -0.1)
(0.9875 0.05 -0.1)
(1 0.05 -0.1)
(0 0.0625 -0.1)
(0.0125 0.0625 -0.1)
(0.025 0.0625 -0.1)
(0.0375 0.0625 -0.1)
(0.05 0.0625 -0.1)
(0.0625 0.0625 -0.1)
(0.075 0.0625 -0.1)
(0.0875 0.0625 -0.1)
(0.1 0.0625 -0.1)
(0.1125 0.0625 -0.1)
(0.125 0.0625 -0.1)
(0.1375 0.0625 -0.1)
(0.15 0.0625 -0.1)
(0.1625 0.0625 -0.1)
(0.175 0.0625 -0.1)
(0.1875 0.0625 -0.1)
(0.2 0.0625 -0.1)
(0.2125 0.0625 -0.1)
(0.225 0.0625 -0.1)
(0.2375 0.0625 -0.1)
(0.25 0.0625 -0.1)
(0.2625 0.0625 -0.1)
(0.275 0.0625 -0.1)
(0.2875 0.0625 -0.1)
(0.3 0.0625 -0.1)
(0.3125 0.0625 -0.1)
(0.325 0.0625 -0.1)
(0.3375 0.0625 -0.1)
(0.35 0.0625 -0.1)
(0.3625 0.0625 -0.1)
(0.375 0.0625 -0.1)
(0.3875 0.0625 -0.1)
(0.4 0.0625 -0.1)
(0.4125 0.0625 -0.1)
(0.425 0.0625 -0.1)
(0.4375 0.0625 -0.1)
(0.45 0.0625 -0.1)
(0.4625 0.0625 -0.1)
(0.475 0.0625 -0.1)
(0.4875 0.0625 -0.1)
(0.5 0.0625 -0.1)
(0.5125 0.0625 -0.1)
(0.525 0.0625 -0.1)
(0.5375 0.0625 -0.1)
(0.55 0.0625 -0.1)
(0.5625 0.0625 -0.1)
(0.575 0.0625 -0.1)
(0.5875 0.0625 -0.1)
(0.6 0.0625 -0.1)
(0.6125 0.0625 -0.1)
(0.625 0.0625 -0.1)
(0.6375 0.0625 -0.1)
(0.65 0.0625 -0.1)
(0.6625 0.0625 -0.1)
(0.675 0.0625 -0.1)
(0.6875 0.0625 -0.1)
(0.7 0.0625 -0.1)
(0.7125 0.0625 -0.1)
(0.725 0.0625 -0.1)
(0.7375 0.0625 -0.1)
(0.75 0.0625 -0.1)
(0.7625 0.0625 -0.1)
(0.775 0.0625 -0.1)
(0.7875 0.0625 -0.1)
(0.8 0.0625 -0.1)
(0.8125 0.0625 -0.1)
(0.825 0.0625 -0.1)
(0.8375 0.0625 -0.1)
(0.85 0.0625 -0.1)
(0.8625 0.0625 -0.1)
(0.875 0.0625 -0.1)
(0.8875 0.0625 -0.1)
(0.9 0.0625 -0.1)
(0.9125 0.0625 -0.1)
(0.925 0.0625 -0.1)
(0.9375 0.0625 -0.1)
(0.95 0.0625 -0.1)
(0.9625 0.0625 -0.1)
(0.975 0.0625 -0.1)
(0.9875 0.0625 -0.1)
(1 0.0625 -0.1)
(0 0.075 -0.1)
(0.0125 0.075 -0.1)
(0.025 0.075 -0.1)
(0.0375 0.075 -0.1)
(0.05 0.075 -0.1)
(0.0625 0.075 -0.1)
(0.075 0.075 -0.1)
(0.0875 0.075 -0.1)
(0.1 0.075 -0.1)
(0.1125 0.075 -0.1)
(0.125 0.075 -0.1)
(0.1375 0.075 -0.1)
(0.15 0.075 -0.1)
(0.1625 0.075 -0.1)
(0.175 0.075 -0.1)
(0.1875 0.075 -0.1)
(0.2 0.075 -0.1)
(0.2125 0.075 -0.1)
(0.225 0.075 -0.1)
(0.2375 0.075 -0.1)
(0.25 0.075 -0.1)
(0.2625 0.075 -0.1)
(0.275 0.075 -0.1)
(0.2875 0.075 -0.1)
(0.3 0.075 -0.1)
(0.3125 0.075 -0.1)
(0.325 0.075 -0.1)
(0.3375 0.075 -0.1)
(0.35 0.075 -0.1)
(0.3625 0.075 -0.1)
(0.375 0.075 -0.1)
(0.3875 0.075 -0.1)
(0.4 0.075 -0.1)
(0.4125 0.075 -0.1)
(0.425 0.075 -0.1)
(0.4375 0.075 -0.1)
(0.45 0.075 -0.1)
(0.4625 0.075 -0.1)
(0.475 0.075 -0.1)
(0.4875 0.075 -0.1)
(0.5 0.075 -0.1)
(0.5125 0.075 -0.1)
(0.525 0.075 -0.1)
(0.5375 0.075 -0.1)
(0.55 0.075 -0.1)
(0.5625 0.075 -0.1)
(0.575 0.075 -0.1)
(0.5875 0.075 -0.1)
(0.6 0.075 -0.1)
(0.6125 0.075 -0.1)
(0.625 0.075 -0.1)
(0.6375 0.075 -0.1)
(0.65 0.075 -0.1)
(0.6625 0.075 -0.1)
(0.675 0.075 -0.1)
(0.6875 0.075 -0.1)
(0.7 0.075 -0.1)
(0.7125 0.075 -0.1)
(0.725 0.075 -0.1)
(0.7375 0.075 -0.1)
(0.75 0.075 -0.1)
(0.7625 0.075 -0.1)
(0.775 0.075 -0.1)
(0.7875 0.075 -0.1)
(0.8 0.075 -0.1)
(0.8125 0.075 -0.1)
(0.825 0.075 -0.1)
(0.8375 0.075 -0.1)
(0.85 0.075 -0.1)
(0.8625 0.075 -0.1)
(0.875 0.075 -0.1)
(0.8875 0.075 -0.1)
(0.9 0.075 -0.1)
(0.9125 0.075 -0.1)
(0.925 0.075 -0.1)
(0.9375 0.075 -0.1)
(0.95 0.075 -0.1)
(0.9625 0.075 -0.1)
(0.975 0.075 -0.1)
(0.9875 0.075 -0.1)
(1 0.075 -0.1)
(0 0.0875 -0.1)
(0.0125 0.0875 -0.1)
(0.025 0.0875 -0.1)
(0.0375 0.0875 -0.1)
(0.05 0.0875 -0.1)
(0.0625 0.0875 -0.1)
(0.075 0.0875 -0.1)
(0.0875 0.0875 -0.1)
(0.1 0.0875 -0.1)
(0.1125 0.0875 -0.1)
(0.125 0.0875 -0.1)
(0.1375 0.0875 -0.1)
(0.15 0.0875 -0.1)
(0.1625 0.0875 -0.1)
(0.175 0.0875 -0.1)
(0.1875 0.0875 -0.1)
(0.2 0.0875 -0.1)
(0.2125 0.0875 -0.1)
(0.225 0.0875 -0.1)
(0.2375 0.0875 -0.1)
(0.25 0.0875 -0.1)
(0.2625 0.0875 -0.1)
(0.275 0.0875 -0.1)
(0.2875 0.0875 -0.1)
(0.3 0.0875 -0.1)
(0.3125 0.0875 -0.1)
(0.325 0.0875 -0.1)
(0.3375 0.0875 -0.1)
(0.35 0.0875 -0.1)
(0.3625 0.0875 -0.1)
(0.375 0.0875 -0.1)
(0.3875 0.0875 -0.1)
(0.4 0.0875 -0.1)
(0.4125 0.0875 -0.1)
(0.425 0.0875 -0.1)
(0.4375 0.0875 -0.1)
(0.45 0.0875 -0.1)
(0.4625 0.0875 -0.1)
(0.475 0.0875 -0.1)
(0.4875 0.0875 -0.1)
(0.5 0.0875 -0.1)
(0.5125 0.0875 -0.1)
(0.525 0.0875 -0.1)
(0.5375 0.0875 -0.1)
(0.55 0.0875 -0.1)
(0.5625 0.0875 -0.1)
(0.575 0.0875 -0.1)
(0.5875 0.0875 -0.1)
(0.6 0.0875 -0.1)
(0.6125 0.0875 -0.1)
(0.625 0.0875 -0.1)
(0.6375 0.0875 -0.1)
(0.65 0.0875 -0.1)
(0.6625 0.0875 -0.1)
(0.675 0.0875 -0.1)
(0.6875 0.0875 -0.1)
(0.7 0.0875 -0.1)
(0.7125 0.0875 -0.1)
(0.725 0.0875 -0.1)
(0.7375 0.0875 -0.1)
(0.75 0.0875 -0.1)
(0.7625 0.0875 -0.1)
(0.775 0.0875 -0.1)
(0.7875 0.0875 -0.1)
(0.8 0.0875 -0.1)
(0.8125 0.0875 -0.1)
(0.825 0.0875 -0.1)
(0.8375 0.0875 -0.1)
(0.85 0.0875 -0.1)
(0.8625 0.0875 -0.1)
(0.875 0.0875 -0.1)
(0.8875 0.0875 -0.1)
(0.9 0.0875 -0.1)
(0.9125 0.0875 -0.1)
(0.925 0.0875 -0.1)
(0.9375 0.0875 -0.1)
(0.95 0.0875 -0.1)
(0.9625 0.0875 -0.1)
(0.975 0.0875 -0.1)
(0.9875 0.0875 -0.1)
(1 0.0875 -0.1)
(0 0.1 -0.1)
(0.0125 0.1 -0.1)
(0.025 0.1 -0.1)
(0.0375 0.1 -0.1)
(0.05 0.1 -0.1)
(0.0625 0.1 -0.1)
(0.075 0.1 -0.1)
(0.0875 0.1 -0.1)
(0.1 0.1 -0.1)
(0.1125 0.1 -0.1)
(0.125 0.1 -0.1)
(0.1375 0.1 -0.1)
(0.15 0.1 -0.1)
(0.1625 0.1 -0.1)
(0.175 0.1 -0.1)
(0.1875 0.1 -0.1)
(0.2 0.1 -0.1)
(0.2125 0.1 -0.1)
(0.225 0.1 -0.1)
(0.2375 0.1 -0.1)
(0.25 0.1 -0.1)
(0.2625 0.1 -0.1)
(0.275 0.1 -0.1)
(0.2875 0.1 -0.1)
(0.3 0.1 -0.1)
(0.3125 0.1 -0.1)
(0.325 0.1 -0.1)
(0.3375 0.1 -0.1)
(0.35 0.1 -0.1)
(0.3625 0.1 -0.1)
(0.375 0.1 -0.1)
(0.3875 0.1 -0.1)
(0.4 0.1 -0.1)
(0.4125 0.1 -0.1)
(0.425 0.1 -0.1)
(0.4375 0.1 -0.1)
(0.45 0.1 -0.1)
(0.4625 0.1 -0.1)
(0.475 0.1 -0.1)
(0.4875 0.1 -0.1)
(0.5 0.1 -0.1)
(0.5125 0.1 -0.1)
(0.525 0.1 -0.1)
(0.5375 0.1 -0.1)
(0.55 0.1 -0.1)
(0.5625 0.1 -0.1)
(0.575 0.1 -0.1)
(0.5875 0.1 -0.1)
(0.6 0.1 -0.1)
(0.6125 0.1 -0.1)
(0.625 0.1 -0.1)
(0.6375 0.1 -0.1)
(0.65 0.1 -0.1)
(0.6625 0.1 -0.1)
(0.675 0.1 -0.1)
(0.6875 0.1 -0.1)
(0.7 0.1 -0.1)
(0.7125 0.1 -0.1)
(0.725 0.1 -0.1)
(0.7375 0.1 -0.1)
(0.75 0.1 -0.1)
(0.7625 0.1 -0.1)
(0.775 0.1 -0.1)
(0.7875 0.1 -0.1)
(0.8 0.1 -0.1)
(0.8125 0.1 -0.1)
(0.825 0.1 -0.1)
(0.8375 0.1 -0.1)
(0.85 0.1 -0.1)
(0.8625 0.1 -0.1)
(0.875 0.1 -0.1)
(0.8875 0.1 -0.1)
(0.9 0.1 -0.1)
(0.9125 0.1 -0.1)
(0.925 0.1 -0.1)
(0.9375 0.1 -0.1)
(0.95 0.1 -0.1)
(0.9625 0.1 -0.1)
(0.975 0.1 -0.1)
(0.9875 0.1 -0.1)
(1 0.1 -0.1)
(0 0.1125 -0.1)
(0.0125 0.1125 -0.1)
(0.025 0.1125 -0.1)
(0.0375 0.1125 -0.1)
(0.05 0.1125 -0.1)
(0.0625 0.1125 -0.1)
(0.075 0.1125 -0.1)
(0.0875 0.1125 -0.1)
(0.1 0.1125 -0.1)
(0.1125 0.1125 -0.1)
(0.125 0.1125 -0.1)
(0.1375 0.1125 -0.1)
(0.15 0.1125 -0.1)
(0.1625 0.1125 -0.1)
(0.175 0.1125 -0.1)
(0.1875 0.1125 -0.1)
(0.2 0.1125 -0.1)
(0.2125 0.1125 -0.1)
(0.225 0.1125 -0.1)
(0.2375 0.1125 -0.1)
(0.25 0.1125 -0.1)
(0.2625 0.1125 -0.1)
(0.275 0.1125 -0.1)
(0.2875 0.1125 -0.1)
(0.3 0.1125 -0.1)
(0.3125 0.1125 -0.1)
(0.325 0.1125 -0.1)
(0.3375 0.1125 -0.1)
(0.35 0.1125 -0.1)
(0.3625 0.1125 -0.1)
(0.375 0.1125 -0.1)
(0.3875 0.1125 -0.1)
(0.4 0.1125 -0.1)
(0.4125 0.1125 -0.1)
(0.425 0.1125 -0.1)
(0.4375 0.1125 -0.1)
(0.45 0.1125 -0.1)
(0.4625 0.1125 -0.1)
(0.475 0.1125 -0.1)
(0.4875 0.1125 -0.1)
(0.5 0.1125 -0.1)
(0.5125 0.1125 -0.1)
(0.525 0.1125 -0.1)
(0.5375 0.1125 -0.1)
(0.55 0.1125 -0.1)
(0.5625 0.1125 -0.1)
(0.575 0.1125 -0.1)
(0.5875 0.1125 -0.1)
(0.6 0.1125 -0.1)
(0.6125 0.1125 -0.1)
(0.625 0.1125 -0.1)
(0.6375 0.1125 -0.1)
(0.65 0.1125 -0.1)
(0.6625 0.1125 -0.1)
(0.675 0.1125 -0.1)
(0.6875 0.1125 -0.1)
(0.7 0.1125 -0.1)
(0.7125 0.1125 -0.1)
(0.725 0.1125 -0.1)
(0.7375 0.1125 -0.1)
(0.75 0.1125 -0.1)
(0.7625 0.1125 -0.1)
(0.775 0.1125 -0.1)
(0.7875 0.1125 -0.1)
(0.8 0.1125 -0.1)
(0.8125 0.1125 -0.1)
(0.825 0.1125 -0.1)
(0.8375 0.1125 -0.1)
(0.85 0.1125 -0.1)
(0.8625 0.1125 -0.1)
(0.875 0.1125 -0.1)
(0.8875 0.1125 -0.1)
(0.9 0.1125 -0.1)
(0.9125 0.1125 -0.1)
(0.925 0.1125 -0.1)
(0.9375 0.1125 -0.1)
(0.95 0.1125 -0.1)
(0.9625 0.1125 -0.1)
(0.975 0.1125 -0.1)
(0.9875 0.1125 -0.1)
(1 0.1125 -0.1)
(0 0.125 -0.1)
(0.0125 0.125 -0.1)
(0.025 0.125 -0.1)
(0.0375 0.125 -0.1)
(0.05 0.125 -0.1)
(0.0625 0.125 -0.1)
(0.075 0.125 -0.1)
(0.0875 0.125 -0.1)
(0.1 0.125 -0.1)
(0.1125 0.125 -0.1)
(0.125 0.125 -0.1)
(0.1375 0.125 -0.1)
(0.15 0.125 -0.1)
(0.1625 0.125 -0.1)
(0.175 0.125 -0.1)
(0.1875 0.125 -0.1)
(0.2 0.125 -0.1)
(0.2125 0.125 -0.1)
(0.225 0.125 -0.1)
(0.2375 0.125 -0.1)
(0.25 0.125 -0.1)
(0.2625 0.125 -0.1)
(0.275 0.125 -0.1)
(0.2875 0.125 -0.1)
(0.3 0.125 -0.1)
(0.3125 0.125 -0.1)
(0.325 0.125 -0.1)
(0.3375 0.125 -0.1)
(0.35 0.125 -0.1)
(0.3625 0.125 -0.1)
(0.375 0.125 -0.1)
(0.3875 0.125 -0.1)
(0.4 0.125 -0.1)
(0.4125 0.125 -0.1)
(0.425 0.125 -0.1)
(0.4375 0.125 -0.1)
(0.45 0.125 -0.1)
(0.4625 0.125 -0.1)
(0.475 0.125 -0.1)
(0.4875 0.125 -0.1)
(0.5 0.125 -0.1)
(0.5125 0.125 -0.1)
(0.525 0.125 -0.1)
(0.5375 0.125 -0.1)
(0.55 0.125 -0.1)
(0.5625 0.125 -0.1)
(0.575 0.125 -0.1)
(0.5875 0.125 -0.1)
(0.6 0.125 -0.1)
(0.6125 0.125 -0.1)
(0.625 0.125 -0.1)
(0.6375 0.125 -0.1)
(0.65 0.125 -0.1)
(0.6625 0.125 -0.1)
(0.675 0.125 -0.1)
(0.6875 0.125 -0.1)
(0.7 0.125 -0.1)
(0.7125 0.125 -0.1)
(0.725 0.125 -0.1)
(0.7375 0.125 -0.1)
(0.75 0.125 -0.1)
(0.7625 0.125 -0.1)
(0.775 0.125 -0.1)
(0.7875 0.125 -0.1)
(0.8 0.125 -0.1)
(0.8125 0.125 -0.1)
(0.825 0.125 -0.1)
(0.8375 0.125 -0.1)
(0.85 0.125 -0.1)
(0.8625 0.125 -0.1)
(0.875 0.125 -0.1)
(0.8875 0.125 -0.1)
(0.9 0.125 -0.1)
(0.9125 0.125 -0.1)
(0.925 0.125 -0.1)
(0.9375 0.125 -0.1)
(0.95 0.125 -0.1)
(0.9625 0.125 -0.1)
(0.975 0.125 -0.1)
(0.9875 0.125 -0.1)
(1 0.125 -0.1)
(0 0.1375 -0.1)
(0.0125 0.1375 -0.1)
(0.025 0.1375 -0.1)
(0.0375 0.1375 -0.1)
(0.05 0.1375 -0.1)
(0.0625 0.1375 -0.1)
(0.075 0.1375 -0.1)
(0.0875 0.1375 -0.1)
(0.1 0.1375 -0.1)
(0.1125 0.1375 -0.1)
(0.125 0.1375 -0.1)
(0.1375 0.1375 -0.1)
(0.15 0.1375 -0.1)
(0.1625 0.1375 -0.1)
(0.175 0.1375 -0.1)
(0.1875 0.1375 -0.1)
(0.2 0.1375 -0.1)
(0.2125 0.1375 -0.1)
(0.225 0.1375 -0.1)
(0.2375 0.1375 -0.1)
(0.25 0.1375 -0.1)
(0.2625 0.1375 -0.1)
(0.275 0.1375 -0.1)
(0.2875 0.1375 -0.1)
(0.3 0.1375 -0.1)
(0.3125 0.1375 -0.1)
(0.325 0.1375 -0.1)
(0.3375 0.1375 -0.1)
(0.35 0.1375 -0.1)
(0.3625 0.1375 -0.1)
(0.375 0.1375 -0.1)
(0.3875 0.1375 -0.1)
(0.4 0.1375 -0.1)
(0.4125 0.1375 -0.1)
(0.425 0.1375 -0.1)
(0.4375 0.1375 -0.1)
(0.45 0.1375 -0.1)
(0.4625 0.1375 -0.1)
(0.475 0.1375 -0.1)
(0.4875 0.1375 -0.1)
(0.5 0.1375 -0.1)
(0.5125 0.1375 -0.1)
(0.525 0.1375 -0.1)
(0.5375 0.1375 -0.1)
(0.55 0.1375 -0.1)
(0.5625 0.1375 -0.1)
(0.575 0.1375 -0.1)
(0.5875 0.1375 -0.1)
(0.6 0.1375 -0.1)
(0.6125 0.1375 -0.1)
(0.625 0.1375 -0.1)
(0.6375 0.1375 -0.1)
(0.65 0.1375 -0.1)
(0.6625 0.1375 -0.1)
(0.675 0.1375 -0.1)
(0.6875 0.1375 -0.1)
(0.7 0.1375 -0.1)
(0.7125 0.1375 -0.1)
(0.725 0.1375 -0.1)
(0.7375 0.1375 -0.1)
(0.75 0.1375 -0.1)
(0.7625 0.1375 -0.1)
(0.775 0.1375 -0.1)
(0.7875 0.1375 -0.1)
(0.8 0.1375 -0.1)
(0.8125 0.1375 -0.1)
(0.825 0.1375 -0.1)
(0.8375 0.1375 -0.1)
(0.85 0.1375 -0.1)
(0.8625 0.1375 -0.1)
(0.875 0.1375 -0.1)
(0.8875 0.1375 -0.1)
(0.9 0.1375 -0.1)
(0.9125 0.1375 -0.1)
(0.925 0.1375 -0.1)
(0.9375 0.1375 -0.1)
(0.95 0.1375 -0.1)
(0.9625 0.1375 -0.1)
(0.975 0.1375 -0.1)
(0.9875 0.1375 -0.1)
(1 0.1375 -0.1)
(0 0.15 -0.1)
(0.0125 0.15 -0.1)
(0.025 0.15 -0.1)
(0.0375 0.15 -0.1)
(0.05 0.15 -0.1)
(0.0625 0.15 -0.1)
(0.075 0.15 -0.1)
(0.0875 0.15 -0.1)
(0.1 0.15 -0.1)
(0.1125 0.15 -0.1)
(0.125 0.15 -0.1)
(0.1375 0.15 -0.1)
(0.15 0.15 -0.1)
(0.1625 0.15 -0.1)
(0.175 0.15 -0.1)
(0.1875 0.15 -0.1)
(0.2 0.15 -0.1)
(0.2125 0.15 -0.1)
(0.225 0.15 -0.1)
(0.2375 0.15 -0.1)
(0.25 0.15 -0.1)
(0.2625 0.15 -0.1)
(0.275 0.15 -0.1)
(0.2875 0.15 -0.1)
(0.3 0.15 -0.1)
(0.3125 0.15 -0.1)
(0.325 0.15 -0.1)
(0.3375 0.15 -0.1)
(0.35 0.15 -0.1)
(0.3625 0.15 -0.1)
(0.375 0.15 -0.1)
(0.3875 0.15 -0.1)
(0.4 0.15 -0.1)
(0.4125 0.15 -0.1)
(0.425 0.15 -0.1)
(0.4375 0.15 -0.1)
(0.45 0.15 -0.1)
(0.4625 0.15 -0.1)
(0.475 0.15 -0.1)
(0.4875 0.15 -0.1)
(0.5 0.15 -0.1)
(0.5125 0.15 -0.1)
(0.525 0.15 -0.1)
(0.5375 0.15 -0.1)
(0.55 0.15 -0.1)
(0.5625 0.15 -0.1)
(0.575 0.15 -0.1)
(0.5875 0.15 -0.1)
(0.6 0.15 -0.1)
(0.6125 0.15 -0.1)
(0.625 0.15 -0.1)
(0.6375 0.15 -0.1)
(0.65 0.15 -0.1)
(0.6625 0.15 -0.1)
(0.675 0.15 -0.1)
(0.6875 0.15 -0.1)
(0.7 0.15 -0.1)
(0.7125 0.15 -0.1)
(0.725 0.15 -0.1)
(0.7375 0.15 -0.1)
(0.75 0.15 -0.1)
(0.7625 0.15 -0.1)
(0.775 0.15 -0.1)
(0.7875 0.15 -0.1)
(0.8 0.15 -0.1)
(0.8125 0.15 -0.1)
(0.825 0.15 -0.1)
(0.8375 0.15 -0.1)
(0.85 0.15 -0.1)
(0.8625 0.15 -0.1)
(0.875 0.15 -0.1)
(0.8875 0.15 -0.1)
(0.9 0.15 -0.1)
(0.9125 0.15 -0.1)
(0.925 0.15 -0.1)
(0.9375 0.15 -0.1)
(0.95 0.15 -0.1)
(0.9625 0.15 -0.1)
(0.975 0.15 -0.1)
(0.9875 0.15 -0.1)
(1 0.15 -0.1)
(0 0.1625 -0.1)
(0.0125 0.1625 -0.1)
(0.025 0.1625 -0.1)
(0.0375 0.1625 -0.1)
(0.05 0.1625 -0.1)
(0.0625 0.1625 -0.1)
(0.075 0.1625 -0.1)
(0.0875 0.1625 -0.1)
(0.1 0.1625 -0.1)
(0.1125 0.1625 -0.1)
(0.125 0.1625 -0.1)
(0.1375 0.1625 -0.1)
(0.15 0.1625 -0.1)
(0.1625 0.1625 -0.1)
(0.175 0.1625 -0.1)
(0.1875 0.1625 -0.1)
(0.2 0.1625 -0.1)
(0.2125 0.1625 -0.1)
(0.225 0.1625 -0.1)
(0.2375 0.1625 -0.1)
(0.25 0.1625 -0.1)
(0.2625 0.1625 -0.1)
(0.275 0.1625 -0.1)
(0.2875 0.1625 -0.1)
(0.3 0.1625 -0.1)
(0.3125 0.1625 -0.1)
(0.325 0.1625 -0.1)
(0.3375 0.1625 -0.1)
(0.35 0.1625 -0.1)
(0.3625 0.1625 -0.1)
(0.375 0.1625 -0.1)
(0.3875 0.1625 -0.1)
(0.4 0.1625 -0.1)
(0.4125 0.1625 -0.1)
(0.425 0.1625 -0.1)
(0.4375 0.1625 -0.1)
(0.45 0.1625 -0.1)
(0.4625 0.1625 -0.1)
(0.475 0.1625 -0.1)
(0.4875 0.1625 -0.1)
(0.5 0.1625 -0.1)
(0.5125 0.1625 -0.1)
(0.525 0.1625 -0.1)
(0.5375 0.1625 -0.1)
(0.55 0.1625 -0.1)
(0.5625 0.1625 -0.1)
(0.575 0.1625 -0.1)
(0.5875 0.1625 -0.1)
(0.6 0.1625 -0.1)
(0.6125 0.1625 -0.1)
(0.625 0.1625 -0.1)
(0.6375 0.1625 -0.1)
(0.65 0.1625 -0.1)
(0.6625 0.1625 -0.1)
(0.675 0.1625 -0.1)
(0.6875 0.1625 -0.1)
(0.7 0.1625 -0.1)
(0.7125 0.1625 -0.1)
(0.725 0.1625 -0.1)
(0.7375 0.1625 -0.1)
(0.75 0.1625 -0.1)
(0.7625 0.1625 -0.1)
(0.775 0.1625 -0.1)
(0.7875 0.1625 -0.1)
(0.8 0.1625 -0.1)
(0.8125 0.1625 -0.1)
(0.825 0.1625 -0.1)
(0.8375 0.1625 -0.1)
(0.85 0.1625 -0.1)
(0.8625 0.1625 -0.1)
(0.875 0.1625 -0.1)
(0.8875 0.1625 -0.1)
(0.9 0.1625 -0.1)
(0.9125 0.1625 -0.1)
(0.925 0.1625 -0.1)
(0.9375 0.1625 -0.1)
(0.95 0.1625 -0.1)
(0.9625 0.1625 -0.1)
(0.975 0.1625 -0.1)
(0.9875 0.1625 -0.1)
(1 0.1625 -0.1)
(0 0.175 -0.1)
(0.0125 0.175 -0.1)
(0.025 0.175 -0.1)
(0.0375 0.175 -0.1)
(0.05 0.175 -0.1)
(0.0625 0.175 -0.1)
(0.075 0.175 -0.1)
(0.0875 0.175 -0.1)
(0.1 0.175 -0.1)
(0.1125 0.175 -0.1)
(0.125 0.175 -0.1)
(0.1375 0.175 -0.1)
(0.15 0.175 -0.1)
(0.1625 0.175 -0.1)
(0.175 0.175 -0.1)
(0.1875 0.175 -0.1)
(0.2 0.175 -0.1)
(0.2125 0.175 -0.1)
(0.225 0.175 -0.1)
(0.2375 0.175 -0.1)
(0.25 0.175 -0.1)
(0.2625 0.175 -0.1)
(0.275 0.175 -0.1)
(0.2875 0.175 -0.1)
(0.3 0.175 -0.1)
(0.3125 0.175 -0.1)
(0.325 0.175 -0.1)
(0.3375 0.175 -0.1)
(0.35 0.175 -0.1)
(0.3625 0.175 -0.1)
(0.375 0.175 -0.1)
(0.3875 0.175 -0.1)
(0.4 0.175 -0.1)
(0.4125 0.175 -0.1)
(0.425 0.175 -0.1)
(0.4375 0.175 -0.1)
(0.45 0.175 -0.1)
(0.4625 0.175 -0.1)
(0.475 0.175 -0.1)
(0.4875 0.175 -0.1)
(0.5 0.175 -0.1)
(0.5125 0.175 -0.1)
(0.525 0.175 -0.1)
(0.5375 0.175 -0.1)
(0.55 0.175 -0.1)
(0.5625 0.175 -0.1)
(0.575 0.175 -0.1)
(0.5875 0.175 -0.1)
(0.6 0.175 -0.1)
(0.6125 0.175 -0.1)
(0.625 0.175 -0.1)
(0.6375 0.175 -0.1)
(0.65 0.175 -0.1)
(0.6625 0.175 -0.1)
(0.675 0.175 -0.1)
(0.6875 0.175 -0.1)
(0.7 0.175 -0.1)
(0.7125 0.175 -0.1)
(0.725 0.175 -0.1)
(0.7375 0.175 -0.1)
(0.75 0.175 -0.1)
(0.7625 0.175 -0.1)
(0.775 0.175 -0.1)
(0.7875 0.175 -0.1)
(0.8 0.175 -0.1)
(0.8125 0.175 -0.1)
(0.825 0.175 -0.1)
(0.8375 0.175 -0.1)
(0.85 0.175 -0.1)
(0.8625 0.175 -0.1)
(0.875 0.175 -0.1)
(0.8875 0.175 -0.1)
(0.9 0.175 -0.1)
(0.9125 0.175 -0.1)
(0.925 0.175 -0.1)
(0.9375 0.175 -0.1)
(0.95 0.175 -0.1)
(0.9625 0.175 -0.1)
(0.975 0.175 -0.1)
(0.9875 0.175 -0.1)
(1 0.175 -0.1)
(0 0.1875 -0.1)
(0.0125 0.1875 -0.1)
(0.025 0.1875 -0.1)
(0.0375 0.1875 -0.1)
(0.05 0.1875 -0.1)
(0.0625 0.1875 -0.1)
(0.075 0.1875 -0.1)
(0.0875 0.1875 -0.1)
(0.1 0.1875 -0.1)
(0.1125 0.1875 -0.1)
(0.125 0.1875 -0.1)
(0.1375 0.1875 -0.1)
(0.15 0.1875 -0.1)
(0.1625 0.1875 -0.1)
(0.175 0.1875 -0.1)
(0.1875 0.1875 -0.1)
(0.2 0.1875 -0.1)
(0.2125 0.1875 -0.1)
(0.225 0.1875 -0.1)
(0.2375 0.1875 -0.1)
(0.25 0.1875 -0.1)
(0.2625 0.1875 -0.1)
(0.275 0.1875 -0.1)
(0.2875 0.1875 -0.1)
(0.3 0.1875 -0.1)
(0.3125 0.1875 -0.1)
(0.325 0.1875 -0.1)
(0.3375 0.1875 -0.1)
(0.35 0.1875 -0.1)
(0.3625 0.1875 -0.1)
(0.375 0.1875 -0.1)
(0.3875 0.1875 -0.1)
(0.4 0.1875 -0.1)
(0.4125 0.1875 -0.1)
(0.425 0.1875 -0.1)
(0.4375 0.1875 -0.1)
(0.45 0.1875 -0.1)
(0.4625 0.1875 -0.1)
(0.475 0.1875 -0.1)
(0.4875 0.1875 -0.1)
(0.5 0.1875 -0.1)
(0.5125 0.1875 -0.1)
(0.525 0.1875 -0.1)
(0.5375 0.1875 -0.1)
(0.55 0.1875 -0.1)
(0.5625 0.1875 -0.1)
(0.575 0.1875 -0.1)
(0.5875 0.1875 -0.1)
(0.6 0.1875 -0.1)
(0.6125 0.1875 -0.1)
(0.625 0.1875 -0.1)
(0.6375 0.1875 -0.1)
(0.65 0.1875 -0.1)
(0.6625 0.1875 -0.1)
(0.675 0.1875 -0.1)
(0.6875 0.1875 -0.1)
(0.7 0.1875 -0.1)
(0.7125 0.1875 -0.1)
(0.725 0.1875 -0.1)
(0.7375 0.1875 -0.1)
(0.75 0.1875 -0.1)
(0.7625 0.1875 -0.1)
(0.775 0.1875 -0.1)
(0.7875 0.1875 -0.1)
(0.8 0.1875 -0.1)
(0.8125 0.1875 -0.1)
(0.825 0.1875 -0.1)
(0.8375 0.1875 -0.1)
(0.85 0.1875 -0.1)
(0.8625 0.1875 -0.1)
(0.875 0.1875 -0.1)
(0.8875 0.1875 -0.1)
(0.9 0.1875 -0.1)
(0.9125 0.1875 -0.1)
(0.925 0.1875 -0.1)
(0.9375 0.1875 -0.1)
(0.95 0.1875 -0.1)
(0.9625 0.1875 -0.1)
(0.975 0.1875 -0.1)
(0.9875 0.1875 -0.1)
(1 0.1875 -0.1)
(0 0.2 -0.1)
(0.0125 0.2 -0.1)
(0.025 0.2 -0.1)
(0.0375 0.2 -0.1)
(0.05 0.2 -0.1)
(0.0625 0.2 -0.1)
(0.075 0.2 -0.1)
(0.0875 0.2 -0.1)
(0.1 0.2 -0.1)
(0.1125 0.2 -0.1)
(0.125 0.2 -0.1)
(0.1375 0.2 -0.1)
(0.15 0.2 -0.1)
(0.1625 0.2 -0.1)
(0.175 0.2 -0.1)
(0.1875 0.2 -0.1)
(0.2 0.2 -0.1)
(0.2125 0.2 -0.1)
(0.225 0.2 -0.1)
(0.2375 0.2 -0.1)
(0.25 0.2 -0.1)
(0.2625 0.2 -0.1)
(0.275 0.2 -0.1)
(0.2875 0.2 -0.1)
(0.3 0.2 -0.1)
(0.3125 0.2 -0.1)
(0.325 0.2 -0.1)
(0.3375 0.2 -0.1)
(0.35 0.2 -0.1)
(0.3625 0.2 -0.1)
(0.375 0.2 -0.1)
(0.3875 0.2 -0.1)
(0.4 0.2 -0.1)
(0.4125 0.2 -0.1)
(0.425 0.2 -0.1)
(0.4375 0.2 -0.1)
(0.45 0.2 -0.1)
(0.4625 0.2 -0.1)
(0.475 0.2 -0.1)
(0.4875 0.2 -0.1)
(0.5 0.2 -0.1)
(0.5125 0.2 -0.1)
(0.525 0.2 -0.1)
(0.5375 0.2 -0.1)
(0.55 0.2 -0.1)
(0.5625 0.2 -0.1)
(0.575 0.2 -0.1)
(0.5875 0.2 -0.1)
(0.6 0.2 -0.1)
(0.6125 0.2 -0.1)
(0.625 0.2 -0.1)
(0.6375 0.2 -0.1)
(0.65 0.2 -0.1)
(0.6625 0.2 -0.1)
(0.675 0.2 -0.1)
(0.6875 0.2 -0.1)
(0.7 0.2 -0.1)
(0.7125 0.2 -0.1)
(0.725 0.2 -0.1)
(0.7375 0.2 -0.1)
(0.75 0.2 -0.1)
(0.7625 0.2 -0.1)
(0.775 0.2 -0.1)
(0.7875 0.2 -0.1)
(0.8 0.2 -0.1)
(0.8125 0.2 -0.1)
(0.825 0.2 -0.1)
(0.8375 0.2 -0.1)
(0.85 0.2 -0.1)
(0.8625 0.2 -0.1)
(0.875 0.2 -0.1)
(0.8875 0.2 -0.1)
(0.9 0.2 -0.1)
(0.9125 0.2 -0.1)
(0.925 0.2 -0.1)
(0.9375 0.2 -0.1)
(0.95 0.2 -0.1)
(0.9625 0.2 -0.1)
(0.975 0.2 -0.1)
(0.9875 0.2 -0.1)
(1 0.2 -0.1)
(0 0.2125 -0.1)
(0.0125 0.2125 -0.1)
(0.025 0.2125 -0.1)
(0.0375 0.2125 -0.1)
(0.05 0.2125 -0.1)
(0.0625 0.2125 -0.1)
(0.075 0.2125 -0.1)
(0.0875 0.2125 -0.1)
(0.1 0.2125 -0.1)
(0.1125 0.2125 -0.1)
(0.125 0.2125 -0.1)
(0.1375 0.2125 -0.1)
(0.15 0.2125 -0.1)
(0.1625 0.2125 -0.1)
(0.175 0.2125 -0.1)
(0.1875 0.2125 -0.1)
(0.2 0.2125 -0.1)
(0.2125 0.2125 -0.1)
(0.225 0.2125 -0.1)
(0.2375 0.2125 -0.1)
(0.25 0.2125 -0.1)
(0.2625 0.2125 -0.1)
(0.275 0.2125 -0.1)
(0.2875 0.2125 -0.1)
(0.3 0.2125 -0.1)
(0.3125 0.2125 -0.1)
(0.325 0.2125 -0.1)
(0.3375 0.2125 -0.1)
(0.35 0.2125 -0.1)
(0.3625 0.2125 -0.1)
(0.375 0.2125 -0.1)
(0.3875 0.2125 -0.1)
(0.4 0.2125 -0.1)
(0.4125 0.2125 -0.1)
(0.425 0.2125 -0.1)
(0.4375 0.2125 -0.1)
(0.45 0.2125 -0.1)
(0.4625 0.2125 -0.1)
(0.475 0.2125 -0.1)
(0.4875 0.2125 -0.1)
(0.5 0.2125 -0.1)
(0.5125 0.2125 -0.1)
(0.525 0.2125 -0.1)
(0.5375 0.2125 -0.1)
(0.55 0.2125 -0.1)
(0.5625 0.2125 -0.1)
(0.575 0.2125 -0.1)
(0.5875 0.2125 -0.1)
(0.6 0.2125 -0.1)
(0.6125 0.2125 -0.1)
(0.625 0.2125 -0.1)
(0.6375 0.2125 -0.1)
(0.65 0.2125 -0.1)
(0.6625 0.2125 -0.1)
(0.675 0.2125 -0.1)
(0.6875 0.2125 -0.1)
(0.7 0.2125 -0.1)
(0.7125 0.2125 -0.1)
(0.725 0.2125 -0.1)
(0.7375 0.2125 -0.1)
(0.75 0.2125 -0.1)
(0.7625 0.2125 -0.1)
(0.775 0.2125 -0.1)
(0.7875 0.2125 -0.1)
(0.8 0.2125 -0.1)
(0.8125 0.2125 -0.1)
(0.825 0.2125 -0.1)
(0.8375 0.2125 -0.1)
(0.85 0.2125 -0.1)
(0.8625 0.2125 -0.1)
(0.875 0.2125 -0.1)
(0.8875 0.2125 -0.1)
(0.9 0.2125 -0.1)
(0.9125 0.2125 -0.1)
(0.925 0.2125 -0.1)
(0.9375 0.2125 -0.1)
(0.95 0.2125 -0.1)
(0.9625 0.2125 -0.1)
(0.975 0.2125 -0.1)
(0.9875 0.2125 -0.1)
(1 0.2125 -0.1)
(0 0.225 -0.1)
(0.0125 0.225 -0.1)
(0.025 0.225 -0.1)
(0.0375 0.225 -0.1)
(0.05 0.225 -0.1)
(0.0625 0.225 -0.1)
(0.075 0.225 -0.1)
(0.0875 0.225 -0.1)
(0.1 0.225 -0.1)
(0.1125 0.225 -0.1)
(0.125 0.225 -0.1)
(0.1375 0.225 -0.1)
(0.15 0.225 -0.1)
(0.1625 0.225 -0.1)
(0.175 0.225 -0.1)
(0.1875 0.225 -0.1)
(0.2 0.225 -0.1)
(0.2125 0.225 -0.1)
(0.225 0.225 -0.1)
(0.2375 0.225 -0.1)
(0.25 0.225 -0.1)
(0.2625 0.225 -0.1)
(0.275 0.225 -0.1)
(0.2875 0.225 -0.1)
(0.3 0.225 -0.1)
(0.3125 0.225 -0.1)
(0.325 0.225 -0.1)
(0.3375 0.225 -0.1)
(0.35 0.225 -0.1)
(0.3625 0.225 -0.1)
(0.375 0.225 -0.1)
(0.3875 0.225 -0.1)
(0.4 0.225 -0.1)
(0.4125 0.225 -0.1)
(0.425 0.225 -0.1)
(0.4375 0.225 -0.1)
(0.45 0.225 -0.1)
(0.4625 0.225 -0.1)
(0.475 0.225 -0.1)
(0.4875 0.225 -0.1)
(0.5 0.225 -0.1)
(0.5125 0.225 -0.1)
(0.525 0.225 -0.1)
(0.5375 0.225 -0.1)
(0.55 0.225 -0.1)
(0.5625 0.225 -0.1)
(0.575 0.225 -0.1)
(0.5875 0.225 -0.1)
(0.6 0.225 -0.1)
(0.6125 0.225 -0.1)
(0.625 0.225 -0.1)
(0.6375 0.225 -0.1)
(0.65 0.225 -0.1)
(0.6625 0.225 -0.1)
(0.675 0.225 -0.1)
(0.6875 0.225 -0.1)
(0.7 0.225 -0.1)
(0.7125 0.225 -0.1)
(0.725 0.225 -0.1)
(0.7375 0.225 -0.1)
(0.75 0.225 -0.1)
(0.7625 0.225 -0.1)
(0.775 0.225 -0.1)
(0.7875 0.225 -0.1)
(0.8 0.225 -0.1)
(0.8125 0.225 -0.1)
(0.825 0.225 -0.1)
(0.8375 0.225 -0.1)
(0.85 0.225 -0.1)
(0.8625 0.225 -0.1)
(0.875 0.225 -0.1)
(0.8875 0.225 -0.1)
(0.9 0.225 -0.1)
(0.9125 0.225 -0.1)
(0.925 0.225 -0.1)
(0.9375 0.225 -0.1)
(0.95 0.225 -0.1)
(0.9625 0.225 -0.1)
(0.975 0.225 -0.1)
(0.9875 0.225 -0.1)
(1 0.225 -0.1)
(0 0.2375 -0.1)
(0.0125 0.2375 -0.1)
(0.025 0.2375 -0.1)
(0.0375 0.2375 -0.1)
(0.05 0.2375 -0.1)
(0.0625 0.2375 -0.1)
(0.075 0.2375 -0.1)
(0.0875 0.2375 -0.1)
(0.1 0.2375 -0.1)
(0.1125 0.2375 -0.1)
(0.125 0.2375 -0.1)
(0.1375 0.2375 -0.1)
(0.15 0.2375 -0.1)
(0.1625 0.2375 -0.1)
(0.175 0.2375 -0.1)
(0.1875 0.2375 -0.1)
(0.2 0.2375 -0.1)
(0.2125 0.2375 -0.1)
(0.225 0.2375 -0.1)
(0.2375 0.2375 -0.1)
(0.25 0.2375 -0.1)
(0.2625 0.2375 -0.1)
(0.275 0.2375 -0.1)
(0.2875 0.2375 -0.1)
(0.3 0.2375 -0.1)
(0.3125 0.2375 -0.1)
(0.325 0.2375 -0.1)
(0.3375 0.2375 -0.1)
(0.35 0.2375 -0.1)
(0.3625 0.2375 -0.1)
(0.375 0.2375 -0.1)
(0.3875 0.2375 -0.1)
(0.4 0.2375 -0.1)
(0.4125 0.2375 -0.1)
(0.425 0.2375 -0.1)
(0.4375 0.2375 -0.1)
(0.45 0.2375 -0.1)
(0.4625 0.2375 -0.1)
(0.475 0.2375 -0.1)
(0.4875 0.2375 -0.1)
(0.5 0.2375 -0.1)
(0.5125 0.2375 -0.1)
(0.525 0.2375 -0.1)
(0.5375 0.2375 -0.1)
(0.55 0.2375 -0.1)
(0.5625 0.2375 -0.1)
(0.575 0.2375 -0.1)
(0.5875 0.2375 -0.1)
(0.6 0.2375 -0.1)
(0.6125 0.2375 -0.1)
(0.625 0.2375 -0.1)
(0.6375 0.2375 -0.1)
(0.65 0.2375 -0.1)
(0.6625 0.2375 -0.1)
(0.675 0.2375 -0.1)
(0.6875 0.2375 -0.1)
(0.7 0.2375 -0.1)
(0.7125 0.2375 -0.1)
(0.725 0.2375 -0.1)
(0.7375 0.2375 -0.1)
(0.75 0.2375 -0.1)
(0.7625 0.2375 -0.1)
(0.775 0.2375 -0.1)
(0.7875 0.2375 -0.1)
(0.8 0.2375 -0.1)
(0.8125 0.2375 -0.1)
(0.825 0.2375 -0.1)
(0.8375 0.2375 -0.1)
(0.85 0.2375 -0.1)
(0.8625 0.2375 -0.1)
(0.875 0.2375 -0.1)
(0.8875 0.2375 -0.1)
(0.9 0.2375 -0.1)
(0.9125 0.2375 -0.1)
(0.925 0.2375 -0.1)
(0.9375 0.2375 -0.1)
(0.95 0.2375 -0.1)
(0.9625 0.2375 -0.1)
(0.975 0.2375 -0.1)
(0.9875 0.2375 -0.1)
(1 0.2375 -0.1)
(0 0.25 -0.1)
(0.0125 0.25 -0.1)
(0.025 0.25 -0.1)
(0.0375 0.25 -0.1)
(0.05 0.25 -0.1)
(0.0625 0.25 -0.1)
(0.075 0.25 -0.1)
(0.0875 0.25 -0.1)
(0.1 0.25 -0.1)
(0.1125 0.25 -0.1)
(0.125 0.25 -0.1)
(0.1375 0.25 -0.1)
(0.15 0.25 -0.1)
(0.1625 0.25 -0.1)
(0.175 0.25 -0.1)
(0.1875 0.25 -0.1)
(0.2 0.25 -0.1)
(0.2125 0.25 -0.1)
(0.225 0.25 -0.1)
(0.2375 0.25 -0.1)
(0.25 0.25 -0.1)
(0.2625 0.25 -0.1)
(0.275 0.25 -0.1)
(0.2875 0.25 -0.1)
(0.3 0.25 -0.1)
(0.3125 0.25 -0.1)
(0.325 0.25 -0.1)
(0.3375 0.25 -0.1)
(0.35 0.25 -0.1)
(0.3625 0.25 -0.1)
(0.375 0.25 -0.1)
(0.3875 0.25 -0.1)
(0.4 0.25 -0.1)
(0.4125 0.25 -0.1)
(0.425 0.25 -0.1)
(0.4375 0.25 -0.1)
(0.45 0.25 -0.1)
(0.4625 0.25 -0.1)
(0.475 0.25 -0.1)
(0.4875 0.25 -0.1)
(0.5 0.25 -0.1)
(0.5125 0.25 -0.1)
(0.525 0.25 -0.1)
(0.5375 0.25 -0.1)
(0.55 0.25 -0.1)
(0.5625 0.25 -0.1)
(0.575 0.25 -0.1)
(0.5875 0.25 -0.1)
(0.6 0.25 -0.1)
(0.6125 0.25 -0.1)
(0.625 0.25 -0.1)
(0.6375 0.25 -0.1)
(0.65 0.25 -0.1)
(0.6625 0.25 -0.1)
(0.675 0.25 -0.1)
(0.6875 0.25 -0.1)
(0.7 0.25 -0.1)
(0.7125 0.25 -0.1)
(0.725 0.25 -0.1)
(0.7375 0.25 -0.1)
(0.75 0.25 -0.1)
(0.7625 0.25 -0.1)
(0.775 0.25 -0.1)
(0.7875 0.25 -0.1)
(0.8 0.25 -0.1)
(0.8125 0.25 -0.1)
(0.825 0.25 -0.1)
(0.8375 0.25 -0.1)
(0.85 0.25 -0.1)
(0.8625 0.25 -0.1)
(0.875 0.25 -0.1)
(0.8875 0.25 -0.1)
(0.9 0.25 -0.1)
(0.9125 0.25 -0.1)
(0.925 0.25 -0.1)
(0.9375 0.25 -0.1)
(0.95 0.25 -0.1)
(0.9625 0.25 -0.1)
(0.975 0.25 -0.1)
(0.9875 0.25 -0.1)
(1 0.25 -0.1)
(0 0.2625 -0.1)
(0.0125 0.2625 -0.1)
(0.025 0.2625 -0.1)
(0.0375 0.2625 -0.1)
(0.05 0.2625 -0.1)
(0.0625 0.2625 -0.1)
(0.075 0.2625 -0.1)
(0.0875 0.2625 -0.1)
(0.1 0.2625 -0.1)
(0.1125 0.2625 -0.1)
(0.125 0.2625 -0.1)
(0.1375 0.2625 -0.1)
(0.15 0.2625 -0.1)
(0.1625 0.2625 -0.1)
(0.175 0.2625 -0.1)
(0.1875 0.2625 -0.1)
(0.2 0.2625 -0.1)
(0.2125 0.2625 -0.1)
(0.225 0.2625 -0.1)
(0.2375 0.2625 -0.1)
(0.25 0.2625 -0.1)
(0.2625 0.2625 -0.1)
(0.275 0.2625 -0.1)
(0.2875 0.2625 -0.1)
(0.3 0.2625 -0.1)
(0.3125 0.2625 -0.1)
(0.325 0.2625 -0.1)
(0.3375 0.2625 -0.1)
(0.35 0.2625 -0.1)
(0.3625 0.2625 -0.1)
(0.375 0.2625 -0.1)
(0.3875 0.2625 -0.1)
(0.4 0.2625 -0.1)
(0.4125 0.2625 -0.1)
(0.425 0.2625 -0.1)
(0.4375 0.2625 -0.1)
(0.45 0.2625 -0.1)
(0.4625 0.2625 -0.1)
(0.475 0.2625 -0.1)
(0.4875 0.2625 -0.1)
(0.5 0.2625 -0.1)
(0.5125 0.2625 -0.1)
(0.525 0.2625 -0.1)
(0.5375 0.2625 -0.1)
(0.55 0.2625 -0.1)
(0.5625 0.2625 -0.1)
(0.575 0.2625 -0.1)
(0.5875 0.2625 -0.1)
(0.6 0.2625 -0.1)
(0.6125 0.2625 -0.1)
(0.625 0.2625 -0.1)
(0.6375 0.2625 -0.1)
(0.65 0.2625 -0.1)
(0.6625 0.2625 -0.1)
(0.675 0.2625 -0.1)
(0.6875 0.2625 -0.1)
(0.7 0.2625 -0.1)
(0.7125 0.2625 -0.1)
(0.725 0.2625 -0.1)
(0.7375 0.2625 -0.1)
(0.75 0.2625 -0.1)
(0.7625 0.2625 -0.1)
(0.775 0.2625 -0.1)
(0.7875 0.2625 -0.1)
(0.8 0.2625 -0.1)
(0.8125 0.2625 -0.1)
(0.825 0.2625 -0.1)
(0.8375 0.2625 -0.1)
(0.85 0.2625 -0.1)
(0.8625 0.2625 -0.1)
(0.875 0.2625 -0.1)
(0.8875 0.2625 -0.1)
(0.9 0.2625 -0.1)
(0.9125 0.2625 -0.1)
(0.925 0.2625 -0.1)
(0.9375 0.2625 -0.1)
(0.95 0.2625 -0.1)
(0.9625 0.2625 -0.1)
(0.975 0.2625 -0.1)
(0.9875 0.2625 -0.1)
(1 0.2625 -0.1)
(0 0.275 -0.1)
(0.0125 0.275 -0.1)
(0.025 0.275 -0.1)
(0.0375 0.275 -0.1)
(0.05 0.275 -0.1)
(0.0625 0.275 -0.1)
(0.075 0.275 -0.1)
(0.0875 0.275 -0.1)
(0.1 0.275 -0.1)
(0.1125 0.275 -0.1)
(0.125 0.275 -0.1)
(0.1375 0.275 -0.1)
(0.15 0.275 -0.1)
(0.1625 0.275 -0.1)
(0.175 0.275 -0.1)
(0.1875 0.275 -0.1)
(0.2 0.275 -0.1)
(0.2125 0.275 -0.1)
(0.225 0.275 -0.1)
(0.2375 0.275 -0.1)
(0.25 0.275 -0.1)
(0.2625 0.275 -0.1)
(0.275 0.275 -0.1)
(0.2875 0.275 -0.1)
(0.3 0.275 -0.1)
(0.3125 0.275 -0.1)
(0.325 0.275 -0.1)
(0.3375 0.275 -0.1)
(0.35 0.275 -0.1)
(0.3625 0.275 -0.1)
(0.375 0.275 -0.1)
(0.3875 0.275 -0.1)
(0.4 0.275 -0.1)
(0.4125 0.275 -0.1)
(0.425 0.275 -0.1)
(0.4375 0.275 -0.1)
(0.45 0.275 -0.1)
(0.4625 0.275 -0.1)
(0.475 0.275 -0.1)
(0.4875 0.275 -0.1)
(0.5 0.275 -0.1)
(0.5125 0.275 -0.1)
(0.525 0.275 -0.1)
(0.5375 0.275 -0.1)
(0.55 0.275 -0.1)
(0.5625 0.275 -0.1)
(0.575 0.275 -0.1)
(0.5875 0.275 -0.1)
(0.6 0.275 -0.1)
(0.6125 0.275 -0.1)
(0.625 0.275 -0.1)
(0.6375 0.275 -0.1)
(0.65 0.275 -0.1)
(0.6625 0.275 -0.1)
(0.675 0.275 -0.1)
(0.6875 0.275 -0.1)
(0.7 0.275 -0.1)
(0.7125 0.275 -0.1)
(0.725 0.275 -0.1)
(0.7375 0.275 -0.1)
(0.75 0.275 -0.1)
(0.7625 0.275 -0.1)
(0.775 0.275 -0.1)
(0.7875 0.275 -0.1)
(0.8 0.275 -0.1)
(0.8125 0.275 -0.1)
(0.825 0.275 -0.1)
(0.8375 0.275 -0.1)
(0.85 0.275 -0.1)
(0.8625 0.275 -0.1)
(0.875 0.275 -0.1)
(0.8875 0.275 -0.1)
(0.9 0.275 -0.1)
(0.9125 0.275 -0.1)
(0.925 0.275 -0.1)
(0.9375 0.275 -0.1)
(0.95 0.275 -0.1)
(0.9625 0.275 -0.1)
(0.975 0.275 -0.1)
(0.9875 0.275 -0.1)
(1 0.275 -0.1)
(0 0.2875 -0.1)
(0.0125 0.2875 -0.1)
(0.025 0.2875 -0.1)
(0.0375 0.2875 -0.1)
(0.05 0.2875 -0.1)
(0.0625 0.2875 -0.1)
(0.075 0.2875 -0.1)
(0.0875 0.2875 -0.1)
(0.1 0.2875 -0.1)
(0.1125 0.2875 -0.1)
(0.125 0.2875 -0.1)
(0.1375 0.2875 -0.1)
(0.15 0.2875 -0.1)
(0.1625 0.2875 -0.1)
(0.175 0.2875 -0.1)
(0.1875 0.2875 -0.1)
(0.2 0.2875 -0.1)
(0.2125 0.2875 -0.1)
(0.225 0.2875 -0.1)
(0.2375 0.2875 -0.1)
(0.25 0.2875 -0.1)
(0.2625 0.2875 -0.1)
(0.275 0.2875 -0.1)
(0.2875 0.2875 -0.1)
(0.3 0.2875 -0.1)
(0.3125 0.2875 -0.1)
(0.325 0.2875 -0.1)
(0.3375 0.2875 -0.1)
(0.35 0.2875 -0.1)
(0.3625 0.2875 -0.1)
(0.375 0.2875 -0.1)
(0.3875 0.2875 -0.1)
(0.4 0.2875 -0.1)
(0.4125 0.2875 -0.1)
(0.425 0.2875 -0.1)
(0.4375 0.2875 -0.1)
(0.45 0.2875 -0.1)
(0.4625 0.2875 -0.1)
(0.475 0.2875 -0.1)
(0.4875 0.2875 -0.1)
(0.5 0.2875 -0.1)
(0.5125 0.2875 -0.1)
(0.525 0.2875 -0.1)
(0.5375 0.2875 -0.1)
(0.55 0.2875 -0.1)
(0.5625 0.2875 -0.1)
(0.575 0.2875 -0.1)
(0.5875 0.2875 -0.1)
(0.6 0.2875 -0.1)
(0.6125 0.2875 -0.1)
(0.625 0.2875 -0.1)
(0.6375 0.2875 -0.1)
(0.65 0.2875 -0.1)
(0.6625 0.2875 -0.1)
(0.675 0.2875 -0.1)
(0.6875 0.2875 -0.1)
(0.7 0.2875 -0.1)
(0.7125 0.2875 -0.1)
(0.725 0.2875 -0.1)
(0.7375 0.2875 -0.1)
(0.75 0.2875 -0.1)
(0.7625 0.2875 -0.1)
(0.775 0.2875 -0.1)
(0.7875 0.2875 -0.1)
(0.8 0.2875 -0.1)
(0.8125 0.2875 -0.1)
(0.825 0.2875 -0.1)
(0.8375 0.2875 -0.1)
(0.85 0.2875 -0.1)
(0.8625 0.2875 -0.1)
(0.875 0.2875 -0.1)
(0.8875 0.2875 -0.1)
(0.9 0.2875 -0.1)
(0.9125 0.2875 -0.1)
(0.925 0.2875 -0.1)
(0.9375 0.2875 -0.1)
(0.95 0.2875 -0.1)
(0.9625 0.2875 -0.1)
(0.975 0.2875 -0.1)
(0.9875 0.2875 -0.1)
(1 0.2875 -0.1)
(0 0.3 -0.1)
(0.0125 0.3 -0.1)
(0.025 0.3 -0.1)
(0.0375 0.3 -0.1)
(0.05 0.3 -0.1)
(0.0625 0.3 -0.1)
(0.075 0.3 -0.1)
(0.0875 0.3 -0.1)
(0.1 0.3 -0.1)
(0.1125 0.3 -0.1)
(0.125 0.3 -0.1)
(0.1375 0.3 -0.1)
(0.15 0.3 -0.1)
(0.1625 0.3 -0.1)
(0.175 0.3 -0.1)
(0.1875 0.3 -0.1)
(0.2 0.3 -0.1)
(0.2125 0.3 -0.1)
(0.225 0.3 -0.1)
(0.2375 0.3 -0.1)
(0.25 0.3 -0.1)
(0.2625 0.3 -0.1)
(0.275 0.3 -0.1)
(0.2875 0.3 -0.1)
(0.3 0.3 -0.1)
(0.3125 0.3 -0.1)
(0.325 0.3 -0.1)
(0.3375 0.3 -0.1)
(0.35 0.3 -0.1)
(0.3625 0.3 -0.1)
(0.375 0.3 -0.1)
(0.3875 0.3 -0.1)
(0.4 0.3 -0.1)
(0.4125 0.3 -0.1)
(0.425 0.3 -0.1)
(0.4375 0.3 -0.1)
(0.45 0.3 -0.1)
(0.4625 0.3 -0.1)
(0.475 0.3 -0.1)
(0.4875 0.3 -0.1)
(0.5 0.3 -0.1)
(0.5125 0.3 -0.1)
(0.525 0.3 -0.1)
(0.5375 0.3 -0.1)
(0.55 0.3 -0.1)
(0.5625 0.3 -0.1)
(0.575 0.3 -0.1)
(0.5875 0.3 -0.1)
(0.6 0.3 -0.1)
(0.6125 0.3 -0.1)
(0.625 0.3 -0.1)
(0.6375 0.3 -0.1)
(0.65 0.3 -0.1)
(0.6625 0.3 -0.1)
(0.675 0.3 -0.1)
(0.6875 0.3 -0.1)
(0.7 0.3 -0.1)
(0.7125 0.3 -0.1)
(0.725 0.3 -0.1)
(0.7375 0.3 -0.1)
(0.75 0.3 -0.1)
(0.7625 0.3 -0.1)
(0.775 0.3 -0.1)
(0.7875 0.3 -0.1)
(0.8 0.3 -0.1)
(0.8125 0.3 -0.1)
(0.825 0.3 -0.1)
(0.8375 0.3 -0.1)
(0.85 0.3 -0.1)
(0.8625 0.3 -0.1)
(0.875 0.3 -0.1)
(0.8875 0.3 -0.1)
(0.9 0.3 -0.1)
(0.9125 0.3 -0.1)
(0.925 0.3 -0.1)
(0.9375 0.3 -0.1)
(0.95 0.3 -0.1)
(0.9625 0.3 -0.1)
(0.975 0.3 -0.1)
(0.9875 0.3 -0.1)
(1 0.3 -0.1)
(0 0.3125 -0.1)
(0.0125 0.3125 -0.1)
(0.025 0.3125 -0.1)
(0.0375 0.3125 -0.1)
(0.05 0.3125 -0.1)
(0.0625 0.3125 -0.1)
(0.075 0.3125 -0.1)
(0.0875 0.3125 -0.1)
(0.1 0.3125 -0.1)
(0.1125 0.3125 -0.1)
(0.125 0.3125 -0.1)
(0.1375 0.3125 -0.1)
(0.15 0.3125 -0.1)
(0.1625 0.3125 -0.1)
(0.175 0.3125 -0.1)
(0.1875 0.3125 -0.1)
(0.2 0.3125 -0.1)
(0.2125 0.3125 -0.1)
(0.225 0.3125 -0.1)
(0.2375 0.3125 -0.1)
(0.25 0.3125 -0.1)
(0.2625 0.3125 -0.1)
(0.275 0.3125 -0.1)
(0.2875 0.3125 -0.1)
(0.3 0.3125 -0.1)
(0.3125 0.3125 -0.1)
(0.325 0.3125 -0.1)
(0.3375 0.3125 -0.1)
(0.35 0.3125 -0.1)
(0.3625 0.3125 -0.1)
(0.375 0.3125 -0.1)
(0.3875 0.3125 -0.1)
(0.4 0.3125 -0.1)
(0.4125 0.3125 -0.1)
(0.425 0.3125 -0.1)
(0.4375 0.3125 -0.1)
(0.45 0.3125 -0.1)
(0.4625 0.3125 -0.1)
(0.475 0.3125 -0.1)
(0.4875 0.3125 -0.1)
(0.5 0.3125 -0.1)
(0.5125 0.3125 -0.1)
(0.525 0.3125 -0.1)
(0.5375 0.3125 -0.1)
(0.55 0.3125 -0.1)
(0.5625 0.3125 -0.1)
(0.575 0.3125 -0.1)
(0.5875 0.3125 -0.1)
(0.6 0.3125 -0.1)
(0.6125 0.3125 -0.1)
(0.625 0.3125 -0.1)
(0.6375 0.3125 -0.1)
(0.65 0.3125 -0.1)
(0.6625 0.3125 -0.1)
(0.675 0.3125 -0.1)
(0.6875 0.3125 -0.1)
(0.7 0.3125 -0.1)
(0.7125 0.3125 -0.1)
(0.725 0.3125 -0.1)
(0.7375 0.3125 -0.1)
(0.75 0.3125 -0.1)
(0.7625 0.3125 -0.1)
(0.775 0.3125 -0.1)
(0.7875 0.3125 -0.1)
(0.8 0.3125 -0.1)
(0.8125 0.3125 -0.1)
(0.825 0.3125 -0.1)
(0.8375 0.3125 -0.1)
(0.85 0.3125 -0.1)
(0.8625 0.3125 -0.1)
(0.875 0.3125 -0.1)
(0.8875 0.3125 -0.1)
(0.9 0.3125 -0.1)
(0.9125 0.3125 -0.1)
(0.925 0.3125 -0.1)
(0.9375 0.3125 -0.1)
(0.95 0.3125 -0.1)
(0.9625 0.3125 -0.1)
(0.975 0.3125 -0.1)
(0.9875 0.3125 -0.1)
(1 0.3125 -0.1)
(0 0.325 -0.1)
(0.0125 0.325 -0.1)
(0.025 0.325 -0.1)
(0.0375 0.325 -0.1)
(0.05 0.325 -0.1)
(0.0625 0.325 -0.1)
(0.075 0.325 -0.1)
(0.0875 0.325 -0.1)
(0.1 0.325 -0.1)
(0.1125 0.325 -0.1)
(0.125 0.325 -0.1)
(0.1375 0.325 -0.1)
(0.15 0.325 -0.1)
(0.1625 0.325 -0.1)
(0.175 0.325 -0.1)
(0.1875 0.325 -0.1)
(0.2 0.325 -0.1)
(0.2125 0.325 -0.1)
(0.225 0.325 -0.1)
(0.2375 0.325 -0.1)
(0.25 0.325 -0.1)
(0.2625 0.325 -0.1)
(0.275 0.325 -0.1)
(0.2875 0.325 -0.1)
(0.3 0.325 -0.1)
(0.3125 0.325 -0.1)
(0.325 0.325 -0.1)
(0.3375 0.325 -0.1)
(0.35 0.325 -0.1)
(0.3625 0.325 -0.1)
(0.375 0.325 -0.1)
(0.3875 0.325 -0.1)
(0.4 0.325 -0.1)
(0.4125 0.325 -0.1)
(0.425 0.325 -0.1)
(0.4375 0.325 -0.1)
(0.45 0.325 -0.1)
(0.4625 0.325 -0.1)
(0.475 0.325 -0.1)
(0.4875 0.325 -0.1)
(0.5 0.325 -0.1)
(0.5125 0.325 -0.1)
(0.525 0.325 -0.1)
(0.5375 0.325 -0.1)
(0.55 0.325 -0.1)
(0.5625 0.325 -0.1)
(0.575 0.325 -0.1)
(0.5875 0.325 -0.1)
(0.6 0.325 -0.1)
(0.6125 0.325 -0.1)
(0.625 0.325 -0.1)
(0.6375 0.325 -0.1)
(0.65 0.325 -0.1)
(0.6625 0.325 -0.1)
(0.675 0.325 -0.1)
(0.6875 0.325 -0.1)
(0.7 0.325 -0.1)
(0.7125 0.325 -0.1)
(0.725 0.325 -0.1)
(0.7375 0.325 -0.1)
(0.75 0.325 -0.1)
(0.7625 0.325 -0.1)
(0.775 0.325 -0.1)
(0.7875 0.325 -0.1)
(0.8 0.325 -0.1)
(0.8125 0.325 -0.1)
(0.825 0.325 -0.1)
(0.8375 0.325 -0.1)
(0.85 0.325 -0.1)
(0.8625 0.325 -0.1)
(0.875 0.325 -0.1)
(0.8875 0.325 -0.1)
(0.9 0.325 -0.1)
(0.9125 0.325 -0.1)
(0.925 0.325 -0.1)
(0.9375 0.325 -0.1)
(0.95 0.325 -0.1)
(0.9625 0.325 -0.1)
(0.975 0.325 -0.1)
(0.9875 0.325 -0.1)
(1 0.325 -0.1)
(0 0.3375 -0.1)
(0.0125 0.3375 -0.1)
(0.025 0.3375 -0.1)
(0.0375 0.3375 -0.1)
(0.05 0.3375 -0.1)
(0.0625 0.3375 -0.1)
(0.075 0.3375 -0.1)
(0.0875 0.3375 -0.1)
(0.1 0.3375 -0.1)
(0.1125 0.3375 -0.1)
(0.125 0.3375 -0.1)
(0.1375 0.3375 -0.1)
(0.15 0.3375 -0.1)
(0.1625 0.3375 -0.1)
(0.175 0.3375 -0.1)
(0.1875 0.3375 -0.1)
(0.2 0.3375 -0.1)
(0.2125 0.3375 -0.1)
(0.225 0.3375 -0.1)
(0.2375 0.3375 -0.1)
(0.25 0.3375 -0.1)
(0.2625 0.3375 -0.1)
(0.275 0.3375 -0.1)
(0.2875 0.3375 -0.1)
(0.3 0.3375 -0.1)
(0.3125 0.3375 -0.1)
(0.325 0.3375 -0.1)
(0.3375 0.3375 -0.1)
(0.35 0.3375 -0.1)
(0.3625 0.3375 -0.1)
(0.375 0.3375 -0.1)
(0.3875 0.3375 -0.1)
(0.4 0.3375 -0.1)
(0.4125 0.3375 -0.1)
(0.425 0.3375 -0.1)
(0.4375 0.3375 -0.1)
(0.45 0.3375 -0.1)
(0.4625 0.3375 -0.1)
(0.475 0.3375 -0.1)
(0.4875 0.3375 -0.1)
(0.5 0.3375 -0.1)
(0.5125 0.3375 -0.1)
(0.525 0.3375 -0.1)
(0.5375 0.3375 -0.1)
(0.55 0.3375 -0.1)
(0.5625 0.3375 -0.1)
(0.575 0.3375 -0.1)
(0.5875 0.3375 -0.1)
(0.6 0.3375 -0.1)
(0.6125 0.3375 -0.1)
(0.625 0.3375 -0.1)
(0.6375 0.3375 -0.1)
(0.65 0.3375 -0.1)
(0.6625 0.3375 -0.1)
(0.675 0.3375 -0.1)
(0.6875 0.3375 -0.1)
(0.7 0.3375 -0.1)
(0.7125 0.3375 -0.1)
(0.725 0.3375 -0.1)
(0.7375 0.3375 -0.1)
(0.75 0.3375 -0.1)
(0.7625 0.3375 -0.1)
(0.775 0.3375 -0.1)
(0.7875 0.3375 -0.1)
(0.8 0.3375 -0.1)
(0.8125 0.3375 -0.1)
(0.825 0.3375 -0.1)
(0.8375 0.3375 -0.1)
(0.85 0.3375 -0.1)
(0.8625 0.3375 -0.1)
(0.875 0.3375 -0.1)
(0.8875 0.3375 -0.1)
(0.9 0.3375 -0.1)
(0.9125 0.3375 -0.1)
(0.925 0.3375 -0.1)
(0.9375 0.3375 -0.1)
(0.95 0.3375 -0.1)
(0.9625 0.3375 -0.1)
(0.975 0.3375 -0.1)
(0.9875 0.3375 -0.1)
(1 0.3375 -0.1)
(0 0.35 -0.1)
(0.0125 0.35 -0.1)
(0.025 0.35 -0.1)
(0.0375 0.35 -0.1)
(0.05 0.35 -0.1)
(0.0625 0.35 -0.1)
(0.075 0.35 -0.1)
(0.0875 0.35 -0.1)
(0.1 0.35 -0.1)
(0.1125 0.35 -0.1)
(0.125 0.35 -0.1)
(0.1375 0.35 -0.1)
(0.15 0.35 -0.1)
(0.1625 0.35 -0.1)
(0.175 0.35 -0.1)
(0.1875 0.35 -0.1)
(0.2 0.35 -0.1)
(0.2125 0.35 -0.1)
(0.225 0.35 -0.1)
(0.2375 0.35 -0.1)
(0.25 0.35 -0.1)
(0.2625 0.35 -0.1)
(0.275 0.35 -0.1)
(0.2875 0.35 -0.1)
(0.3 0.35 -0.1)
(0.3125 0.35 -0.1)
(0.325 0.35 -0.1)
(0.3375 0.35 -0.1)
(0.35 0.35 -0.1)
(0.3625 0.35 -0.1)
(0.375 0.35 -0.1)
(0.3875 0.35 -0.1)
(0.4 0.35 -0.1)
(0.4125 0.35 -0.1)
(0.425 0.35 -0.1)
(0.4375 0.35 -0.1)
(0.45 0.35 -0.1)
(0.4625 0.35 -0.1)
(0.475 0.35 -0.1)
(0.4875 0.35 -0.1)
(0.5 0.35 -0.1)
(0.5125 0.35 -0.1)
(0.525 0.35 -0.1)
(0.5375 0.35 -0.1)
(0.55 0.35 -0.1)
(0.5625 0.35 -0.1)
(0.575 0.35 -0.1)
(0.5875 0.35 -0.1)
(0.6 0.35 -0.1)
(0.6125 0.35 -0.1)
(0.625 0.35 -0.1)
(0.6375 0.35 -0.1)
(0.65 0.35 -0.1)
(0.6625 0.35 -0.1)
(0.675 0.35 -0.1)
(0.6875 0.35 -0.1)
(0.7 0.35 -0.1)
(0.7125 0.35 -0.1)
(0.725 0.35 -0.1)
(0.7375 0.35 -0.1)
(0.75 0.35 -0.1)
(0.7625 0.35 -0.1)
(0.775 0.35 -0.1)
(0.7875 0.35 -0.1)
(0.8 0.35 -0.1)
(0.8125 0.35 -0.1)
(0.825 0.35 -0.1)
(0.8375 0.35 -0.1)
(0.85 0.35 -0.1)
(0.8625 0.35 -0.1)
(0.875 0.35 -0.1)
(0.8875 0.35 -0.1)
(0.9 0.35 -0.1)
(0.9125 0.35 -0.1)
(0.925 0.35 -0.1)
(0.9375 0.35 -0.1)
(0.95 0.35 -0.1)
(0.9625 0.35 -0.1)
(0.975 0.35 -0.1)
(0.9875 0.35 -0.1)
(1 0.35 -0.1)
(0 0.3625 -0.1)
(0.0125 0.3625 -0.1)
(0.025 0.3625 -0.1)
(0.0375 0.3625 -0.1)
(0.05 0.3625 -0.1)
(0.0625 0.3625 -0.1)
(0.075 0.3625 -0.1)
(0.0875 0.3625 -0.1)
(0.1 0.3625 -0.1)
(0.1125 0.3625 -0.1)
(0.125 0.3625 -0.1)
(0.1375 0.3625 -0.1)
(0.15 0.3625 -0.1)
(0.1625 0.3625 -0.1)
(0.175 0.3625 -0.1)
(0.1875 0.3625 -0.1)
(0.2 0.3625 -0.1)
(0.2125 0.3625 -0.1)
(0.225 0.3625 -0.1)
(0.2375 0.3625 -0.1)
(0.25 0.3625 -0.1)
(0.2625 0.3625 -0.1)
(0.275 0.3625 -0.1)
(0.2875 0.3625 -0.1)
(0.3 0.3625 -0.1)
(0.3125 0.3625 -0.1)
(0.325 0.3625 -0.1)
(0.3375 0.3625 -0.1)
(0.35 0.3625 -0.1)
(0.3625 0.3625 -0.1)
(0.375 0.3625 -0.1)
(0.3875 0.3625 -0.1)
(0.4 0.3625 -0.1)
(0.4125 0.3625 -0.1)
(0.425 0.3625 -0.1)
(0.4375 0.3625 -0.1)
(0.45 0.3625 -0.1)
(0.4625 0.3625 -0.1)
(0.475 0.3625 -0.1)
(0.4875 0.3625 -0.1)
(0.5 0.3625 -0.1)
(0.5125 0.3625 -0.1)
(0.525 0.3625 -0.1)
(0.5375 0.3625 -0.1)
(0.55 0.3625 -0.1)
(0.5625 0.3625 -0.1)
(0.575 0.3625 -0.1)
(0.5875 0.3625 -0.1)
(0.6 0.3625 -0.1)
(0.6125 0.3625 -0.1)
(0.625 0.3625 -0.1)
(0.6375 0.3625 -0.1)
(0.65 0.3625 -0.1)
(0.6625 0.3625 -0.1)
(0.675 0.3625 -0.1)
(0.6875 0.3625 -0.1)
(0.7 0.3625 -0.1)
(0.7125 0.3625 -0.1)
(0.725 0.3625 -0.1)
(0.7375 0.3625 -0.1)
(0.75 0.3625 -0.1)
(0.7625 0.3625 -0.1)
(0.775 0.3625 -0.1)
(0.7875 0.3625 -0.1)
(0.8 0.3625 -0.1)
(0.8125 0.3625 -0.1)
(0.825 0.3625 -0.1)
(0.8375 0.3625 -0.1)
(0.85 0.3625 -0.1)
(0.8625 0.3625 -0.1)
(0.875 0.3625 -0.1)
(0.8875 0.3625 -0.1)
(0.9 0.3625 -0.1)
(0.9125 0.3625 -0.1)
(0.925 0.3625 -0.1)
(0.9375 0.3625 -0.1)
(0.95 0.3625 -0.1)
(0.9625 0.3625 -0.1)
(0.975 0.3625 -0.1)
(0.9875 0.3625 -0.1)
(1 0.3625 -0.1)
(0 0.375 -0.1)
(0.0125 0.375 -0.1)
(0.025 0.375 -0.1)
(0.0375 0.375 -0.1)
(0.05 0.375 -0.1)
(0.0625 0.375 -0.1)
(0.075 0.375 -0.1)
(0.0875 0.375 -0.1)
(0.1 0.375 -0.1)
(0.1125 0.375 -0.1)
(0.125 0.375 -0.1)
(0.1375 0.375 -0.1)
(0.15 0.375 -0.1)
(0.1625 0.375 -0.1)
(0.175 0.375 -0.1)
(0.1875 0.375 -0.1)
(0.2 0.375 -0.1)
(0.2125 0.375 -0.1)
(0.225 0.375 -0.1)
(0.2375 0.375 -0.1)
(0.25 0.375 -0.1)
(0.2625 0.375 -0.1)
(0.275 0.375 -0.1)
(0.2875 0.375 -0.1)
(0.3 0.375 -0.1)
(0.3125 0.375 -0.1)
(0.325 0.375 -0.1)
(0.3375 0.375 -0.1)
(0.35 0.375 -0.1)
(0.3625 0.375 -0.1)
(0.375 0.375 -0.1)
(0.3875 0.375 -0.1)
(0.4 0.375 -0.1)
(0.4125 0.375 -0.1)
(0.425 0.375 -0.1)
(0.4375 0.375 -0.1)
(0.45 0.375 -0.1)
(0.4625 0.375 -0.1)
(0.475 0.375 -0.1)
(0.4875 0.375 -0.1)
(0.5 0.375 -0.1)
(0.5125 0.375 -0.1)
(0.525 0.375 -0.1)
(0.5375 0.375 -0.1)
(0.55 0.375 -0.1)
(0.5625 0.375 -0.1)
(0.575 0.375 -0.1)
(0.5875 0.375 -0.1)
(0.6 0.375 -0.1)
(0.6125 0.375 -0.1)
(0.625 0.375 -0.1)
(0.6375 0.375 -0.1)
(0.65 0.375 -0.1)
(0.6625 0.375 -0.1)
(0.675 0.375 -0.1)
(0.6875 0.375 -0.1)
(0.7 0.375 -0.1)
(0.7125 0.375 -0.1)
(0.725 0.375 -0.1)
(0.7375 0.375 -0.1)
(0.75 0.375 -0.1)
(0.7625 0.375 -0.1)
(0.775 0.375 -0.1)
(0.7875 0.375 -0.1)
(0.8 0.375 -0.1)
(0.8125 0.375 -0.1)
(0.825 0.375 -0.1)
(0.8375 0.375 -0.1)
(0.85 0.375 -0.1)
(0.8625 0.375 -0.1)
(0.875 0.375 -0.1)
(0.8875 0.375 -0.1)
(0.9 0.375 -0.1)
(0.9125 0.375 -0.1)
(0.925 0.375 -0.1)
(0.9375 0.375 -0.1)
(0.95 0.375 -0.1)
(0.9625 0.375 -0.1)
(0.975 0.375 -0.1)
(0.9875 0.375 -0.1)
(1 0.375 -0.1)
(0 0.3875 -0.1)
(0.0125 0.3875 -0.1)
(0.025 0.3875 -0.1)
(0.0375 0.3875 -0.1)
(0.05 0.3875 -0.1)
(0.0625 0.3875 -0.1)
(0.075 0.3875 -0.1)
(0.0875 0.3875 -0.1)
(0.1 0.3875 -0.1)
(0.1125 0.3875 -0.1)
(0.125 0.3875 -0.1)
(0.1375 0.3875 -0.1)
(0.15 0.3875 -0.1)
(0.1625 0.3875 -0.1)
(0.175 0.3875 -0.1)
(0.1875 0.3875 -0.1)
(0.2 0.3875 -0.1)
(0.2125 0.3875 -0.1)
(0.225 0.3875 -0.1)
(0.2375 0.3875 -0.1)
(0.25 0.3875 -0.1)
(0.2625 0.3875 -0.1)
(0.275 0.3875 -0.1)
(0.2875 0.3875 -0.1)
(0.3 0.3875 -0.1)
(0.3125 0.3875 -0.1)
(0.325 0.3875 -0.1)
(0.3375 0.3875 -0.1)
(0.35 0.3875 -0.1)
(0.3625 0.3875 -0.1)
(0.375 0.3875 -0.1)
(0.3875 0.3875 -0.1)
(0.4 0.3875 -0.1)
(0.4125 0.3875 -0.1)
(0.425 0.3875 -0.1)
(0.4375 0.3875 -0.1)
(0.45 0.3875 -0.1)
(0.4625 0.3875 -0.1)
(0.475 0.3875 -0.1)
(0.4875 0.3875 -0.1)
(0.5 0.3875 -0.1)
(0.5125 0.3875 -0.1)
(0.525 0.3875 -0.1)
(0.5375 0.3875 -0.1)
(0.55 0.3875 -0.1)
(0.5625 0.3875 -0.1)
(0.575 0.3875 -0.1)
(0.5875 0.3875 -0.1)
(0.6 0.3875 -0.1)
(0.6125 0.3875 -0.1)
(0.625 0.3875 -0.1)
(0.6375 0.3875 -0.1)
(0.65 0.3875 -0.1)
(0.6625 0.3875 -0.1)
(0.675 0.3875 -0.1)
(0.6875 0.3875 -0.1)
(0.7 0.3875 -0.1)
(0.7125 0.3875 -0.1)
(0.725 0.3875 -0.1)
(0.7375 0.3875 -0.1)
(0.75 0.3875 -0.1)
(0.7625 0.3875 -0.1)
(0.775 0.3875 -0.1)
(0.7875 0.3875 -0.1)
(0.8 0.3875 -0.1)
(0.8125 0.3875 -0.1)
(0.825 0.3875 -0.1)
(0.8375 0.3875 -0.1)
(0.85 0.3875 -0.1)
(0.8625 0.3875 -0.1)
(0.875 0.3875 -0.1)
(0.8875 0.3875 -0.1)
(0.9 0.3875 -0.1)
(0.9125 0.3875 -0.1)
(0.925 0.3875 -0.1)
(0.9375 0.3875 -0.1)
(0.95 0.3875 -0.1)
(0.9625 0.3875 -0.1)
(0.975 0.3875 -0.1)
(0.9875 0.3875 -0.1)
(1 0.3875 -0.1)
(0 0.4 -0.1)
(0.0125 0.4 -0.1)
(0.025 0.4 -0.1)
(0.0375 0.4 -0.1)
(0.05 0.4 -0.1)
(0.0625 0.4 -0.1)
(0.075 0.4 -0.1)
(0.0875 0.4 -0.1)
(0.1 0.4 -0.1)
(0.1125 0.4 -0.1)
(0.125 0.4 -0.1)
(0.1375 0.4 -0.1)
(0.15 0.4 -0.1)
(0.1625 0.4 -0.1)
(0.175 0.4 -0.1)
(0.1875 0.4 -0.1)
(0.2 0.4 -0.1)
(0.2125 0.4 -0.1)
(0.225 0.4 -0.1)
(0.2375 0.4 -0.1)
(0.25 0.4 -0.1)
(0.2625 0.4 -0.1)
(0.275 0.4 -0.1)
(0.2875 0.4 -0.1)
(0.3 0.4 -0.1)
(0.3125 0.4 -0.1)
(0.325 0.4 -0.1)
(0.3375 0.4 -0.1)
(0.35 0.4 -0.1)
(0.3625 0.4 -0.1)
(0.375 0.4 -0.1)
(0.3875 0.4 -0.1)
(0.4 0.4 -0.1)
(0.4125 0.4 -0.1)
(0.425 0.4 -0.1)
(0.4375 0.4 -0.1)
(0.45 0.4 -0.1)
(0.4625 0.4 -0.1)
(0.475 0.4 -0.1)
(0.4875 0.4 -0.1)
(0.5 0.4 -0.1)
(0.5125 0.4 -0.1)
(0.525 0.4 -0.1)
(0.5375 0.4 -0.1)
(0.55 0.4 -0.1)
(0.5625 0.4 -0.1)
(0.575 0.4 -0.1)
(0.5875 0.4 -0.1)
(0.6 0.4 -0.1)
(0.6125 0.4 -0.1)
(0.625 0.4 -0.1)
(0.6375 0.4 -0.1)
(0.65 0.4 -0.1)
(0.6625 0.4 -0.1)
(0.675 0.4 -0.1)
(0.6875 0.4 -0.1)
(0.7 0.4 -0.1)
(0.7125 0.4 -0.1)
(0.725 0.4 -0.1)
(0.7375 0.4 -0.1)
(0.75 0.4 -0.1)
(0.7625 0.4 -0.1)
(0.775 0.4 -0.1)
(0.7875 0.4 -0.1)
(0.8 0.4 -0.1)
(0.8125 0.4 -0.1)
(0.825 0.4 -0.1)
(0.8375 0.4 -0.1)
(0.85 0.4 -0.1)
(0.8625 0.4 -0.1)
(0.875 0.4 -0.1)
(0.8875 0.4 -0.1)
(0.9 0.4 -0.1)
(0.9125 0.4 -0.1)
(0.925 0.4 -0.1)
(0.9375 0.4 -0.1)
(0.95 0.4 -0.1)
(0.9625 0.4 -0.1)
(0.975 0.4 -0.1)
(0.9875 0.4 -0.1)
(1 0.4 -0.1)
(0 0.4125 -0.1)
(0.0125 0.4125 -0.1)
(0.025 0.4125 -0.1)
(0.0375 0.4125 -0.1)
(0.05 0.4125 -0.1)
(0.0625 0.4125 -0.1)
(0.075 0.4125 -0.1)
(0.0875 0.4125 -0.1)
(0.1 0.4125 -0.1)
(0.1125 0.4125 -0.1)
(0.125 0.4125 -0.1)
(0.1375 0.4125 -0.1)
(0.15 0.4125 -0.1)
(0.1625 0.4125 -0.1)
(0.175 0.4125 -0.1)
(0.1875 0.4125 -0.1)
(0.2 0.4125 -0.1)
(0.2125 0.4125 -0.1)
(0.225 0.4125 -0.1)
(0.2375 0.4125 -0.1)
(0.25 0.4125 -0.1)
(0.2625 0.4125 -0.1)
(0.275 0.4125 -0.1)
(0.2875 0.4125 -0.1)
(0.3 0.4125 -0.1)
(0.3125 0.4125 -0.1)
(0.325 0.4125 -0.1)
(0.3375 0.4125 -0.1)
(0.35 0.4125 -0.1)
(0.3625 0.4125 -0.1)
(0.375 0.4125 -0.1)
(0.3875 0.4125 -0.1)
(0.4 0.4125 -0.1)
(0.4125 0.4125 -0.1)
(0.425 0.4125 -0.1)
(0.4375 0.4125 -0.1)
(0.45 0.4125 -0.1)
(0.4625 0.4125 -0.1)
(0.475 0.4125 -0.1)
(0.4875 0.4125 -0.1)
(0.5 0.4125 -0.1)
(0.5125 0.4125 -0.1)
(0.525 0.4125 -0.1)
(0.5375 0.4125 -0.1)
(0.55 0.4125 -0.1)
(0.5625 0.4125 -0.1)
(0.575 0.4125 -0.1)
(0.5875 0.4125 -0.1)
(0.6 0.4125 -0.1)
(0.6125 0.4125 -0.1)
(0.625 0.4125 -0.1)
(0.6375 0.4125 -0.1)
(0.65 0.4125 -0.1)
(0.6625 0.4125 -0.1)
(0.675 0.4125 -0.1)
(0.6875 0.4125 -0.1)
(0.7 0.4125 -0.1)
(0.7125 0.4125 -0.1)
(0.725 0.4125 -0.1)
(0.7375 0.4125 -0.1)
(0.75 0.4125 -0.1)
(0.7625 0.4125 -0.1)
(0.775 0.4125 -0.1)
(0.7875 0.4125 -0.1)
(0.8 0.4125 -0.1)
(0.8125 0.4125 -0.1)
(0.825 0.4125 -0.1)
(0.8375 0.4125 -0.1)
(0.85 0.4125 -0.1)
(0.8625 0.4125 -0.1)
(0.875 0.4125 -0.1)
(0.8875 0.4125 -0.1)
(0.9 0.4125 -0.1)
(0.9125 0.4125 -0.1)
(0.925 0.4125 -0.1)
(0.9375 0.4125 -0.1)
(0.95 0.4125 -0.1)
(0.9625 0.4125 -0.1)
(0.975 0.4125 -0.1)
(0.9875 0.4125 -0.1)
(1 0.4125 -0.1)
(0 0.425 -0.1)
(0.0125 0.425 -0.1)
(0.025 0.425 -0.1)
(0.0375 0.425 -0.1)
(0.05 0.425 -0.1)
(0.0625 0.425 -0.1)
(0.075 0.425 -0.1)
(0.0875 0.425 -0.1)
(0.1 0.425 -0.1)
(0.1125 0.425 -0.1)
(0.125 0.425 -0.1)
(0.1375 0.425 -0.1)
(0.15 0.425 -0.1)
(0.1625 0.425 -0.1)
(0.175 0.425 -0.1)
(0.1875 0.425 -0.1)
(0.2 0.425 -0.1)
(0.2125 0.425 -0.1)
(0.225 0.425 -0.1)
(0.2375 0.425 -0.1)
(0.25 0.425 -0.1)
(0.2625 0.425 -0.1)
(0.275 0.425 -0.1)
(0.2875 0.425 -0.1)
(0.3 0.425 -0.1)
(0.3125 0.425 -0.1)
(0.325 0.425 -0.1)
(0.3375 0.425 -0.1)
(0.35 0.425 -0.1)
(0.3625 0.425 -0.1)
(0.375 0.425 -0.1)
(0.3875 0.425 -0.1)
(0.4 0.425 -0.1)
(0.4125 0.425 -0.1)
(0.425 0.425 -0.1)
(0.4375 0.425 -0.1)
(0.45 0.425 -0.1)
(0.4625 0.425 -0.1)
(0.475 0.425 -0.1)
(0.4875 0.425 -0.1)
(0.5 0.425 -0.1)
(0.5125 0.425 -0.1)
(0.525 0.425 -0.1)
(0.5375 0.425 -0.1)
(0.55 0.425 -0.1)
(0.5625 0.425 -0.1)
(0.575 0.425 -0.1)
(0.5875 0.425 -0.1)
(0.6 0.425 -0.1)
(0.6125 0.425 -0.1)
(0.625 0.425 -0.1)
(0.6375 0.425 -0.1)
(0.65 0.425 -0.1)
(0.6625 0.425 -0.1)
(0.675 0.425 -0.1)
(0.6875 0.425 -0.1)
(0.7 0.425 -0.1)
(0.7125 0.425 -0.1)
(0.725 0.425 -0.1)
(0.7375 0.425 -0.1)
(0.75 0.425 -0.1)
(0.7625 0.425 -0.1)
(0.775 0.425 -0.1)
(0.7875 0.425 -0.1)
(0.8 0.425 -0.1)
(0.8125 0.425 -0.1)
(0.825 0.425 -0.1)
(0.8375 0.425 -0.1)
(0.85 0.425 -0.1)
(0.8625 0.425 -0.1)
(0.875 0.425 -0.1)
(0.8875 0.425 -0.1)
(0.9 0.425 -0.1)
(0.9125 0.425 -0.1)
(0.925 0.425 -0.1)
(0.9375 0.425 -0.1)
(0.95 0.425 -0.1)
(0.9625 0.425 -0.1)
(0.975 0.425 -0.1)
(0.9875 0.425 -0.1)
(1 0.425 -0.1)
(0 0.4375 -0.1)
(0.0125 0.4375 -0.1)
(0.025 0.4375 -0.1)
(0.0375 0.4375 -0.1)
(0.05 0.4375 -0.1)
(0.0625 0.4375 -0.1)
(0.075 0.4375 -0.1)
(0.0875 0.4375 -0.1)
(0.1 0.4375 -0.1)
(0.1125 0.4375 -0.1)
(0.125 0.4375 -0.1)
(0.1375 0.4375 -0.1)
(0.15 0.4375 -0.1)
(0.1625 0.4375 -0.1)
(0.175 0.4375 -0.1)
(0.1875 0.4375 -0.1)
(0.2 0.4375 -0.1)
(0.2125 0.4375 -0.1)
(0.225 0.4375 -0.1)
(0.2375 0.4375 -0.1)
(0.25 0.4375 -0.1)
(0.2625 0.4375 -0.1)
(0.275 0.4375 -0.1)
(0.2875 0.4375 -0.1)
(0.3 0.4375 -0.1)
(0.3125 0.4375 -0.1)
(0.325 0.4375 -0.1)
(0.3375 0.4375 -0.1)
(0.35 0.4375 -0.1)
(0.3625 0.4375 -0.1)
(0.375 0.4375 -0.1)
(0.3875 0.4375 -0.1)
(0.4 0.4375 -0.1)
(0.4125 0.4375 -0.1)
(0.425 0.4375 -0.1)
(0.4375 0.4375 -0.1)
(0.45 0.4375 -0.1)
(0.4625 0.4375 -0.1)
(0.475 0.4375 -0.1)
(0.4875 0.4375 -0.1)
(0.5 0.4375 -0.1)
(0.5125 0.4375 -0.1)
(0.525 0.4375 -0.1)
(0.5375 0.4375 -0.1)
(0.55 0.4375 -0.1)
(0.5625 0.4375 -0.1)
(0.575 0.4375 -0.1)
(0.5875 0.4375 -0.1)
(0.6 0.4375 -0.1)
(0.6125 0.4375 -0.1)
(0.625 0.4375 -0.1)
(0.6375 0.4375 -0.1)
(0.65 0.4375 -0.1)
(0.6625 0.4375 -0.1)
(0.675 0.4375 -0.1)
(0.6875 0.4375 -0.1)
(0.7 0.4375 -0.1)
(0.7125 0.4375 -0.1)
(0.725 0.4375 -0.1)
(0.7375 0.4375 -0.1)
(0.75 0.4375 -0.1)
(0.7625 0.4375 -0.1)
(0.775 0.4375 -0.1)
(0.7875 0.4375 -0.1)
(0.8 0.4375 -0.1)
(0.8125 0.4375 -0.1)
(0.825 0.4375 -0.1)
(0.8375 0.4375 -0.1)
(0.85 0.4375 -0.1)
(0.8625 0.4375 -0.1)
(0.875 0.4375 -0.1)
(0.8875 0.4375 -0.1)
(0.9 0.4375 -0.1)
(0.9125 0.4375 -0.1)
(0.925 0.4375 -0.1)
(0.9375 0.4375 -0.1)
(0.95 0.4375 -0.1)
(0.9625 0.4375 -0.1)
(0.975 0.4375 -0.1)
(0.9875 0.4375 -0.1)
(1 0.4375 -0.1)
(0 0.45 -0.1)
(0.0125 0.45 -0.1)
(0.025 0.45 -0.1)
(0.0375 0.45 -0.1)
(0.05 0.45 -0.1)
(0.0625 0.45 -0.1)
(0.075 0.45 -0.1)
(0.0875 0.45 -0.1)
(0.1 0.45 -0.1)
(0.1125 0.45 -0.1)
(0.125 0.45 -0.1)
(0.1375 0.45 -0.1)
(0.15 0.45 -0.1)
(0.1625 0.45 -0.1)
(0.175 0.45 -0.1)
(0.1875 0.45 -0.1)
(0.2 0.45 -0.1)
(0.2125 0.45 -0.1)
(0.225 0.45 -0.1)
(0.2375 0.45 -0.1)
(0.25 0.45 -0.1)
(0.2625 0.45 -0.1)
(0.275 0.45 -0.1)
(0.2875 0.45 -0.1)
(0.3 0.45 -0.1)
(0.3125 0.45 -0.1)
(0.325 0.45 -0.1)
(0.3375 0.45 -0.1)
(0.35 0.45 -0.1)
(0.3625 0.45 -0.1)
(0.375 0.45 -0.1)
(0.3875 0.45 -0.1)
(0.4 0.45 -0.1)
(0.4125 0.45 -0.1)
(0.425 0.45 -0.1)
(0.4375 0.45 -0.1)
(0.45 0.45 -0.1)
(0.4625 0.45 -0.1)
(0.475 0.45 -0.1)
(0.4875 0.45 -0.1)
(0.5 0.45 -0.1)
(0.5125 0.45 -0.1)
(0.525 0.45 -0.1)
(0.5375 0.45 -0.1)
(0.55 0.45 -0.1)
(0.5625 0.45 -0.1)
(0.575 0.45 -0.1)
(0.5875 0.45 -0.1)
(0.6 0.45 -0.1)
(0.6125 0.45 -0.1)
(0.625 0.45 -0.1)
(0.6375 0.45 -0.1)
(0.65 0.45 -0.1)
(0.6625 0.45 -0.1)
(0.675 0.45 -0.1)
(0.6875 0.45 -0.1)
(0.7 0.45 -0.1)
(0.7125 0.45 -0.1)
(0.725 0.45 -0.1)
(0.7375 0.45 -0.1)
(0.75 0.45 -0.1)
(0.7625 0.45 -0.1)
(0.775 0.45 -0.1)
(0.7875 0.45 -0.1)
(0.8 0.45 -0.1)
(0.8125 0.45 -0.1)
(0.825 0.45 -0.1)
(0.8375 0.45 -0.1)
(0.85 0.45 -0.1)
(0.8625 0.45 -0.1)
(0.875 0.45 -0.1)
(0.8875 0.45 -0.1)
(0.9 0.45 -0.1)
(0.9125 0.45 -0.1)
(0.925 0.45 -0.1)
(0.9375 0.45 -0.1)
(0.95 0.45 -0.1)
(0.9625 0.45 -0.1)
(0.975 0.45 -0.1)
(0.9875 0.45 -0.1)
(1 0.45 -0.1)
(0 0.4625 -0.1)
(0.0125 0.4625 -0.1)
(0.025 0.4625 -0.1)
(0.0375 0.4625 -0.1)
(0.05 0.4625 -0.1)
(0.0625 0.4625 -0.1)
(0.075 0.4625 -0.1)
(0.0875 0.4625 -0.1)
(0.1 0.4625 -0.1)
(0.1125 0.4625 -0.1)
(0.125 0.4625 -0.1)
(0.1375 0.4625 -0.1)
(0.15 0.4625 -0.1)
(0.1625 0.4625 -0.1)
(0.175 0.4625 -0.1)
(0.1875 0.4625 -0.1)
(0.2 0.4625 -0.1)
(0.2125 0.4625 -0.1)
(0.225 0.4625 -0.1)
(0.2375 0.4625 -0.1)
(0.25 0.4625 -0.1)
(0.2625 0.4625 -0.1)
(0.275 0.4625 -0.1)
(0.2875 0.4625 -0.1)
(0.3 0.4625 -0.1)
(0.3125 0.4625 -0.1)
(0.325 0.4625 -0.1)
(0.3375 0.4625 -0.1)
(0.35 0.4625 -0.1)
(0.3625 0.4625 -0.1)
(0.375 0.4625 -0.1)
(0.3875 0.4625 -0.1)
(0.4 0.4625 -0.1)
(0.4125 0.4625 -0.1)
(0.425 0.4625 -0.1)
(0.4375 0.4625 -0.1)
(0.45 0.4625 -0.1)
(0.4625 0.4625 -0.1)
(0.475 0.4625 -0.1)
(0.4875 0.4625 -0.1)
(0.5 0.4625 -0.1)
(0.5125 0.4625 -0.1)
(0.525 0.4625 -0.1)
(0.5375 0.4625 -0.1)
(0.55 0.4625 -0.1)
(0.5625 0.4625 -0.1)
(0.575 0.4625 -0.1)
(0.5875 0.4625 -0.1)
(0.6 0.4625 -0.1)
(0.6125 0.4625 -0.1)
(0.625 0.4625 -0.1)
(0.6375 0.4625 -0.1)
(0.65 0.4625 -0.1)
(0.6625 0.4625 -0.1)
(0.675 0.4625 -0.1)
(0.6875 0.4625 -0.1)
(0.7 0.4625 -0.1)
(0.7125 0.4625 -0.1)
(0.725 0.4625 -0.1)
(0.7375 0.4625 -0.1)
(0.75 0.4625 -0.1)
(0.7625 0.4625 -0.1)
(0.775 0.4625 -0.1)
(0.7875 0.4625 -0.1)
(0.8 0.4625 -0.1)
(0.8125 0.4625 -0.1)
(0.825 0.4625 -0.1)
(0.8375 0.4625 -0.1)
(0.85 0.4625 -0.1)
(0.8625 0.4625 -0.1)
(0.875 0.4625 -0.1)
(0.8875 0.4625 -0.1)
(0.9 0.4625 -0.1)
(0.9125 0.4625 -0.1)
(0.925 0.4625 -0.1)
(0.9375 0.4625 -0.1)
(0.95 0.4625 -0.1)
(0.9625 0.4625 -0.1)
(0.975 0.4625 -0.1)
(0.9875 0.4625 -0.1)
(1 0.4625 -0.1)
(0 0.475 -0.1)
(0.0125 0.475 -0.1)
(0.025 0.475 -0.1)
(0.0375 0.475 -0.1)
(0.05 0.475 -0.1)
(0.0625 0.475 -0.1)
(0.075 0.475 -0.1)
(0.0875 0.475 -0.1)
(0.1 0.475 -0.1)
(0.1125 0.475 -0.1)
(0.125 0.475 -0.1)
(0.1375 0.475 -0.1)
(0.15 0.475 -0.1)
(0.1625 0.475 -0.1)
(0.175 0.475 -0.1)
(0.1875 0.475 -0.1)
(0.2 0.475 -0.1)
(0.2125 0.475 -0.1)
(0.225 0.475 -0.1)
(0.2375 0.475 -0.1)
(0.25 0.475 -0.1)
(0.2625 0.475 -0.1)
(0.275 0.475 -0.1)
(0.2875 0.475 -0.1)
(0.3 0.475 -0.1)
(0.3125 0.475 -0.1)
(0.325 0.475 -0.1)
(0.3375 0.475 -0.1)
(0.35 0.475 -0.1)
(0.3625 0.475 -0.1)
(0.375 0.475 -0.1)
(0.3875 0.475 -0.1)
(0.4 0.475 -0.1)
(0.4125 0.475 -0.1)
(0.425 0.475 -0.1)
(0.4375 0.475 -0.1)
(0.45 0.475 -0.1)
(0.4625 0.475 -0.1)
(0.475 0.475 -0.1)
(0.4875 0.475 -0.1)
(0.5 0.475 -0.1)
(0.5125 0.475 -0.1)
(0.525 0.475 -0.1)
(0.5375 0.475 -0.1)
(0.55 0.475 -0.1)
(0.5625 0.475 -0.1)
(0.575 0.475 -0.1)
(0.5875 0.475 -0.1)
(0.6 0.475 -0.1)
(0.6125 0.475 -0.1)
(0.625 0.475 -0.1)
(0.6375 0.475 -0.1)
(0.65 0.475 -0.1)
(0.6625 0.475 -0.1)
(0.675 0.475 -0.1)
(0.6875 0.475 -0.1)
(0.7 0.475 -0.1)
(0.7125 0.475 -0.1)
(0.725 0.475 -0.1)
(0.7375 0.475 -0.1)
(0.75 0.475 -0.1)
(0.7625 0.475 -0.1)
(0.775 0.475 -0.1)
(0.7875 0.475 -0.1)
(0.8 0.475 -0.1)
(0.8125 0.475 -0.1)
(0.825 0.475 -0.1)
(0.8375 0.475 -0.1)
(0.85 0.475 -0.1)
(0.8625 0.475 -0.1)
(0.875 0.475 -0.1)
(0.8875 0.475 -0.1)
(0.9 0.475 -0.1)
(0.9125 0.475 -0.1)
(0.925 0.475 -0.1)
(0.9375 0.475 -0.1)
(0.95 0.475 -0.1)
(0.9625 0.475 -0.1)
(0.975 0.475 -0.1)
(0.9875 0.475 -0.1)
(1 0.475 -0.1)
(0 0.4875 -0.1)
(0.0125 0.4875 -0.1)
(0.025 0.4875 -0.1)
(0.0375 0.4875 -0.1)
(0.05 0.4875 -0.1)
(0.0625 0.4875 -0.1)
(0.075 0.4875 -0.1)
(0.0875 0.4875 -0.1)
(0.1 0.4875 -0.1)
(0.1125 0.4875 -0.1)
(0.125 0.4875 -0.1)
(0.1375 0.4875 -0.1)
(0.15 0.4875 -0.1)
(0.1625 0.4875 -0.1)
(0.175 0.4875 -0.1)
(0.1875 0.4875 -0.1)
(0.2 0.4875 -0.1)
(0.2125 0.4875 -0.1)
(0.225 0.4875 -0.1)
(0.2375 0.4875 -0.1)
(0.25 0.4875 -0.1)
(0.2625 0.4875 -0.1)
(0.275 0.4875 -0.1)
(0.2875 0.4875 -0.1)
(0.3 0.4875 -0.1)
(0.3125 0.4875 -0.1)
(0.325 0.4875 -0.1)
(0.3375 0.4875 -0.1)
(0.35 0.4875 -0.1)
(0.3625 0.4875 -0.1)
(0.375 0.4875 -0.1)
(0.3875 0.4875 -0.1)
(0.4 0.4875 -0.1)
(0.4125 0.4875 -0.1)
(0.425 0.4875 -0.1)
(0.4375 0.4875 -0.1)
(0.45 0.4875 -0.1)
(0.4625 0.4875 -0.1)
(0.475 0.4875 -0.1)
(0.4875 0.4875 -0.1)
(0.5 0.4875 -0.1)
(0.5125 0.4875 -0.1)
(0.525 0.4875 -0.1)
(0.5375 0.4875 -0.1)
(0.55 0.4875 -0.1)
(0.5625 0.4875 -0.1)
(0.575 0.4875 -0.1)
(0.5875 0.4875 -0.1)
(0.6 0.4875 -0.1)
(0.6125 0.4875 -0.1)
(0.625 0.4875 -0.1)
(0.6375 0.4875 -0.1)
(0.65 0.4875 -0.1)
(0.6625 0.4875 -0.1)
(0.675 0.4875 -0.1)
(0.6875 0.4875 -0.1)
(0.7 0.4875 -0.1)
(0.7125 0.4875 -0.1)
(0.725 0.4875 -0.1)
(0.7375 0.4875 -0.1)
(0.75 0.4875 -0.1)
(0.7625 0.4875 -0.1)
(0.775 0.4875 -0.1)
(0.7875 0.4875 -0.1)
(0.8 0.4875 -0.1)
(0.8125 0.4875 -0.1)
(0.825 0.4875 -0.1)
(0.8375 0.4875 -0.1)
(0.85 0.4875 -0.1)
(0.8625 0.4875 -0.1)
(0.875 0.4875 -0.1)
(0.8875 0.4875 -0.1)
(0.9 0.4875 -0.1)
(0.9125 0.4875 -0.1)
(0.925 0.4875 -0.1)
(0.9375 0.4875 -0.1)
(0.95 0.4875 -0.1)
(0.9625 0.4875 -0.1)
(0.975 0.4875 -0.1)
(0.9875 0.4875 -0.1)
(1 0.4875 -0.1)
(0 0.5 -0.1)
(0.0125 0.5 -0.1)
(0.025 0.5 -0.1)
(0.0375 0.5 -0.1)
(0.05 0.5 -0.1)
(0.0625 0.5 -0.1)
(0.075 0.5 -0.1)
(0.0875 0.5 -0.1)
(0.1 0.5 -0.1)
(0.1125 0.5 -0.1)
(0.125 0.5 -0.1)
(0.1375 0.5 -0.1)
(0.15 0.5 -0.1)
(0.1625 0.5 -0.1)
(0.175 0.5 -0.1)
(0.1875 0.5 -0.1)
(0.2 0.5 -0.1)
(0.2125 0.5 -0.1)
(0.225 0.5 -0.1)
(0.2375 0.5 -0.1)
(0.25 0.5 -0.1)
(0.2625 0.5 -0.1)
(0.275 0.5 -0.1)
(0.2875 0.5 -0.1)
(0.3 0.5 -0.1)
(0.3125 0.5 -0.1)
(0.325 0.5 -0.1)
(0.3375 0.5 -0.1)
(0.35 0.5 -0.1)
(0.3625 0.5 -0.1)
(0.375 0.5 -0.1)
(0.3875 0.5 -0.1)
(0.4 0.5 -0.1)
(0.4125 0.5 -0.1)
(0.425 0.5 -0.1)
(0.4375 0.5 -0.1)
(0.45 0.5 -0.1)
(0.4625 0.5 -0.1)
(0.475 0.5 -0.1)
(0.4875 0.5 -0.1)
(0.5 0.5 -0.1)
(0.5125 0.5 -0.1)
(0.525 0.5 -0.1)
(0.5375 0.5 -0.1)
(0.55 0.5 -0.1)
(0.5625 0.5 -0.1)
(0.575 0.5 -0.1)
(0.5875 0.5 -0.1)
(0.6 0.5 -0.1)
(0.6125 0.5 -0.1)
(0.625 0.5 -0.1)
(0.6375 0.5 -0.1)
(0.65 0.5 -0.1)
(0.6625 0.5 -0.1)
(0.675 0.5 -0.1)
(0.6875 0.5 -0.1)
(0.7 0.5 -0.1)
(0.7125 0.5 -0.1)
(0.725 0.5 -0.1)
(0.7375 0.5 -0.1)
(0.75 0.5 -0.1)
(0.7625 0.5 -0.1)
(0.775 0.5 -0.1)
(0.7875 0.5 -0.1)
(0.8 0.5 -0.1)
(0.8125 0.5 -0.1)
(0.825 0.5 -0.1)
(0.8375 0.5 -0.1)
(0.85 0.5 -0.1)
(0.8625 0.5 -0.1)
(0.875 0.5 -0.1)
(0.8875 0.5 -0.1)
(0.9 0.5 -0.1)
(0.9125 0.5 -0.1)
(0.925 0.5 -0.1)
(0.9375 0.5 -0.1)
(0.95 0.5 -0.1)
(0.9625 0.5 -0.1)
(0.975 0.5 -0.1)
(0.9875 0.5 -0.1)
(1 0.5 -0.1)
(0 0.5125 -0.1)
(0.0125 0.5125 -0.1)
(0.025 0.5125 -0.1)
(0.0375 0.5125 -0.1)
(0.05 0.5125 -0.1)
(0.0625 0.5125 -0.1)
(0.075 0.5125 -0.1)
(0.0875 0.5125 -0.1)
(0.1 0.5125 -0.1)
(0.1125 0.5125 -0.1)
(0.125 0.5125 -0.1)
(0.1375 0.5125 -0.1)
(0.15 0.5125 -0.1)
(0.1625 0.5125 -0.1)
(0.175 0.5125 -0.1)
(0.1875 0.5125 -0.1)
(0.2 0.5125 -0.1)
(0.2125 0.5125 -0.1)
(0.225 0.5125 -0.1)
(0.2375 0.5125 -0.1)
(0.25 0.5125 -0.1)
(0.2625 0.5125 -0.1)
(0.275 0.5125 -0.1)
(0.2875 0.5125 -0.1)
(0.3 0.5125 -0.1)
(0.3125 0.5125 -0.1)
(0.325 0.5125 -0.1)
(0.3375 0.5125 -0.1)
(0.35 0.5125 -0.1)
(0.3625 0.5125 -0.1)
(0.375 0.5125 -0.1)
(0.3875 0.5125 -0.1)
(0.4 0.5125 -0.1)
(0.4125 0.5125 -0.1)
(0.425 0.5125 -0.1)
(0.4375 0.5125 -0.1)
(0.45 0.5125 -0.1)
(0.4625 0.5125 -0.1)
(0.475 0.5125 -0.1)
(0.4875 0.5125 -0.1)
(0.5 0.5125 -0.1)
(0.5125 0.5125 -0.1)
(0.525 0.5125 -0.1)
(0.5375 0.5125 -0.1)
(0.55 0.5125 -0.1)
(0.5625 0.5125 -0.1)
(0.575 0.5125 -0.1)
(0.5875 0.5125 -0.1)
(0.6 0.5125 -0.1)
(0.6125 0.5125 -0.1)
(0.625 0.5125 -0.1)
(0.6375 0.5125 -0.1)
(0.65 0.5125 -0.1)
(0.6625 0.5125 -0.1)
(0.675 0.5125 -0.1)
(0.6875 0.5125 -0.1)
(0.7 0.5125 -0.1)
(0.7125 0.5125 -0.1)
(0.725 0.5125 -0.1)
(0.7375 0.5125 -0.1)
(0.75 0.5125 -0.1)
(0.7625 0.5125 -0.1)
(0.775 0.5125 -0.1)
(0.7875 0.5125 -0.1)
(0.8 0.5125 -0.1)
(0.8125 0.5125 -0.1)
(0.825 0.5125 -0.1)
(0.8375 0.5125 -0.1)
(0.85 0.5125 -0.1)
(0.8625 0.5125 -0.1)
(0.875 0.5125 -0.1)
(0.8875 0.5125 -0.1)
(0.9 0.5125 -0.1)
(0.9125 0.5125 -0.1)
(0.925 0.5125 -0.1)
(0.9375 0.5125 -0.1)
(0.95 0.5125 -0.1)
(0.9625 0.5125 -0.1)
(0.975 0.5125 -0.1)
(0.9875 0.5125 -0.1)
(1 0.5125 -0.1)
(0 0.525 -0.1)
(0.0125 0.525 -0.1)
(0.025 0.525 -0.1)
(0.0375 0.525 -0.1)
(0.05 0.525 -0.1)
(0.0625 0.525 -0.1)
(0.075 0.525 -0.1)
(0.0875 0.525 -0.1)
(0.1 0.525 -0.1)
(0.1125 0.525 -0.1)
(0.125 0.525 -0.1)
(0.1375 0.525 -0.1)
(0.15 0.525 -0.1)
(0.1625 0.525 -0.1)
(0.175 0.525 -0.1)
(0.1875 0.525 -0.1)
(0.2 0.525 -0.1)
(0.2125 0.525 -0.1)
(0.225 0.525 -0.1)
(0.2375 0.525 -0.1)
(0.25 0.525 -0.1)
(0.2625 0.525 -0.1)
(0.275 0.525 -0.1)
(0.2875 0.525 -0.1)
(0.3 0.525 -0.1)
(0.3125 0.525 -0.1)
(0.325 0.525 -0.1)
(0.3375 0.525 -0.1)
(0.35 0.525 -0.1)
(0.3625 0.525 -0.1)
(0.375 0.525 -0.1)
(0.3875 0.525 -0.1)
(0.4 0.525 -0.1)
(0.4125 0.525 -0.1)
(0.425 0.525 -0.1)
(0.4375 0.525 -0.1)
(0.45 0.525 -0.1)
(0.4625 0.525 -0.1)
(0.475 0.525 -0.1)
(0.4875 0.525 -0.1)
(0.5 0.525 -0.1)
(0.5125 0.525 -0.1)
(0.525 0.525 -0.1)
(0.5375 0.525 -0.1)
(0.55 0.525 -0.1)
(0.5625 0.525 -0.1)
(0.575 0.525 -0.1)
(0.5875 0.525 -0.1)
(0.6 0.525 -0.1)
(0.6125 0.525 -0.1)
(0.625 0.525 -0.1)
(0.6375 0.525 -0.1)
(0.65 0.525 -0.1)
(0.6625 0.525 -0.1)
(0.675 0.525 -0.1)
(0.6875 0.525 -0.1)
(0.7 0.525 -0.1)
(0.7125 0.525 -0.1)
(0.725 0.525 -0.1)
(0.7375 0.525 -0.1)
(0.75 0.525 -0.1)
(0.7625 0.525 -0.1)
(0.775 0.525 -0.1)
(0.7875 0.525 -0.1)
(0.8 0.525 -0.1)
(0.8125 0.525 -0.1)
(0.825 0.525 -0.1)
(0.8375 0.525 -0.1)
(0.85 0.525 -0.1)
(0.8625 0.525 -0.1)
(0.875 0.525 -0.1)
(0.8875 0.525 -0.1)
(0.9 0.525 -0.1)
(0.9125 0.525 -0.1)
(0.925 0.525 -0.1)
(0.9375 0.525 -0.1)
(0.95 0.525 -0.1)
(0.9625 0.525 -0.1)
(0.975 0.525 -0.1)
(0.9875 0.525 -0.1)
(1 0.525 -0.1)
(0 0.5375 -0.1)
(0.0125 0.5375 -0.1)
(0.025 0.5375 -0.1)
(0.0375 0.5375 -0.1)
(0.05 0.5375 -0.1)
(0.0625 0.5375 -0.1)
(0.075 0.5375 -0.1)
(0.0875 0.5375 -0.1)
(0.1 0.5375 -0.1)
(0.1125 0.5375 -0.1)
(0.125 0.5375 -0.1)
(0.1375 0.5375 -0.1)
(0.15 0.5375 -0.1)
(0.1625 0.5375 -0.1)
(0.175 0.5375 -0.1)
(0.1875 0.5375 -0.1)
(0.2 0.5375 -0.1)
(0.2125 0.5375 -0.1)
(0.225 0.5375 -0.1)
(0.2375 0.5375 -0.1)
(0.25 0.5375 -0.1)
(0.2625 0.5375 -0.1)
(0.275 0.5375 -0.1)
(0.2875 0.5375 -0.1)
(0.3 0.5375 -0.1)
(0.3125 0.5375 -0.1)
(0.325 0.5375 -0.1)
(0.3375 0.5375 -0.1)
(0.35 0.5375 -0.1)
(0.3625 0.5375 -0.1)
(0.375 0.5375 -0.1)
(0.3875 0.5375 -0.1)
(0.4 0.5375 -0.1)
(0.4125 0.5375 -0.1)
(0.425 0.5375 -0.1)
(0.4375 0.5375 -0.1)
(0.45 0.5375 -0.1)
(0.4625 0.5375 -0.1)
(0.475 0.5375 -0.1)
(0.4875 0.5375 -0.1)
(0.5 0.5375 -0.1)
(0.5125 0.5375 -0.1)
(0.525 0.5375 -0.1)
(0.5375 0.5375 -0.1)
(0.55 0.5375 -0.1)
(0.5625 0.5375 -0.1)
(0.575 0.5375 -0.1)
(0.5875 0.5375 -0.1)
(0.6 0.5375 -0.1)
(0.6125 0.5375 -0.1)
(0.625 0.5375 -0.1)
(0.6375 0.5375 -0.1)
(0.65 0.5375 -0.1)
(0.6625 0.5375 -0.1)
(0.675 0.5375 -0.1)
(0.6875 0.5375 -0.1)
(0.7 0.5375 -0.1)
(0.7125 0.5375 -0.1)
(0.725 0.5375 -0.1)
(0.7375 0.5375 -0.1)
(0.75 0.5375 -0.1)
(0.7625 0.5375 -0.1)
(0.775 0.5375 -0.1)
(0.7875 0.5375 -0.1)
(0.8 0.5375 -0.1)
(0.8125 0.5375 -0.1)
(0.825 0.5375 -0.1)
(0.8375 0.5375 -0.1)
(0.85 0.5375 -0.1)
(0.8625 0.5375 -0.1)
(0.875 0.5375 -0.1)
(0.8875 0.5375 -0.1)
(0.9 0.5375 -0.1)
(0.9125 0.5375 -0.1)
(0.925 0.5375 -0.1)
(0.9375 0.5375 -0.1)
(0.95 0.5375 -0.1)
(0.9625 0.5375 -0.1)
(0.975 0.5375 -0.1)
(0.9875 0.5375 -0.1)
(1 0.5375 -0.1)
(0 0.55 -0.1)
(0.0125 0.55 -0.1)
(0.025 0.55 -0.1)
(0.0375 0.55 -0.1)
(0.05 0.55 -0.1)
(0.0625 0.55 -0.1)
(0.075 0.55 -0.1)
(0.0875 0.55 -0.1)
(0.1 0.55 -0.1)
(0.1125 0.55 -0.1)
(0.125 0.55 -0.1)
(0.1375 0.55 -0.1)
(0.15 0.55 -0.1)
(0.1625 0.55 -0.1)
(0.175 0.55 -0.1)
(0.1875 0.55 -0.1)
(0.2 0.55 -0.1)
(0.2125 0.55 -0.1)
(0.225 0.55 -0.1)
(0.2375 0.55 -0.1)
(0.25 0.55 -0.1)
(0.2625 0.55 -0.1)
(0.275 0.55 -0.1)
(0.2875 0.55 -0.1)
(0.3 0.55 -0.1)
(0.3125 0.55 -0.1)
(0.325 0.55 -0.1)
(0.3375 0.55 -0.1)
(0.35 0.55 -0.1)
(0.3625 0.55 -0.1)
(0.375 0.55 -0.1)
(0.3875 0.55 -0.1)
(0.4 0.55 -0.1)
(0.4125 0.55 -0.1)
(0.425 0.55 -0.1)
(0.4375 0.55 -0.1)
(0.45 0.55 -0.1)
(0.4625 0.55 -0.1)
(0.475 0.55 -0.1)
(0.4875 0.55 -0.1)
(0.5 0.55 -0.1)
(0.5125 0.55 -0.1)
(0.525 0.55 -0.1)
(0.5375 0.55 -0.1)
(0.55 0.55 -0.1)
(0.5625 0.55 -0.1)
(0.575 0.55 -0.1)
(0.5875 0.55 -0.1)
(0.6 0.55 -0.1)
(0.6125 0.55 -0.1)
(0.625 0.55 -0.1)
(0.6375 0.55 -0.1)
(0.65 0.55 -0.1)
(0.6625 0.55 -0.1)
(0.675 0.55 -0.1)
(0.6875 0.55 -0.1)
(0.7 0.55 -0.1)
(0.7125 0.55 -0.1)
(0.725 0.55 -0.1)
(0.7375 0.55 -0.1)
(0.75 0.55 -0.1)
(0.7625 0.55 -0.1)
(0.775 0.55 -0.1)
(0.7875 0.55 -0.1)
(0.8 0.55 -0.1)
(0.8125 0.55 -0.1)
(0.825 0.55 -0.1)
(0.8375 0.55 -0.1)
(0.85 0.55 -0.1)
(0.8625 0.55 -0.1)
(0.875 0.55 -0.1)
(0.8875 0.55 -0.1)
(0.9 0.55 -0.1)
(0.9125 0.55 -0.1)
(0.925 0.55 -0.1)
(0.9375 0.55 -0.1)
(0.95 0.55 -0.1)
(0.9625 0.55 -0.1)
(0.975 0.55 -0.1)
(0.9875 0.55 -0.1)
(1 0.55 -0.1)
(0 0.5625 -0.1)
(0.0125 0.5625 -0.1)
(0.025 0.5625 -0.1)
(0.0375 0.5625 -0.1)
(0.05 0.5625 -0.1)
(0.0625 0.5625 -0.1)
(0.075 0.5625 -0.1)
(0.0875 0.5625 -0.1)
(0.1 0.5625 -0.1)
(0.1125 0.5625 -0.1)
(0.125 0.5625 -0.1)
(0.1375 0.5625 -0.1)
(0.15 0.5625 -0.1)
(0.1625 0.5625 -0.1)
(0.175 0.5625 -0.1)
(0.1875 0.5625 -0.1)
(0.2 0.5625 -0.1)
(0.2125 0.5625 -0.1)
(0.225 0.5625 -0.1)
(0.2375 0.5625 -0.1)
(0.25 0.5625 -0.1)
(0.2625 0.5625 -0.1)
(0.275 0.5625 -0.1)
(0.2875 0.5625 -0.1)
(0.3 0.5625 -0.1)
(0.3125 0.5625 -0.1)
(0.325 0.5625 -0.1)
(0.3375 0.5625 -0.1)
(0.35 0.5625 -0.1)
(0.3625 0.5625 -0.1)
(0.375 0.5625 -0.1)
(0.3875 0.5625 -0.1)
(0.4 0.5625 -0.1)
(0.4125 0.5625 -0.1)
(0.425 0.5625 -0.1)
(0.4375 0.5625 -0.1)
(0.45 0.5625 -0.1)
(0.4625 0.5625 -0.1)
(0.475 0.5625 -0.1)
(0.4875 0.5625 -0.1)
(0.5 0.5625 -0.1)
(0.5125 0.5625 -0.1)
(0.525 0.5625 -0.1)
(0.5375 0.5625 -0.1)
(0.55 0.5625 -0.1)
(0.5625 0.5625 -0.1)
(0.575 0.5625 -0.1)
(0.5875 0.5625 -0.1)
(0.6 0.5625 -0.1)
(0.6125 0.5625 -0.1)
(0.625 0.5625 -0.1)
(0.6375 0.5625 -0.1)
(0.65 0.5625 -0.1)
(0.6625 0.5625 -0.1)
(0.675 0.5625 -0.1)
(0.6875 0.5625 -0.1)
(0.7 0.5625 -0.1)
(0.7125 0.5625 -0.1)
(0.725 0.5625 -0.1)
(0.7375 0.5625 -0.1)
(0.75 0.5625 -0.1)
(0.7625 0.5625 -0.1)
(0.775 0.5625 -0.1)
(0.7875 0.5625 -0.1)
(0.8 0.5625 -0.1)
(0.8125 0.5625 -0.1)
(0.825 0.5625 -0.1)
(0.8375 0.5625 -0.1)
(0.85 0.5625 -0.1)
(0.8625 0.5625 -0.1)
(0.875 0.5625 -0.1)
(0.8875 0.5625 -0.1)
(0.9 0.5625 -0.1)
(0.9125 0.5625 -0.1)
(0.925 0.5625 -0.1)
(0.9375 0.5625 -0.1)
(0.95 0.5625 -0.1)
(0.9625 0.5625 -0.1)
(0.975 0.5625 -0.1)
(0.9875 0.5625 -0.1)
(1 0.5625 -0.1)
(0 0.575 -0.1)
(0.0125 0.575 -0.1)
(0.025 0.575 -0.1)
(0.0375 0.575 -0.1)
(0.05 0.575 -0.1)
(0.0625 0.575 -0.1)
(0.075 0.575 -0.1)
(0.0875 0.575 -0.1)
(0.1 0.575 -0.1)
(0.1125 0.575 -0.1)
(0.125 0.575 -0.1)
(0.1375 0.575 -0.1)
(0.15 0.575 -0.1)
(0.1625 0.575 -0.1)
(0.175 0.575 -0.1)
(0.1875 0.575 -0.1)
(0.2 0.575 -0.1)
(0.2125 0.575 -0.1)
(0.225 0.575 -0.1)
(0.2375 0.575 -0.1)
(0.25 0.575 -0.1)
(0.2625 0.575 -0.1)
(0.275 0.575 -0.1)
(0.2875 0.575 -0.1)
(0.3 0.575 -0.1)
(0.3125 0.575 -0.1)
(0.325 0.575 -0.1)
(0.3375 0.575 -0.1)
(0.35 0.575 -0.1)
(0.3625 0.575 -0.1)
(0.375 0.575 -0.1)
(0.3875 0.575 -0.1)
(0.4 0.575 -0.1)
(0.4125 0.575 -0.1)
(0.425 0.575 -0.1)
(0.4375 0.575 -0.1)
(0.45 0.575 -0.1)
(0.4625 0.575 -0.1)
(0.475 0.575 -0.1)
(0.4875 0.575 -0.1)
(0.5 0.575 -0.1)
(0.5125 0.575 -0.1)
(0.525 0.575 -0.1)
(0.5375 0.575 -0.1)
(0.55 0.575 -0.1)
(0.5625 0.575 -0.1)
(0.575 0.575 -0.1)
(0.5875 0.575 -0.1)
(0.6 0.575 -0.1)
(0.6125 0.575 -0.1)
(0.625 0.575 -0.1)
(0.6375 0.575 -0.1)
(0.65 0.575 -0.1)
(0.6625 0.575 -0.1)
(0.675 0.575 -0.1)
(0.6875 0.575 -0.1)
(0.7 0.575 -0.1)
(0.7125 0.575 -0.1)
(0.725 0.575 -0.1)
(0.7375 0.575 -0.1)
(0.75 0.575 -0.1)
(0.7625 0.575 -0.1)
(0.775 0.575 -0.1)
(0.7875 0.575 -0.1)
(0.8 0.575 -0.1)
(0.8125 0.575 -0.1)
(0.825 0.575 -0.1)
(0.8375 0.575 -0.1)
(0.85 0.575 -0.1)
(0.8625 0.575 -0.1)
(0.875 0.575 -0.1)
(0.8875 0.575 -0.1)
(0.9 0.575 -0.1)
(0.9125 0.575 -0.1)
(0.925 0.575 -0.1)
(0.9375 0.575 -0.1)
(0.95 0.575 -0.1)
(0.9625 0.575 -0.1)
(0.975 0.575 -0.1)
(0.9875 0.575 -0.1)
(1 0.575 -0.1)
(0 0.5875 -0.1)
(0.0125 0.5875 -0.1)
(0.025 0.5875 -0.1)
(0.0375 0.5875 -0.1)
(0.05 0.5875 -0.1)
(0.0625 0.5875 -0.1)
(0.075 0.5875 -0.1)
(0.0875 0.5875 -0.1)
(0.1 0.5875 -0.1)
(0.1125 0.5875 -0.1)
(0.125 0.5875 -0.1)
(0.1375 0.5875 -0.1)
(0.15 0.5875 -0.1)
(0.1625 0.5875 -0.1)
(0.175 0.5875 -0.1)
(0.1875 0.5875 -0.1)
(0.2 0.5875 -0.1)
(0.2125 0.5875 -0.1)
(0.225 0.5875 -0.1)
(0.2375 0.5875 -0.1)
(0.25 0.5875 -0.1)
(0.2625 0.5875 -0.1)
(0.275 0.5875 -0.1)
(0.2875 0.5875 -0.1)
(0.3 0.5875 -0.1)
(0.3125 0.5875 -0.1)
(0.325 0.5875 -0.1)
(0.3375 0.5875 -0.1)
(0.35 0.5875 -0.1)
(0.3625 0.5875 -0.1)
(0.375 0.5875 -0.1)
(0.3875 0.5875 -0.1)
(0.4 0.5875 -0.1)
(0.4125 0.5875 -0.1)
(0.425 0.5875 -0.1)
(0.4375 0.5875 -0.1)
(0.45 0.5875 -0.1)
(0.4625 0.5875 -0.1)
(0.475 0.5875 -0.1)
(0.4875 0.5875 -0.1)
(0.5 0.5875 -0.1)
(0.5125 0.5875 -0.1)
(0.525 0.5875 -0.1)
(0.5375 0.5875 -0.1)
(0.55 0.5875 -0.1)
(0.5625 0.5875 -0.1)
(0.575 0.5875 -0.1)
(0.5875 0.5875 -0.1)
(0.6 0.5875 -0.1)
(0.6125 0.5875 -0.1)
(0.625 0.5875 -0.1)
(0.6375 0.5875 -0.1)
(0.65 0.5875 -0.1)
(0.6625 0.5875 -0.1)
(0.675 0.5875 -0.1)
(0.6875 0.5875 -0.1)
(0.7 0.5875 -0.1)
(0.7125 0.5875 -0.1)
(0.725 0.5875 -0.1)
(0.7375 0.5875 -0.1)
(0.75 0.5875 -0.1)
(0.7625 0.5875 -0.1)
(0.775 0.5875 -0.1)
(0.7875 0.5875 -0.1)
(0.8 0.5875 -0.1)
(0.8125 0.5875 -0.1)
(0.825 0.5875 -0.1)
(0.8375 0.5875 -0.1)
(0.85 0.5875 -0.1)
(0.8625 0.5875 -0.1)
(0.875 0.5875 -0.1)
(0.8875 0.5875 -0.1)
(0.9 0.5875 -0.1)
(0.9125 0.5875 -0.1)
(0.925 0.5875 -0.1)
(0.9375 0.5875 -0.1)
(0.95 0.5875 -0.1)
(0.9625 0.5875 -0.1)
(0.975 0.5875 -0.1)
(0.9875 0.5875 -0.1)
(1 0.5875 -0.1)
(0 0.6 -0.1)
(0.0125 0.6 -0.1)
(0.025 0.6 -0.1)
(0.0375 0.6 -0.1)
(0.05 0.6 -0.1)
(0.0625 0.6 -0.1)
(0.075 0.6 -0.1)
(0.0875 0.6 -0.1)
(0.1 0.6 -0.1)
(0.1125 0.6 -0.1)
(0.125 0.6 -0.1)
(0.1375 0.6 -0.1)
(0.15 0.6 -0.1)
(0.1625 0.6 -0.1)
(0.175 0.6 -0.1)
(0.1875 0.6 -0.1)
(0.2 0.6 -0.1)
(0.2125 0.6 -0.1)
(0.225 0.6 -0.1)
(0.2375 0.6 -0.1)
(0.25 0.6 -0.1)
(0.2625 0.6 -0.1)
(0.275 0.6 -0.1)
(0.2875 0.6 -0.1)
(0.3 0.6 -0.1)
(0.3125 0.6 -0.1)
(0.325 0.6 -0.1)
(0.3375 0.6 -0.1)
(0.35 0.6 -0.1)
(0.3625 0.6 -0.1)
(0.375 0.6 -0.1)
(0.3875 0.6 -0.1)
(0.4 0.6 -0.1)
(0.4125 0.6 -0.1)
(0.425 0.6 -0.1)
(0.4375 0.6 -0.1)
(0.45 0.6 -0.1)
(0.4625 0.6 -0.1)
(0.475 0.6 -0.1)
(0.4875 0.6 -0.1)
(0.5 0.6 -0.1)
(0.5125 0.6 -0.1)
(0.525 0.6 -0.1)
(0.5375 0.6 -0.1)
(0.55 0.6 -0.1)
(0.5625 0.6 -0.1)
(0.575 0.6 -0.1)
(0.5875 0.6 -0.1)
(0.6 0.6 -0.1)
(0.6125 0.6 -0.1)
(0.625 0.6 -0.1)
(0.6375 0.6 -0.1)
(0.65 0.6 -0.1)
(0.6625 0.6 -0.1)
(0.675 0.6 -0.1)
(0.6875 0.6 -0.1)
(0.7 0.6 -0.1)
(0.7125 0.6 -0.1)
(0.725 0.6 -0.1)
(0.7375 0.6 -0.1)
(0.75 0.6 -0.1)
(0.7625 0.6 -0.1)
(0.775 0.6 -0.1)
(0.7875 0.6 -0.1)
(0.8 0.6 -0.1)
(0.8125 0.6 -0.1)
(0.825 0.6 -0.1)
(0.8375 0.6 -0.1)
(0.85 0.6 -0.1)
(0.8625 0.6 -0.1)
(0.875 0.6 -0.1)
(0.8875 0.6 -0.1)
(0.9 0.6 -0.1)
(0.9125 0.6 -0.1)
(0.925 0.6 -0.1)
(0.9375 0.6 -0.1)
(0.95 0.6 -0.1)
(0.9625 0.6 -0.1)
(0.975 0.6 -0.1)
(0.9875 0.6 -0.1)
(1 0.6 -0.1)
(0 0.6125 -0.1)
(0.0125 0.6125 -0.1)
(0.025 0.6125 -0.1)
(0.0375 0.6125 -0.1)
(0.05 0.6125 -0.1)
(0.0625 0.6125 -0.1)
(0.075 0.6125 -0.1)
(0.0875 0.6125 -0.1)
(0.1 0.6125 -0.1)
(0.1125 0.6125 -0.1)
(0.125 0.6125 -0.1)
(0.1375 0.6125 -0.1)
(0.15 0.6125 -0.1)
(0.1625 0.6125 -0.1)
(0.175 0.6125 -0.1)
(0.1875 0.6125 -0.1)
(0.2 0.6125 -0.1)
(0.2125 0.6125 -0.1)
(0.225 0.6125 -0.1)
(0.2375 0.6125 -0.1)
(0.25 0.6125 -0.1)
(0.2625 0.6125 -0.1)
(0.275 0.6125 -0.1)
(0.2875 0.6125 -0.1)
(0.3 0.6125 -0.1)
(0.3125 0.6125 -0.1)
(0.325 0.6125 -0.1)
(0.3375 0.6125 -0.1)
(0.35 0.6125 -0.1)
(0.3625 0.6125 -0.1)
(0.375 0.6125 -0.1)
(0.3875 0.6125 -0.1)
(0.4 0.6125 -0.1)
(0.4125 0.6125 -0.1)
(0.425 0.6125 -0.1)
(0.4375 0.6125 -0.1)
(0.45 0.6125 -0.1)
(0.4625 0.6125 -0.1)
(0.475 0.6125 -0.1)
(0.4875 0.6125 -0.1)
(0.5 0.6125 -0.1)
(0.5125 0.6125 -0.1)
(0.525 0.6125 -0.1)
(0.5375 0.6125 -0.1)
(0.55 0.6125 -0.1)
(0.5625 0.6125 -0.1)
(0.575 0.6125 -0.1)
(0.5875 0.6125 -0.1)
(0.6 0.6125 -0.1)
(0.6125 0.6125 -0.1)
(0.625 0.6125 -0.1)
(0.6375 0.6125 -0.1)
(0.65 0.6125 -0.1)
(0.6625 0.6125 -0.1)
(0.675 0.6125 -0.1)
(0.6875 0.6125 -0.1)
(0.7 0.6125 -0.1)
(0.7125 0.6125 -0.1)
(0.725 0.6125 -0.1)
(0.7375 0.6125 -0.1)
(0.75 0.6125 -0.1)
(0.7625 0.6125 -0.1)
(0.775 0.6125 -0.1)
(0.7875 0.6125 -0.1)
(0.8 0.6125 -0.1)
(0.8125 0.6125 -0.1)
(0.825 0.6125 -0.1)
(0.8375 0.6125 -0.1)
(0.85 0.6125 -0.1)
(0.8625 0.6125 -0.1)
(0.875 0.6125 -0.1)
(0.8875 0.6125 -0.1)
(0.9 0.6125 -0.1)
(0.9125 0.6125 -0.1)
(0.925 0.6125 -0.1)
(0.9375 0.6125 -0.1)
(0.95 0.6125 -0.1)
(0.9625 0.6125 -0.1)
(0.975 0.6125 -0.1)
(0.9875 0.6125 -0.1)
(1 0.6125 -0.1)
(0 0.625 -0.1)
(0.0125 0.625 -0.1)
(0.025 0.625 -0.1)
(0.0375 0.625 -0.1)
(0.05 0.625 -0.1)
(0.0625 0.625 -0.1)
(0.075 0.625 -0.1)
(0.0875 0.625 -0.1)
(0.1 0.625 -0.1)
(0.1125 0.625 -0.1)
(0.125 0.625 -0.1)
(0.1375 0.625 -0.1)
(0.15 0.625 -0.1)
(0.1625 0.625 -0.1)
(0.175 0.625 -0.1)
(0.1875 0.625 -0.1)
(0.2 0.625 -0.1)
(0.2125 0.625 -0.1)
(0.225 0.625 -0.1)
(0.2375 0.625 -0.1)
(0.25 0.625 -0.1)
(0.2625 0.625 -0.1)
(0.275 0.625 -0.1)
(0.2875 0.625 -0.1)
(0.3 0.625 -0.1)
(0.3125 0.625 -0.1)
(0.325 0.625 -0.1)
(0.3375 0.625 -0.1)
(0.35 0.625 -0.1)
(0.3625 0.625 -0.1)
(0.375 0.625 -0.1)
(0.3875 0.625 -0.1)
(0.4 0.625 -0.1)
(0.4125 0.625 -0.1)
(0.425 0.625 -0.1)
(0.4375 0.625 -0.1)
(0.45 0.625 -0.1)
(0.4625 0.625 -0.1)
(0.475 0.625 -0.1)
(0.4875 0.625 -0.1)
(0.5 0.625 -0.1)
(0.5125 0.625 -0.1)
(0.525 0.625 -0.1)
(0.5375 0.625 -0.1)
(0.55 0.625 -0.1)
(0.5625 0.625 -0.1)
(0.575 0.625 -0.1)
(0.5875 0.625 -0.1)
(0.6 0.625 -0.1)
(0.6125 0.625 -0.1)
(0.625 0.625 -0.1)
(0.6375 0.625 -0.1)
(0.65 0.625 -0.1)
(0.6625 0.625 -0.1)
(0.675 0.625 -0.1)
(0.6875 0.625 -0.1)
(0.7 0.625 -0.1)
(0.7125 0.625 -0.1)
(0.725 0.625 -0.1)
(0.7375 0.625 -0.1)
(0.75 0.625 -0.1)
(0.7625 0.625 -0.1)
(0.775 0.625 -0.1)
(0.7875 0.625 -0.1)
(0.8 0.625 -0.1)
(0.8125 0.625 -0.1)
(0.825 0.625 -0.1)
(0.8375 0.625 -0.1)
(0.85 0.625 -0.1)
(0.8625 0.625 -0.1)
(0.875 0.625 -0.1)
(0.8875 0.625 -0.1)
(0.9 0.625 -0.1)
(0.9125 0.625 -0.1)
(0.925 0.625 -0.1)
(0.9375 0.625 -0.1)
(0.95 0.625 -0.1)
(0.9625 0.625 -0.1)
(0.975 0.625 -0.1)
(0.9875 0.625 -0.1)
(1 0.625 -0.1)
(0 0.6375 -0.1)
(0.0125 0.6375 -0.1)
(0.025 0.6375 -0.1)
(0.0375 0.6375 -0.1)
(0.05 0.6375 -0.1)
(0.0625 0.6375 -0.1)
(0.075 0.6375 -0.1)
(0.0875 0.6375 -0.1)
(0.1 0.6375 -0.1)
(0.1125 0.6375 -0.1)
(0.125 0.6375 -0.1)
(0.1375 0.6375 -0.1)
(0.15 0.6375 -0.1)
(0.1625 0.6375 -0.1)
(0.175 0.6375 -0.1)
(0.1875 0.6375 -0.1)
(0.2 0.6375 -0.1)
(0.2125 0.6375 -0.1)
(0.225 0.6375 -0.1)
(0.2375 0.6375 -0.1)
(0.25 0.6375 -0.1)
(0.2625 0.6375 -0.1)
(0.275 0.6375 -0.1)
(0.2875 0.6375 -0.1)
(0.3 0.6375 -0.1)
(0.3125 0.6375 -0.1)
(0.325 0.6375 -0.1)
(0.3375 0.6375 -0.1)
(0.35 0.6375 -0.1)
(0.3625 0.6375 -0.1)
(0.375 0.6375 -0.1)
(0.3875 0.6375 -0.1)
(0.4 0.6375 -0.1)
(0.4125 0.6375 -0.1)
(0.425 0.6375 -0.1)
(0.4375 0.6375 -0.1)
(0.45 0.6375 -0.1)
(0.4625 0.6375 -0.1)
(0.475 0.6375 -0.1)
(0.4875 0.6375 -0.1)
(0.5 0.6375 -0.1)
(0.5125 0.6375 -0.1)
(0.525 0.6375 -0.1)
(0.5375 0.6375 -0.1)
(0.55 0.6375 -0.1)
(0.5625 0.6375 -0.1)
(0.575 0.6375 -0.1)
(0.5875 0.6375 -0.1)
(0.6 0.6375 -0.1)
(0.6125 0.6375 -0.1)
(0.625 0.6375 -0.1)
(0.6375 0.6375 -0.1)
(0.65 0.6375 -0.1)
(0.6625 0.6375 -0.1)
(0.675 0.6375 -0.1)
(0.6875 0.6375 -0.1)
(0.7 0.6375 -0.1)
(0.7125 0.6375 -0.1)
(0.725 0.6375 -0.1)
(0.7375 0.6375 -0.1)
(0.75 0.6375 -0.1)
(0.7625 0.6375 -0.1)
(0.775 0.6375 -0.1)
(0.7875 0.6375 -0.1)
(0.8 0.6375 -0.1)
(0.8125 0.6375 -0.1)
(0.825 0.6375 -0.1)
(0.8375 0.6375 -0.1)
(0.85 0.6375 -0.1)
(0.8625 0.6375 -0.1)
(0.875 0.6375 -0.1)
(0.8875 0.6375 -0.1)
(0.9 0.6375 -0.1)
(0.9125 0.6375 -0.1)
(0.925 0.6375 -0.1)
(0.9375 0.6375 -0.1)
(0.95 0.6375 -0.1)
(0.9625 0.6375 -0.1)
(0.975 0.6375 -0.1)
(0.9875 0.6375 -0.1)
(1 0.6375 -0.1)
(0 0.65 -0.1)
(0.0125 0.65 -0.1)
(0.025 0.65 -0.1)
(0.0375 0.65 -0.1)
(0.05 0.65 -0.1)
(0.0625 0.65 -0.1)
(0.075 0.65 -0.1)
(0.0875 0.65 -0.1)
(0.1 0.65 -0.1)
(0.1125 0.65 -0.1)
(0.125 0.65 -0.1)
(0.1375 0.65 -0.1)
(0.15 0.65 -0.1)
(0.1625 0.65 -0.1)
(0.175 0.65 -0.1)
(0.1875 0.65 -0.1)
(0.2 0.65 -0.1)
(0.2125 0.65 -0.1)
(0.225 0.65 -0.1)
(0.2375 0.65 -0.1)
(0.25 0.65 -0.1)
(0.2625 0.65 -0.1)
(0.275 0.65 -0.1)
(0.2875 0.65 -0.1)
(0.3 0.65 -0.1)
(0.3125 0.65 -0.1)
(0.325 0.65 -0.1)
(0.3375 0.65 -0.1)
(0.35 0.65 -0.1)
(0.3625 0.65 -0.1)
(0.375 0.65 -0.1)
(0.3875 0.65 -0.1)
(0.4 0.65 -0.1)
(0.4125 0.65 -0.1)
(0.425 0.65 -0.1)
(0.4375 0.65 -0.1)
(0.45 0.65 -0.1)
(0.4625 0.65 -0.1)
(0.475 0.65 -0.1)
(0.4875 0.65 -0.1)
(0.5 0.65 -0.1)
(0.5125 0.65 -0.1)
(0.525 0.65 -0.1)
(0.5375 0.65 -0.1)
(0.55 0.65 -0.1)
(0.5625 0.65 -0.1)
(0.575 0.65 -0.1)
(0.5875 0.65 -0.1)
(0.6 0.65 -0.1)
(0.6125 0.65 -0.1)
(0.625 0.65 -0.1)
(0.6375 0.65 -0.1)
(0.65 0.65 -0.1)
(0.6625 0.65 -0.1)
(0.675 0.65 -0.1)
(0.6875 0.65 -0.1)
(0.7 0.65 -0.1)
(0.7125 0.65 -0.1)
(0.725 0.65 -0.1)
(0.7375 0.65 -0.1)
(0.75 0.65 -0.1)
(0.7625 0.65 -0.1)
(0.775 0.65 -0.1)
(0.7875 0.65 -0.1)
(0.8 0.65 -0.1)
(0.8125 0.65 -0.1)
(0.825 0.65 -0.1)
(0.8375 0.65 -0.1)
(0.85 0.65 -0.1)
(0.8625 0.65 -0.1)
(0.875 0.65 -0.1)
(0.8875 0.65 -0.1)
(0.9 0.65 -0.1)
(0.9125 0.65 -0.1)
(0.925 0.65 -0.1)
(0.9375 0.65 -0.1)
(0.95 0.65 -0.1)
(0.9625 0.65 -0.1)
(0.975 0.65 -0.1)
(0.9875 0.65 -0.1)
(1 0.65 -0.1)
(0 0.6625 -0.1)
(0.0125 0.6625 -0.1)
(0.025 0.6625 -0.1)
(0.0375 0.6625 -0.1)
(0.05 0.6625 -0.1)
(0.0625 0.6625 -0.1)
(0.075 0.6625 -0.1)
(0.0875 0.6625 -0.1)
(0.1 0.6625 -0.1)
(0.1125 0.6625 -0.1)
(0.125 0.6625 -0.1)
(0.1375 0.6625 -0.1)
(0.15 0.6625 -0.1)
(0.1625 0.6625 -0.1)
(0.175 0.6625 -0.1)
(0.1875 0.6625 -0.1)
(0.2 0.6625 -0.1)
(0.2125 0.6625 -0.1)
(0.225 0.6625 -0.1)
(0.2375 0.6625 -0.1)
(0.25 0.6625 -0.1)
(0.2625 0.6625 -0.1)
(0.275 0.6625 -0.1)
(0.2875 0.6625 -0.1)
(0.3 0.6625 -0.1)
(0.3125 0.6625 -0.1)
(0.325 0.6625 -0.1)
(0.3375 0.6625 -0.1)
(0.35 0.6625 -0.1)
(0.3625 0.6625 -0.1)
(0.375 0.6625 -0.1)
(0.3875 0.6625 -0.1)
(0.4 0.6625 -0.1)
(0.4125 0.6625 -0.1)
(0.425 0.6625 -0.1)
(0.4375 0.6625 -0.1)
(0.45 0.6625 -0.1)
(0.4625 0.6625 -0.1)
(0.475 0.6625 -0.1)
(0.4875 0.6625 -0.1)
(0.5 0.6625 -0.1)
(0.5125 0.6625 -0.1)
(0.525 0.6625 -0.1)
(0.5375 0.6625 -0.1)
(0.55 0.6625 -0.1)
(0.5625 0.6625 -0.1)
(0.575 0.6625 -0.1)
(0.5875 0.6625 -0.1)
(0.6 0.6625 -0.1)
(0.6125 0.6625 -0.1)
(0.625 0.6625 -0.1)
(0.6375 0.6625 -0.1)
(0.65 0.6625 -0.1)
(0.6625 0.6625 -0.1)
(0.675 0.6625 -0.1)
(0.6875 0.6625 -0.1)
(0.7 0.6625 -0.1)
(0.7125 0.6625 -0.1)
(0.725 0.6625 -0.1)
(0.7375 0.6625 -0.1)
(0.75 0.6625 -0.1)
(0.7625 0.6625 -0.1)
(0.775 0.6625 -0.1)
(0.7875 0.6625 -0.1)
(0.8 0.6625 -0.1)
(0.8125 0.6625 -0.1)
(0.825 0.6625 -0.1)
(0.8375 0.6625 -0.1)
(0.85 0.6625 -0.1)
(0.8625 0.6625 -0.1)
(0.875 0.6625 -0.1)
(0.8875 0.6625 -0.1)
(0.9 0.6625 -0.1)
(0.9125 0.6625 -0.1)
(0.925 0.6625 -0.1)
(0.9375 0.6625 -0.1)
(0.95 0.6625 -0.1)
(0.9625 0.6625 -0.1)
(0.975 0.6625 -0.1)
(0.9875 0.6625 -0.1)
(1 0.6625 -0.1)
(0 0.675 -0.1)
(0.0125 0.675 -0.1)
(0.025 0.675 -0.1)
(0.0375 0.675 -0.1)
(0.05 0.675 -0.1)
(0.0625 0.675 -0.1)
(0.075 0.675 -0.1)
(0.0875 0.675 -0.1)
(0.1 0.675 -0.1)
(0.1125 0.675 -0.1)
(0.125 0.675 -0.1)
(0.1375 0.675 -0.1)
(0.15 0.675 -0.1)
(0.1625 0.675 -0.1)
(0.175 0.675 -0.1)
(0.1875 0.675 -0.1)
(0.2 0.675 -0.1)
(0.2125 0.675 -0.1)
(0.225 0.675 -0.1)
(0.2375 0.675 -0.1)
(0.25 0.675 -0.1)
(0.2625 0.675 -0.1)
(0.275 0.675 -0.1)
(0.2875 0.675 -0.1)
(0.3 0.675 -0.1)
(0.3125 0.675 -0.1)
(0.325 0.675 -0.1)
(0.3375 0.675 -0.1)
(0.35 0.675 -0.1)
(0.3625 0.675 -0.1)
(0.375 0.675 -0.1)
(0.3875 0.675 -0.1)
(0.4 0.675 -0.1)
(0.4125 0.675 -0.1)
(0.425 0.675 -0.1)
(0.4375 0.675 -0.1)
(0.45 0.675 -0.1)
(0.4625 0.675 -0.1)
(0.475 0.675 -0.1)
(0.4875 0.675 -0.1)
(0.5 0.675 -0.1)
(0.5125 0.675 -0.1)
(0.525 0.675 -0.1)
(0.5375 0.675 -0.1)
(0.55 0.675 -0.1)
(0.5625 0.675 -0.1)
(0.575 0.675 -0.1)
(0.5875 0.675 -0.1)
(0.6 0.675 -0.1)
(0.6125 0.675 -0.1)
(0.625 0.675 -0.1)
(0.6375 0.675 -0.1)
(0.65 0.675 -0.1)
(0.6625 0.675 -0.1)
(0.675 0.675 -0.1)
(0.6875 0.675 -0.1)
(0.7 0.675 -0.1)
(0.7125 0.675 -0.1)
(0.725 0.675 -0.1)
(0.7375 0.675 -0.1)
(0.75 0.675 -0.1)
(0.7625 0.675 -0.1)
(0.775 0.675 -0.1)
(0.7875 0.675 -0.1)
(0.8 0.675 -0.1)
(0.8125 0.675 -0.1)
(0.825 0.675 -0.1)
(0.8375 0.675 -0.1)
(0.85 0.675 -0.1)
(0.8625 0.675 -0.1)
(0.875 0.675 -0.1)
(0.8875 0.675 -0.1)
(0.9 0.675 -0.1)
(0.9125 0.675 -0.1)
(0.925 0.675 -0.1)
(0.9375 0.675 -0.1)
(0.95 0.675 -0.1)
(0.9625 0.675 -0.1)
(0.975 0.675 -0.1)
(0.9875 0.675 -0.1)
(1 0.675 -0.1)
(0 0.6875 -0.1)
(0.0125 0.6875 -0.1)
(0.025 0.6875 -0.1)
(0.0375 0.6875 -0.1)
(0.05 0.6875 -0.1)
(0.0625 0.6875 -0.1)
(0.075 0.6875 -0.1)
(0.0875 0.6875 -0.1)
(0.1 0.6875 -0.1)
(0.1125 0.6875 -0.1)
(0.125 0.6875 -0.1)
(0.1375 0.6875 -0.1)
(0.15 0.6875 -0.1)
(0.1625 0.6875 -0.1)
(0.175 0.6875 -0.1)
(0.1875 0.6875 -0.1)
(0.2 0.6875 -0.1)
(0.2125 0.6875 -0.1)
(0.225 0.6875 -0.1)
(0.2375 0.6875 -0.1)
(0.25 0.6875 -0.1)
(0.2625 0.6875 -0.1)
(0.275 0.6875 -0.1)
(0.2875 0.6875 -0.1)
(0.3 0.6875 -0.1)
(0.3125 0.6875 -0.1)
(0.325 0.6875 -0.1)
(0.3375 0.6875 -0.1)
(0.35 0.6875 -0.1)
(0.3625 0.6875 -0.1)
(0.375 0.6875 -0.1)
(0.3875 0.6875 -0.1)
(0.4 0.6875 -0.1)
(0.4125 0.6875 -0.1)
(0.425 0.6875 -0.1)
(0.4375 0.6875 -0.1)
(0.45 0.6875 -0.1)
(0.4625 0.6875 -0.1)
(0.475 0.6875 -0.1)
(0.4875 0.6875 -0.1)
(0.5 0.6875 -0.1)
(0.5125 0.6875 -0.1)
(0.525 0.6875 -0.1)
(0.5375 0.6875 -0.1)
(0.55 0.6875 -0.1)
(0.5625 0.6875 -0.1)
(0.575 0.6875 -0.1)
(0.5875 0.6875 -0.1)
(0.6 0.6875 -0.1)
(0.6125 0.6875 -0.1)
(0.625 0.6875 -0.1)
(0.6375 0.6875 -0.1)
(0.65 0.6875 -0.1)
(0.6625 0.6875 -0.1)
(0.675 0.6875 -0.1)
(0.6875 0.6875 -0.1)
(0.7 0.6875 -0.1)
(0.7125 0.6875 -0.1)
(0.725 0.6875 -0.1)
(0.7375 0.6875 -0.1)
(0.75 0.6875 -0.1)
(0.7625 0.6875 -0.1)
(0.775 0.6875 -0.1)
(0.7875 0.6875 -0.1)
(0.8 0.6875 -0.1)
(0.8125 0.6875 -0.1)
(0.825 0.6875 -0.1)
(0.8375 0.6875 -0.1)
(0.85 0.6875 -0.1)
(0.8625 0.6875 -0.1)
(0.875 0.6875 -0.1)
(0.8875 0.6875 -0.1)
(0.9 0.6875 -0.1)
(0.9125 0.6875 -0.1)
(0.925 0.6875 -0.1)
(0.9375 0.6875 -0.1)
(0.95 0.6875 -0.1)
(0.9625 0.6875 -0.1)
(0.975 0.6875 -0.1)
(0.9875 0.6875 -0.1)
(1 0.6875 -0.1)
(0 0.7 -0.1)
(0.0125 0.7 -0.1)
(0.025 0.7 -0.1)
(0.0375 0.7 -0.1)
(0.05 0.7 -0.1)
(0.0625 0.7 -0.1)
(0.075 0.7 -0.1)
(0.0875 0.7 -0.1)
(0.1 0.7 -0.1)
(0.1125 0.7 -0.1)
(0.125 0.7 -0.1)
(0.1375 0.7 -0.1)
(0.15 0.7 -0.1)
(0.1625 0.7 -0.1)
(0.175 0.7 -0.1)
(0.1875 0.7 -0.1)
(0.2 0.7 -0.1)
(0.2125 0.7 -0.1)
(0.225 0.7 -0.1)
(0.2375 0.7 -0.1)
(0.25 0.7 -0.1)
(0.2625 0.7 -0.1)
(0.275 0.7 -0.1)
(0.2875 0.7 -0.1)
(0.3 0.7 -0.1)
(0.3125 0.7 -0.1)
(0.325 0.7 -0.1)
(0.3375 0.7 -0.1)
(0.35 0.7 -0.1)
(0.3625 0.7 -0.1)
(0.375 0.7 -0.1)
(0.3875 0.7 -0.1)
(0.4 0.7 -0.1)
(0.4125 0.7 -0.1)
(0.425 0.7 -0.1)
(0.4375 0.7 -0.1)
(0.45 0.7 -0.1)
(0.4625 0.7 -0.1)
(0.475 0.7 -0.1)
(0.4875 0.7 -0.1)
(0.5 0.7 -0.1)
(0.5125 0.7 -0.1)
(0.525 0.7 -0.1)
(0.5375 0.7 -0.1)
(0.55 0.7 -0.1)
(0.5625 0.7 -0.1)
(0.575 0.7 -0.1)
(0.5875 0.7 -0.1)
(0.6 0.7 -0.1)
(0.6125 0.7 -0.1)
(0.625 0.7 -0.1)
(0.6375 0.7 -0.1)
(0.65 0.7 -0.1)
(0.6625 0.7 -0.1)
(0.675 0.7 -0.1)
(0.6875 0.7 -0.1)
(0.7 0.7 -0.1)
(0.7125 0.7 -0.1)
(0.725 0.7 -0.1)
(0.7375 0.7 -0.1)
(0.75 0.7 -0.1)
(0.7625 0.7 -0.1)
(0.775 0.7 -0.1)
(0.7875 0.7 -0.1)
(0.8 0.7 -0.1)
(0.8125 0.7 -0.1)
(0.825 0.7 -0.1)
(0.8375 0.7 -0.1)
(0.85 0.7 -0.1)
(0.8625 0.7 -0.1)
(0.875 0.7 -0.1)
(0.8875 0.7 -0.1)
(0.9 0.7 -0.1)
(0.9125 0.7 -0.1)
(0.925 0.7 -0.1)
(0.9375 0.7 -0.1)
(0.95 0.7 -0.1)
(0.9625 0.7 -0.1)
(0.975 0.7 -0.1)
(0.9875 0.7 -0.1)
(1 0.7 -0.1)
(0 0.7125 -0.1)
(0.0125 0.7125 -0.1)
(0.025 0.7125 -0.1)
(0.0375 0.7125 -0.1)
(0.05 0.7125 -0.1)
(0.0625 0.7125 -0.1)
(0.075 0.7125 -0.1)
(0.0875 0.7125 -0.1)
(0.1 0.7125 -0.1)
(0.1125 0.7125 -0.1)
(0.125 0.7125 -0.1)
(0.1375 0.7125 -0.1)
(0.15 0.7125 -0.1)
(0.1625 0.7125 -0.1)
(0.175 0.7125 -0.1)
(0.1875 0.7125 -0.1)
(0.2 0.7125 -0.1)
(0.2125 0.7125 -0.1)
(0.225 0.7125 -0.1)
(0.2375 0.7125 -0.1)
(0.25 0.7125 -0.1)
(0.2625 0.7125 -0.1)
(0.275 0.7125 -0.1)
(0.2875 0.7125 -0.1)
(0.3 0.7125 -0.1)
(0.3125 0.7125 -0.1)
(0.325 0.7125 -0.1)
(0.3375 0.7125 -0.1)
(0.35 0.7125 -0.1)
(0.3625 0.7125 -0.1)
(0.375 0.7125 -0.1)
(0.3875 0.7125 -0.1)
(0.4 0.7125 -0.1)
(0.4125 0.7125 -0.1)
(0.425 0.7125 -0.1)
(0.4375 0.7125 -0.1)
(0.45 0.7125 -0.1)
(0.4625 0.7125 -0.1)
(0.475 0.7125 -0.1)
(0.4875 0.7125 -0.1)
(0.5 0.7125 -0.1)
(0.5125 0.7125 -0.1)
(0.525 0.7125 -0.1)
(0.5375 0.7125 -0.1)
(0.55 0.7125 -0.1)
(0.5625 0.7125 -0.1)
(0.575 0.7125 -0.1)
(0.5875 0.7125 -0.1)
(0.6 0.7125 -0.1)
(0.6125 0.7125 -0.1)
(0.625 0.7125 -0.1)
(0.6375 0.7125 -0.1)
(0.65 0.7125 -0.1)
(0.6625 0.7125 -0.1)
(0.675 0.7125 -0.1)
(0.6875 0.7125 -0.1)
(0.7 0.7125 -0.1)
(0.7125 0.7125 -0.1)
(0.725 0.7125 -0.1)
(0.7375 0.7125 -0.1)
(0.75 0.7125 -0.1)
(0.7625 0.7125 -0.1)
(0.775 0.7125 -0.1)
(0.7875 0.7125 -0.1)
(0.8 0.7125 -0.1)
(0.8125 0.7125 -0.1)
(0.825 0.7125 -0.1)
(0.8375 0.7125 -0.1)
(0.85 0.7125 -0.1)
(0.8625 0.7125 -0.1)
(0.875 0.7125 -0.1)
(0.8875 0.7125 -0.1)
(0.9 0.7125 -0.1)
(0.9125 0.7125 -0.1)
(0.925 0.7125 -0.1)
(0.9375 0.7125 -0.1)
(0.95 0.7125 -0.1)
(0.9625 0.7125 -0.1)
(0.975 0.7125 -0.1)
(0.9875 0.7125 -0.1)
(1 0.7125 -0.1)
(0 0.725 -0.1)
(0.0125 0.725 -0.1)
(0.025 0.725 -0.1)
(0.0375 0.725 -0.1)
(0.05 0.725 -0.1)
(0.0625 0.725 -0.1)
(0.075 0.725 -0.1)
(0.0875 0.725 -0.1)
(0.1 0.725 -0.1)
(0.1125 0.725 -0.1)
(0.125 0.725 -0.1)
(0.1375 0.725 -0.1)
(0.15 0.725 -0.1)
(0.1625 0.725 -0.1)
(0.175 0.725 -0.1)
(0.1875 0.725 -0.1)
(0.2 0.725 -0.1)
(0.2125 0.725 -0.1)
(0.225 0.725 -0.1)
(0.2375 0.725 -0.1)
(0.25 0.725 -0.1)
(0.2625 0.725 -0.1)
(0.275 0.725 -0.1)
(0.2875 0.725 -0.1)
(0.3 0.725 -0.1)
(0.3125 0.725 -0.1)
(0.325 0.725 -0.1)
(0.3375 0.725 -0.1)
(0.35 0.725 -0.1)
(0.3625 0.725 -0.1)
(0.375 0.725 -0.1)
(0.3875 0.725 -0.1)
(0.4 0.725 -0.1)
(0.4125 0.725 -0.1)
(0.425 0.725 -0.1)
(0.4375 0.725 -0.1)
(0.45 0.725 -0.1)
(0.4625 0.725 -0.1)
(0.475 0.725 -0.1)
(0.4875 0.725 -0.1)
(0.5 0.725 -0.1)
(0.5125 0.725 -0.1)
(0.525 0.725 -0.1)
(0.5375 0.725 -0.1)
(0.55 0.725 -0.1)
(0.5625 0.725 -0.1)
(0.575 0.725 -0.1)
(0.5875 0.725 -0.1)
(0.6 0.725 -0.1)
(0.6125 0.725 -0.1)
(0.625 0.725 -0.1)
(0.6375 0.725 -0.1)
(0.65 0.725 -0.1)
(0.6625 0.725 -0.1)
(0.675 0.725 -0.1)
(0.6875 0.725 -0.1)
(0.7 0.725 -0.1)
(0.7125 0.725 -0.1)
(0.725 0.725 -0.1)
(0.7375 0.725 -0.1)
(0.75 0.725 -0.1)
(0.7625 0.725 -0.1)
(0.775 0.725 -0.1)
(0.7875 0.725 -0.1)
(0.8 0.725 -0.1)
(0.8125 0.725 -0.1)
(0.825 0.725 -0.1)
(0.8375 0.725 -0.1)
(0.85 0.725 -0.1)
(0.8625 0.725 -0.1)
(0.875 0.725 -0.1)
(0.8875 0.725 -0.1)
(0.9 0.725 -0.1)
(0.9125 0.725 -0.1)
(0.925 0.725 -0.1)
(0.9375 0.725 -0.1)
(0.95 0.725 -0.1)
(0.9625 0.725 -0.1)
(0.975 0.725 -0.1)
(0.9875 0.725 -0.1)
(1 0.725 -0.1)
(0 0.7375 -0.1)
(0.0125 0.7375 -0.1)
(0.025 0.7375 -0.1)
(0.0375 0.7375 -0.1)
(0.05 0.7375 -0.1)
(0.0625 0.7375 -0.1)
(0.075 0.7375 -0.1)
(0.0875 0.7375 -0.1)
(0.1 0.7375 -0.1)
(0.1125 0.7375 -0.1)
(0.125 0.7375 -0.1)
(0.1375 0.7375 -0.1)
(0.15 0.7375 -0.1)
(0.1625 0.7375 -0.1)
(0.175 0.7375 -0.1)
(0.1875 0.7375 -0.1)
(0.2 0.7375 -0.1)
(0.2125 0.7375 -0.1)
(0.225 0.7375 -0.1)
(0.2375 0.7375 -0.1)
(0.25 0.7375 -0.1)
(0.2625 0.7375 -0.1)
(0.275 0.7375 -0.1)
(0.2875 0.7375 -0.1)
(0.3 0.7375 -0.1)
(0.3125 0.7375 -0.1)
(0.325 0.7375 -0.1)
(0.3375 0.7375 -0.1)
(0.35 0.7375 -0.1)
(0.3625 0.7375 -0.1)
(0.375 0.7375 -0.1)
(0.3875 0.7375 -0.1)
(0.4 0.7375 -0.1)
(0.4125 0.7375 -0.1)
(0.425 0.7375 -0.1)
(0.4375 0.7375 -0.1)
(0.45 0.7375 -0.1)
(0.4625 0.7375 -0.1)
(0.475 0.7375 -0.1)
(0.4875 0.7375 -0.1)
(0.5 0.7375 -0.1)
(0.5125 0.7375 -0.1)
(0.525 0.7375 -0.1)
(0.5375 0.7375 -0.1)
(0.55 0.7375 -0.1)
(0.5625 0.7375 -0.1)
(0.575 0.7375 -0.1)
(0.5875 0.7375 -0.1)
(0.6 0.7375 -0.1)
(0.6125 0.7375 -0.1)
(0.625 0.7375 -0.1)
(0.6375 0.7375 -0.1)
(0.65 0.7375 -0.1)
(0.6625 0.7375 -0.1)
(0.675 0.7375 -0.1)
(0.6875 0.7375 -0.1)
(0.7 0.7375 -0.1)
(0.7125 0.7375 -0.1)
(0.725 0.7375 -0.1)
(0.7375 0.7375 -0.1)
(0.75 0.7375 -0.1)
(0.7625 0.7375 -0.1)
(0.775 0.7375 -0.1)
(0.7875 0.7375 -0.1)
(0.8 0.7375 -0.1)
(0.8125 0.7375 -0.1)
(0.825 0.7375 -0.1)
(0.8375 0.7375 -0.1)
(0.85 0.7375 -0.1)
(0.8625 0.7375 -0.1)
(0.875 0.7375 -0.1)
(0.8875 0.7375 -0.1)
(0.9 0.7375 -0.1)
(0.9125 0.7375 -0.1)
(0.925 0.7375 -0.1)
(0.9375 0.7375 -0.1)
(0.95 0.7375 -0.1)
(0.9625 0.7375 -0.1)
(0.975 0.7375 -0.1)
(0.9875 0.7375 -0.1)
(1 0.7375 -0.1)
(0 0.75 -0.1)
(0.0125 0.75 -0.1)
(0.025 0.75 -0.1)
(0.0375 0.75 -0.1)
(0.05 0.75 -0.1)
(0.0625 0.75 -0.1)
(0.075 0.75 -0.1)
(0.0875 0.75 -0.1)
(0.1 0.75 -0.1)
(0.1125 0.75 -0.1)
(0.125 0.75 -0.1)
(0.1375 0.75 -0.1)
(0.15 0.75 -0.1)
(0.1625 0.75 -0.1)
(0.175 0.75 -0.1)
(0.1875 0.75 -0.1)
(0.2 0.75 -0.1)
(0.2125 0.75 -0.1)
(0.225 0.75 -0.1)
(0.2375 0.75 -0.1)
(0.25 0.75 -0.1)
(0.2625 0.75 -0.1)
(0.275 0.75 -0.1)
(0.2875 0.75 -0.1)
(0.3 0.75 -0.1)
(0.3125 0.75 -0.1)
(0.325 0.75 -0.1)
(0.3375 0.75 -0.1)
(0.35 0.75 -0.1)
(0.3625 0.75 -0.1)
(0.375 0.75 -0.1)
(0.3875 0.75 -0.1)
(0.4 0.75 -0.1)
(0.4125 0.75 -0.1)
(0.425 0.75 -0.1)
(0.4375 0.75 -0.1)
(0.45 0.75 -0.1)
(0.4625 0.75 -0.1)
(0.475 0.75 -0.1)
(0.4875 0.75 -0.1)
(0.5 0.75 -0.1)
(0.5125 0.75 -0.1)
(0.525 0.75 -0.1)
(0.5375 0.75 -0.1)
(0.55 0.75 -0.1)
(0.5625 0.75 -0.1)
(0.575 0.75 -0.1)
(0.5875 0.75 -0.1)
(0.6 0.75 -0.1)
(0.6125 0.75 -0.1)
(0.625 0.75 -0.1)
(0.6375 0.75 -0.1)
(0.65 0.75 -0.1)
(0.6625 0.75 -0.1)
(0.675 0.75 -0.1)
(0.6875 0.75 -0.1)
(0.7 0.75 -0.1)
(0.7125 0.75 -0.1)
(0.725 0.75 -0.1)
(0.7375 0.75 -0.1)
(0.75 0.75 -0.1)
(0.7625 0.75 -0.1)
(0.775 0.75 -0.1)
(0.7875 0.75 -0.1)
(0.8 0.75 -0.1)
(0.8125 0.75 -0.1)
(0.825 0.75 -0.1)
(0.8375 0.75 -0.1)
(0.85 0.75 -0.1)
(0.8625 0.75 -0.1)
(0.875 0.75 -0.1)
(0.8875 0.75 -0.1)
(0.9 0.75 -0.1)
(0.9125 0.75 -0.1)
(0.925 0.75 -0.1)
(0.9375 0.75 -0.1)
(0.95 0.75 -0.1)
(0.9625 0.75 -0.1)
(0.975 0.75 -0.1)
(0.9875 0.75 -0.1)
(1 0.75 -0.1)
(0 0.7625 -0.1)
(0.0125 0.7625 -0.1)
(0.025 0.7625 -0.1)
(0.0375 0.7625 -0.1)
(0.05 0.7625 -0.1)
(0.0625 0.7625 -0.1)
(0.075 0.7625 -0.1)
(0.0875 0.7625 -0.1)
(0.1 0.7625 -0.1)
(0.1125 0.7625 -0.1)
(0.125 0.7625 -0.1)
(0.1375 0.7625 -0.1)
(0.15 0.7625 -0.1)
(0.1625 0.7625 -0.1)
(0.175 0.7625 -0.1)
(0.1875 0.7625 -0.1)
(0.2 0.7625 -0.1)
(0.2125 0.7625 -0.1)
(0.225 0.7625 -0.1)
(0.2375 0.7625 -0.1)
(0.25 0.7625 -0.1)
(0.2625 0.7625 -0.1)
(0.275 0.7625 -0.1)
(0.2875 0.7625 -0.1)
(0.3 0.7625 -0.1)
(0.3125 0.7625 -0.1)
(0.325 0.7625 -0.1)
(0.3375 0.7625 -0.1)
(0.35 0.7625 -0.1)
(0.3625 0.7625 -0.1)
(0.375 0.7625 -0.1)
(0.3875 0.7625 -0.1)
(0.4 0.7625 -0.1)
(0.4125 0.7625 -0.1)
(0.425 0.7625 -0.1)
(0.4375 0.7625 -0.1)
(0.45 0.7625 -0.1)
(0.4625 0.7625 -0.1)
(0.475 0.7625 -0.1)
(0.4875 0.7625 -0.1)
(0.5 0.7625 -0.1)
(0.5125 0.7625 -0.1)
(0.525 0.7625 -0.1)
(0.5375 0.7625 -0.1)
(0.55 0.7625 -0.1)
(0.5625 0.7625 -0.1)
(0.575 0.7625 -0.1)
(0.5875 0.7625 -0.1)
(0.6 0.7625 -0.1)
(0.6125 0.7625 -0.1)
(0.625 0.7625 -0.1)
(0.6375 0.7625 -0.1)
(0.65 0.7625 -0.1)
(0.6625 0.7625 -0.1)
(0.675 0.7625 -0.1)
(0.6875 0.7625 -0.1)
(0.7 0.7625 -0.1)
(0.7125 0.7625 -0.1)
(0.725 0.7625 -0.1)
(0.7375 0.7625 -0.1)
(0.75 0.7625 -0.1)
(0.7625 0.7625 -0.1)
(0.775 0.7625 -0.1)
(0.7875 0.7625 -0.1)
(0.8 0.7625 -0.1)
(0.8125 0.7625 -0.1)
(0.825 0.7625 -0.1)
(0.8375 0.7625 -0.1)
(0.85 0.7625 -0.1)
(0.8625 0.7625 -0.1)
(0.875 0.7625 -0.1)
(0.8875 0.7625 -0.1)
(0.9 0.7625 -0.1)
(0.9125 0.7625 -0.1)
(0.925 0.7625 -0.1)
(0.9375 0.7625 -0.1)
(0.95 0.7625 -0.1)
(0.9625 0.7625 -0.1)
(0.975 0.7625 -0.1)
(0.9875 0.7625 -0.1)
(1 0.7625 -0.1)
(0 0.775 -0.1)
(0.0125 0.775 -0.1)
(0.025 0.775 -0.1)
(0.0375 0.775 -0.1)
(0.05 0.775 -0.1)
(0.0625 0.775 -0.1)
(0.075 0.775 -0.1)
(0.0875 0.775 -0.1)
(0.1 0.775 -0.1)
(0.1125 0.775 -0.1)
(0.125 0.775 -0.1)
(0.1375 0.775 -0.1)
(0.15 0.775 -0.1)
(0.1625 0.775 -0.1)
(0.175 0.775 -0.1)
(0.1875 0.775 -0.1)
(0.2 0.775 -0.1)
(0.2125 0.775 -0.1)
(0.225 0.775 -0.1)
(0.2375 0.775 -0.1)
(0.25 0.775 -0.1)
(0.2625 0.775 -0.1)
(0.275 0.775 -0.1)
(0.2875 0.775 -0.1)
(0.3 0.775 -0.1)
(0.3125 0.775 -0.1)
(0.325 0.775 -0.1)
(0.3375 0.775 -0.1)
(0.35 0.775 -0.1)
(0.3625 0.775 -0.1)
(0.375 0.775 -0.1)
(0.3875 0.775 -0.1)
(0.4 0.775 -0.1)
(0.4125 0.775 -0.1)
(0.425 0.775 -0.1)
(0.4375 0.775 -0.1)
(0.45 0.775 -0.1)
(0.4625 0.775 -0.1)
(0.475 0.775 -0.1)
(0.4875 0.775 -0.1)
(0.5 0.775 -0.1)
(0.5125 0.775 -0.1)
(0.525 0.775 -0.1)
(0.5375 0.775 -0.1)
(0.55 0.775 -0.1)
(0.5625 0.775 -0.1)
(0.575 0.775 -0.1)
(0.5875 0.775 -0.1)
(0.6 0.775 -0.1)
(0.6125 0.775 -0.1)
(0.625 0.775 -0.1)
(0.6375 0.775 -0.1)
(0.65 0.775 -0.1)
(0.6625 0.775 -0.1)
(0.675 0.775 -0.1)
(0.6875 0.775 -0.1)
(0.7 0.775 -0.1)
(0.7125 0.775 -0.1)
(0.725 0.775 -0.1)
(0.7375 0.775 -0.1)
(0.75 0.775 -0.1)
(0.7625 0.775 -0.1)
(0.775 0.775 -0.1)
(0.7875 0.775 -0.1)
(0.8 0.775 -0.1)
(0.8125 0.775 -0.1)
(0.825 0.775 -0.1)
(0.8375 0.775 -0.1)
(0.85 0.775 -0.1)
(0.8625 0.775 -0.1)
(0.875 0.775 -0.1)
(0.8875 0.775 -0.1)
(0.9 0.775 -0.1)
(0.9125 0.775 -0.1)
(0.925 0.775 -0.1)
(0.9375 0.775 -0.1)
(0.95 0.775 -0.1)
(0.9625 0.775 -0.1)
(0.975 0.775 -0.1)
(0.9875 0.775 -0.1)
(1 0.775 -0.1)
(0 0.7875 -0.1)
(0.0125 0.7875 -0.1)
(0.025 0.7875 -0.1)
(0.0375 0.7875 -0.1)
(0.05 0.7875 -0.1)
(0.0625 0.7875 -0.1)
(0.075 0.7875 -0.1)
(0.0875 0.7875 -0.1)
(0.1 0.7875 -0.1)
(0.1125 0.7875 -0.1)
(0.125 0.7875 -0.1)
(0.1375 0.7875 -0.1)
(0.15 0.7875 -0.1)
(0.1625 0.7875 -0.1)
(0.175 0.7875 -0.1)
(0.1875 0.7875 -0.1)
(0.2 0.7875 -0.1)
(0.2125 0.7875 -0.1)
(0.225 0.7875 -0.1)
(0.2375 0.7875 -0.1)
(0.25 0.7875 -0.1)
(0.2625 0.7875 -0.1)
(0.275 0.7875 -0.1)
(0.2875 0.7875 -0.1)
(0.3 0.7875 -0.1)
(0.3125 0.7875 -0.1)
(0.325 0.7875 -0.1)
(0.3375 0.7875 -0.1)
(0.35 0.7875 -0.1)
(0.3625 0.7875 -0.1)
(0.375 0.7875 -0.1)
(0.3875 0.7875 -0.1)
(0.4 0.7875 -0.1)
(0.4125 0.7875 -0.1)
(0.425 0.7875 -0.1)
(0.4375 0.7875 -0.1)
(0.45 0.7875 -0.1)
(0.4625 0.7875 -0.1)
(0.475 0.7875 -0.1)
(0.4875 0.7875 -0.1)
(0.5 0.7875 -0.1)
(0.5125 0.7875 -0.1)
(0.525 0.7875 -0.1)
(0.5375 0.7875 -0.1)
(0.55 0.7875 -0.1)
(0.5625 0.7875 -0.1)
(0.575 0.7875 -0.1)
(0.5875 0.7875 -0.1)
(0.6 0.7875 -0.1)
(0.6125 0.7875 -0.1)
(0.625 0.7875 -0.1)
(0.6375 0.7875 -0.1)
(0.65 0.7875 -0.1)
(0.6625 0.7875 -0.1)
(0.675 0.7875 -0.1)
(0.6875 0.7875 -0.1)
(0.7 0.7875 -0.1)
(0.7125 0.7875 -0.1)
(0.725 0.7875 -0.1)
(0.7375 0.7875 -0.1)
(0.75 0.7875 -0.1)
(0.7625 0.7875 -0.1)
(0.775 0.7875 -0.1)
(0.7875 0.7875 -0.1)
(0.8 0.7875 -0.1)
(0.8125 0.7875 -0.1)
(0.825 0.7875 -0.1)
(0.8375 0.7875 -0.1)
(0.85 0.7875 -0.1)
(0.8625 0.7875 -0.1)
(0.875 0.7875 -0.1)
(0.8875 0.7875 -0.1)
(0.9 0.7875 -0.1)
(0.9125 0.7875 -0.1)
(0.925 0.7875 -0.1)
(0.9375 0.7875 -0.1)
(0.95 0.7875 -0.1)
(0.9625 0.7875 -0.1)
(0.975 0.7875 -0.1)
(0.9875 0.7875 -0.1)
(1 0.7875 -0.1)
(0 0.8 -0.1)
(0.0125 0.8 -0.1)
(0.025 0.8 -0.1)
(0.0375 0.8 -0.1)
(0.05 0.8 -0.1)
(0.0625 0.8 -0.1)
(0.075 0.8 -0.1)
(0.0875 0.8 -0.1)
(0.1 0.8 -0.1)
(0.1125 0.8 -0.1)
(0.125 0.8 -0.1)
(0.1375 0.8 -0.1)
(0.15 0.8 -0.1)
(0.1625 0.8 -0.1)
(0.175 0.8 -0.1)
(0.1875 0.8 -0.1)
(0.2 0.8 -0.1)
(0.2125 0.8 -0.1)
(0.225 0.8 -0.1)
(0.2375 0.8 -0.1)
(0.25 0.8 -0.1)
(0.2625 0.8 -0.1)
(0.275 0.8 -0.1)
(0.2875 0.8 -0.1)
(0.3 0.8 -0.1)
(0.3125 0.8 -0.1)
(0.325 0.8 -0.1)
(0.3375 0.8 -0.1)
(0.35 0.8 -0.1)
(0.3625 0.8 -0.1)
(0.375 0.8 -0.1)
(0.3875 0.8 -0.1)
(0.4 0.8 -0.1)
(0.4125 0.8 -0.1)
(0.425 0.8 -0.1)
(0.4375 0.8 -0.1)
(0.45 0.8 -0.1)
(0.4625 0.8 -0.1)
(0.475 0.8 -0.1)
(0.4875 0.8 -0.1)
(0.5 0.8 -0.1)
(0.5125 0.8 -0.1)
(0.525 0.8 -0.1)
(0.5375 0.8 -0.1)
(0.55 0.8 -0.1)
(0.5625 0.8 -0.1)
(0.575 0.8 -0.1)
(0.5875 0.8 -0.1)
(0.6 0.8 -0.1)
(0.6125 0.8 -0.1)
(0.625 0.8 -0.1)
(0.6375 0.8 -0.1)
(0.65 0.8 -0.1)
(0.6625 0.8 -0.1)
(0.675 0.8 -0.1)
(0.6875 0.8 -0.1)
(0.7 0.8 -0.1)
(0.7125 0.8 -0.1)
(0.725 0.8 -0.1)
(0.7375 0.8 -0.1)
(0.75 0.8 -0.1)
(0.7625 0.8 -0.1)
(0.775 0.8 -0.1)
(0.7875 0.8 -0.1)
(0.8 0.8 -0.1)
(0.8125 0.8 -0.1)
(0.825 0.8 -0.1)
(0.8375 0.8 -0.1)
(0.85 0.8 -0.1)
(0.8625 0.8 -0.1)
(0.875 0.8 -0.1)
(0.8875 0.8 -0.1)
(0.9 0.8 -0.1)
(0.9125 0.8 -0.1)
(0.925 0.8 -0.1)
(0.9375 0.8 -0.1)
(0.95 0.8 -0.1)
(0.9625 0.8 -0.1)
(0.975 0.8 -0.1)
(0.9875 0.8 -0.1)
(1 0.8 -0.1)
(0 0.8125 -0.1)
(0.0125 0.8125 -0.1)
(0.025 0.8125 -0.1)
(0.0375 0.8125 -0.1)
(0.05 0.8125 -0.1)
(0.0625 0.8125 -0.1)
(0.075 0.8125 -0.1)
(0.0875 0.8125 -0.1)
(0.1 0.8125 -0.1)
(0.1125 0.8125 -0.1)
(0.125 0.8125 -0.1)
(0.1375 0.8125 -0.1)
(0.15 0.8125 -0.1)
(0.1625 0.8125 -0.1)
(0.175 0.8125 -0.1)
(0.1875 0.8125 -0.1)
(0.2 0.8125 -0.1)
(0.2125 0.8125 -0.1)
(0.225 0.8125 -0.1)
(0.2375 0.8125 -0.1)
(0.25 0.8125 -0.1)
(0.2625 0.8125 -0.1)
(0.275 0.8125 -0.1)
(0.2875 0.8125 -0.1)
(0.3 0.8125 -0.1)
(0.3125 0.8125 -0.1)
(0.325 0.8125 -0.1)
(0.3375 0.8125 -0.1)
(0.35 0.8125 -0.1)
(0.3625 0.8125 -0.1)
(0.375 0.8125 -0.1)
(0.3875 0.8125 -0.1)
(0.4 0.8125 -0.1)
(0.4125 0.8125 -0.1)
(0.425 0.8125 -0.1)
(0.4375 0.8125 -0.1)
(0.45 0.8125 -0.1)
(0.4625 0.8125 -0.1)
(0.475 0.8125 -0.1)
(0.4875 0.8125 -0.1)
(0.5 0.8125 -0.1)
(0.5125 0.8125 -0.1)
(0.525 0.8125 -0.1)
(0.5375 0.8125 -0.1)
(0.55 0.8125 -0.1)
(0.5625 0.8125 -0.1)
(0.575 0.8125 -0.1)
(0.5875 0.8125 -0.1)
(0.6 0.8125 -0.1)
(0.6125 0.8125 -0.1)
(0.625 0.8125 -0.1)
(0.6375 0.8125 -0.1)
(0.65 0.8125 -0.1)
(0.6625 0.8125 -0.1)
(0.675 0.8125 -0.1)
(0.6875 0.8125 -0.1)
(0.7 0.8125 -0.1)
(0.7125 0.8125 -0.1)
(0.725 0.8125 -0.1)
(0.7375 0.8125 -0.1)
(0.75 0.8125 -0.1)
(0.7625 0.8125 -0.1)
(0.775 0.8125 -0.1)
(0.7875 0.8125 -0.1)
(0.8 0.8125 -0.1)
(0.8125 0.8125 -0.1)
(0.825 0.8125 -0.1)
(0.8375 0.8125 -0.1)
(0.85 0.8125 -0.1)
(0.8625 0.8125 -0.1)
(0.875 0.8125 -0.1)
(0.8875 0.8125 -0.1)
(0.9 0.8125 -0.1)
(0.9125 0.8125 -0.1)
(0.925 0.8125 -0.1)
(0.9375 0.8125 -0.1)
(0.95 0.8125 -0.1)
(0.9625 0.8125 -0.1)
(0.975 0.8125 -0.1)
(0.9875 0.8125 -0.1)
(1 0.8125 -0.1)
(0 0.825 -0.1)
(0.0125 0.825 -0.1)
(0.025 0.825 -0.1)
(0.0375 0.825 -0.1)
(0.05 0.825 -0.1)
(0.0625 0.825 -0.1)
(0.075 0.825 -0.1)
(0.0875 0.825 -0.1)
(0.1 0.825 -0.1)
(0.1125 0.825 -0.1)
(0.125 0.825 -0.1)
(0.1375 0.825 -0.1)
(0.15 0.825 -0.1)
(0.1625 0.825 -0.1)
(0.175 0.825 -0.1)
(0.1875 0.825 -0.1)
(0.2 0.825 -0.1)
(0.2125 0.825 -0.1)
(0.225 0.825 -0.1)
(0.2375 0.825 -0.1)
(0.25 0.825 -0.1)
(0.2625 0.825 -0.1)
(0.275 0.825 -0.1)
(0.2875 0.825 -0.1)
(0.3 0.825 -0.1)
(0.3125 0.825 -0.1)
(0.325 0.825 -0.1)
(0.3375 0.825 -0.1)
(0.35 0.825 -0.1)
(0.3625 0.825 -0.1)
(0.375 0.825 -0.1)
(0.3875 0.825 -0.1)
(0.4 0.825 -0.1)
(0.4125 0.825 -0.1)
(0.425 0.825 -0.1)
(0.4375 0.825 -0.1)
(0.45 0.825 -0.1)
(0.4625 0.825 -0.1)
(0.475 0.825 -0.1)
(0.4875 0.825 -0.1)
(0.5 0.825 -0.1)
(0.5125 0.825 -0.1)
(0.525 0.825 -0.1)
(0.5375 0.825 -0.1)
(0.55 0.825 -0.1)
(0.5625 0.825 -0.1)
(0.575 0.825 -0.1)
(0.5875 0.825 -0.1)
(0.6 0.825 -0.1)
(0.6125 0.825 -0.1)
(0.625 0.825 -0.1)
(0.6375 0.825 -0.1)
(0.65 0.825 -0.1)
(0.6625 0.825 -0.1)
(0.675 0.825 -0.1)
(0.6875 0.825 -0.1)
(0.7 0.825 -0.1)
(0.7125 0.825 -0.1)
(0.725 0.825 -0.1)
(0.7375 0.825 -0.1)
(0.75 0.825 -0.1)
(0.7625 0.825 -0.1)
(0.775 0.825 -0.1)
(0.7875 0.825 -0.1)
(0.8 0.825 -0.1)
(0.8125 0.825 -0.1)
(0.825 0.825 -0.1)
(0.8375 0.825 -0.1)
(0.85 0.825 -0.1)
(0.8625 0.825 -0.1)
(0.875 0.825 -0.1)
(0.8875 0.825 -0.1)
(0.9 0.825 -0.1)
(0.9125 0.825 -0.1)
(0.925 0.825 -0.1)
(0.9375 0.825 -0.1)
(0.95 0.825 -0.1)
(0.9625 0.825 -0.1)
(0.975 0.825 -0.1)
(0.9875 0.825 -0.1)
(1 0.825 -0.1)
(0 0.8375 -0.1)
(0.0125 0.8375 -0.1)
(0.025 0.8375 -0.1)
(0.0375 0.8375 -0.1)
(0.05 0.8375 -0.1)
(0.0625 0.8375 -0.1)
(0.075 0.8375 -0.1)
(0.0875 0.8375 -0.1)
(0.1 0.8375 -0.1)
(0.1125 0.8375 -0.1)
(0.125 0.8375 -0.1)
(0.1375 0.8375 -0.1)
(0.15 0.8375 -0.1)
(0.1625 0.8375 -0.1)
(0.175 0.8375 -0.1)
(0.1875 0.8375 -0.1)
(0.2 0.8375 -0.1)
(0.2125 0.8375 -0.1)
(0.225 0.8375 -0.1)
(0.2375 0.8375 -0.1)
(0.25 0.8375 -0.1)
(0.2625 0.8375 -0.1)
(0.275 0.8375 -0.1)
(0.2875 0.8375 -0.1)
(0.3 0.8375 -0.1)
(0.3125 0.8375 -0.1)
(0.325 0.8375 -0.1)
(0.3375 0.8375 -0.1)
(0.35 0.8375 -0.1)
(0.3625 0.8375 -0.1)
(0.375 0.8375 -0.1)
(0.3875 0.8375 -0.1)
(0.4 0.8375 -0.1)
(0.4125 0.8375 -0.1)
(0.425 0.8375 -0.1)
(0.4375 0.8375 -0.1)
(0.45 0.8375 -0.1)
(0.4625 0.8375 -0.1)
(0.475 0.8375 -0.1)
(0.4875 0.8375 -0.1)
(0.5 0.8375 -0.1)
(0.5125 0.8375 -0.1)
(0.525 0.8375 -0.1)
(0.5375 0.8375 -0.1)
(0.55 0.8375 -0.1)
(0.5625 0.8375 -0.1)
(0.575 0.8375 -0.1)
(0.5875 0.8375 -0.1)
(0.6 0.8375 -0.1)
(0.6125 0.8375 -0.1)
(0.625 0.8375 -0.1)
(0.6375 0.8375 -0.1)
(0.65 0.8375 -0.1)
(0.6625 0.8375 -0.1)
(0.675 0.8375 -0.1)
(0.6875 0.8375 -0.1)
(0.7 0.8375 -0.1)
(0.7125 0.8375 -0.1)
(0.725 0.8375 -0.1)
(0.7375 0.8375 -0.1)
(0.75 0.8375 -0.1)
(0.7625 0.8375 -0.1)
(0.775 0.8375 -0.1)
(0.7875 0.8375 -0.1)
(0.8 0.8375 -0.1)
(0.8125 0.8375 -0.1)
(0.825 0.8375 -0.1)
(0.8375 0.8375 -0.1)
(0.85 0.8375 -0.1)
(0.8625 0.8375 -0.1)
(0.875 0.8375 -0.1)
(0.8875 0.8375 -0.1)
(0.9 0.8375 -0.1)
(0.9125 0.8375 -0.1)
(0.925 0.8375 -0.1)
(0.9375 0.8375 -0.1)
(0.95 0.8375 -0.1)
(0.9625 0.8375 -0.1)
(0.975 0.8375 -0.1)
(0.9875 0.8375 -0.1)
(1 0.8375 -0.1)
(0 0.85 -0.1)
(0.0125 0.85 -0.1)
(0.025 0.85 -0.1)
(0.0375 0.85 -0.1)
(0.05 0.85 -0.1)
(0.0625 0.85 -0.1)
(0.075 0.85 -0.1)
(0.0875 0.85 -0.1)
(0.1 0.85 -0.1)
(0.1125 0.85 -0.1)
(0.125 0.85 -0.1)
(0.1375 0.85 -0.1)
(0.15 0.85 -0.1)
(0.1625 0.85 -0.1)
(0.175 0.85 -0.1)
(0.1875 0.85 -0.1)
(0.2 0.85 -0.1)
(0.2125 0.85 -0.1)
(0.225 0.85 -0.1)
(0.2375 0.85 -0.1)
(0.25 0.85 -0.1)
(0.2625 0.85 -0.1)
(0.275 0.85 -0.1)
(0.2875 0.85 -0.1)
(0.3 0.85 -0.1)
(0.3125 0.85 -0.1)
(0.325 0.85 -0.1)
(0.3375 0.85 -0.1)
(0.35 0.85 -0.1)
(0.3625 0.85 -0.1)
(0.375 0.85 -0.1)
(0.3875 0.85 -0.1)
(0.4 0.85 -0.1)
(0.4125 0.85 -0.1)
(0.425 0.85 -0.1)
(0.4375 0.85 -0.1)
(0.45 0.85 -0.1)
(0.4625 0.85 -0.1)
(0.475 0.85 -0.1)
(0.4875 0.85 -0.1)
(0.5 0.85 -0.1)
(0.5125 0.85 -0.1)
(0.525 0.85 -0.1)
(0.5375 0.85 -0.1)
(0.55 0.85 -0.1)
(0.5625 0.85 -0.1)
(0.575 0.85 -0.1)
(0.5875 0.85 -0.1)
(0.6 0.85 -0.1)
(0.6125 0.85 -0.1)
(0.625 0.85 -0.1)
(0.6375 0.85 -0.1)
(0.65 0.85 -0.1)
(0.6625 0.85 -0.1)
(0.675 0.85 -0.1)
(0.6875 0.85 -0.1)
(0.7 0.85 -0.1)
(0.7125 0.85 -0.1)
(0.725 0.85 -0.1)
(0.7375 0.85 -0.1)
(0.75 0.85 -0.1)
(0.7625 0.85 -0.1)
(0.775 0.85 -0.1)
(0.7875 0.85 -0.1)
(0.8 0.85 -0.1)
(0.8125 0.85 -0.1)
(0.825 0.85 -0.1)
(0.8375 0.85 -0.1)
(0.85 0.85 -0.1)
(0.8625 0.85 -0.1)
(0.875 0.85 -0.1)
(0.8875 0.85 -0.1)
(0.9 0.85 -0.1)
(0.9125 0.85 -0.1)
(0.925 0.85 -0.1)
(0.9375 0.85 -0.1)
(0.95 0.85 -0.1)
(0.9625 0.85 -0.1)
(0.975 0.85 -0.1)
(0.9875 0.85 -0.1)
(1 0.85 -0.1)
(0 0.8625 -0.1)
(0.0125 0.8625 -0.1)
(0.025 0.8625 -0.1)
(0.0375 0.8625 -0.1)
(0.05 0.8625 -0.1)
(0.0625 0.8625 -0.1)
(0.075 0.8625 -0.1)
(0.0875 0.8625 -0.1)
(0.1 0.8625 -0.1)
(0.1125 0.8625 -0.1)
(0.125 0.8625 -0.1)
(0.1375 0.8625 -0.1)
(0.15 0.8625 -0.1)
(0.1625 0.8625 -0.1)
(0.175 0.8625 -0.1)
(0.1875 0.8625 -0.1)
(0.2 0.8625 -0.1)
(0.2125 0.8625 -0.1)
(0.225 0.8625 -0.1)
(0.2375 0.8625 -0.1)
(0.25 0.8625 -0.1)
(0.2625 0.8625 -0.1)
(0.275 0.8625 -0.1)
(0.2875 0.8625 -0.1)
(0.3 0.8625 -0.1)
(0.3125 0.8625 -0.1)
(0.325 0.8625 -0.1)
(0.3375 0.8625 -0.1)
(0.35 0.8625 -0.1)
(0.3625 0.8625 -0.1)
(0.375 0.8625 -0.1)
(0.3875 0.8625 -0.1)
(0.4 0.8625 -0.1)
(0.4125 0.8625 -0.1)
(0.425 0.8625 -0.1)
(0.4375 0.8625 -0.1)
(0.45 0.8625 -0.1)
(0.4625 0.8625 -0.1)
(0.475 0.8625 -0.1)
(0.4875 0.8625 -0.1)
(0.5 0.8625 -0.1)
(0.5125 0.8625 -0.1)
(0.525 0.8625 -0.1)
(0.5375 0.8625 -0.1)
(0.55 0.8625 -0.1)
(0.5625 0.8625 -0.1)
(0.575 0.8625 -0.1)
(0.5875 0.8625 -0.1)
(0.6 0.8625 -0.1)
(0.6125 0.8625 -0.1)
(0.625 0.8625 -0.1)
(0.6375 0.8625 -0.1)
(0.65 0.8625 -0.1)
(0.6625 0.8625 -0.1)
(0.675 0.8625 -0.1)
(0.6875 0.8625 -0.1)
(0.7 0.8625 -0.1)
(0.7125 0.8625 -0.1)
(0.725 0.8625 -0.1)
(0.7375 0.8625 -0.1)
(0.75 0.8625 -0.1)
(0.7625 0.8625 -0.1)
(0.775 0.8625 -0.1)
(0.7875 0.8625 -0.1)
(0.8 0.8625 -0.1)
(0.8125 0.8625 -0.1)
(0.825 0.8625 -0.1)
(0.8375 0.8625 -0.1)
(0.85 0.8625 -0.1)
(0.8625 0.8625 -0.1)
(0.875 0.8625 -0.1)
(0.8875 0.8625 -0.1)
(0.9 0.8625 -0.1)
(0.9125 0.8625 -0.1)
(0.925 0.8625 -0.1)
(0.9375 0.8625 -0.1)
(0.95 0.8625 -0.1)
(0.9625 0.8625 -0.1)
(0.975 0.8625 -0.1)
(0.9875 0.8625 -0.1)
(1 0.8625 -0.1)
(0 0.875 -0.1)
(0.0125 0.875 -0.1)
(0.025 0.875 -0.1)
(0.0375 0.875 -0.1)
(0.05 0.875 -0.1)
(0.0625 0.875 -0.1)
(0.075 0.875 -0.1)
(0.0875 0.875 -0.1)
(0.1 0.875 -0.1)
(0.1125 0.875 -0.1)
(0.125 0.875 -0.1)
(0.1375 0.875 -0.1)
(0.15 0.875 -0.1)
(0.1625 0.875 -0.1)
(0.175 0.875 -0.1)
(0.1875 0.875 -0.1)
(0.2 0.875 -0.1)
(0.2125 0.875 -0.1)
(0.225 0.875 -0.1)
(0.2375 0.875 -0.1)
(0.25 0.875 -0.1)
(0.2625 0.875 -0.1)
(0.275 0.875 -0.1)
(0.2875 0.875 -0.1)
(0.3 0.875 -0.1)
(0.3125 0.875 -0.1)
(0.325 0.875 -0.1)
(0.3375 0.875 -0.1)
(0.35 0.875 -0.1)
(0.3625 0.875 -0.1)
(0.375 0.875 -0.1)
(0.3875 0.875 -0.1)
(0.4 0.875 -0.1)
(0.4125 0.875 -0.1)
(0.425 0.875 -0.1)
(0.4375 0.875 -0.1)
(0.45 0.875 -0.1)
(0.4625 0.875 -0.1)
(0.475 0.875 -0.1)
(0.4875 0.875 -0.1)
(0.5 0.875 -0.1)
(0.5125 0.875 -0.1)
(0.525 0.875 -0.1)
(0.5375 0.875 -0.1)
(0.55 0.875 -0.1)
(0.5625 0.875 -0.1)
(0.575 0.875 -0.1)
(0.5875 0.875 -0.1)
(0.6 0.875 -0.1)
(0.6125 0.875 -0.1)
(0.625 0.875 -0.1)
(0.6375 0.875 -0.1)
(0.65 0.875 -0.1)
(0.6625 0.875 -0.1)
(0.675 0.875 -0.1)
(0.6875 0.875 -0.1)
(0.7 0.875 -0.1)
(0.7125 0.875 -0.1)
(0.725 0.875 -0.1)
(0.7375 0.875 -0.1)
(0.75 0.875 -0.1)
(0.7625 0.875 -0.1)
(0.775 0.875 -0.1)
(0.7875 0.875 -0.1)
(0.8 0.875 -0.1)
(0.8125 0.875 -0.1)
(0.825 0.875 -0.1)
(0.8375 0.875 -0.1)
(0.85 0.875 -0.1)
(0.8625 0.875 -0.1)
(0.875 0.875 -0.1)
(0.8875 0.875 -0.1)
(0.9 0.875 -0.1)
(0.9125 0.875 -0.1)
(0.925 0.875 -0.1)
(0.9375 0.875 -0.1)
(0.95 0.875 -0.1)
(0.9625 0.875 -0.1)
(0.975 0.875 -0.1)
(0.9875 0.875 -0.1)
(1 0.875 -0.1)
(0 0.8875 -0.1)
(0.0125 0.8875 -0.1)
(0.025 0.8875 -0.1)
(0.0375 0.8875 -0.1)
(0.05 0.8875 -0.1)
(0.0625 0.8875 -0.1)
(0.075 0.8875 -0.1)
(0.0875 0.8875 -0.1)
(0.1 0.8875 -0.1)
(0.1125 0.8875 -0.1)
(0.125 0.8875 -0.1)
(0.1375 0.8875 -0.1)
(0.15 0.8875 -0.1)
(0.1625 0.8875 -0.1)
(0.175 0.8875 -0.1)
(0.1875 0.8875 -0.1)
(0.2 0.8875 -0.1)
(0.2125 0.8875 -0.1)
(0.225 0.8875 -0.1)
(0.2375 0.8875 -0.1)
(0.25 0.8875 -0.1)
(0.2625 0.8875 -0.1)
(0.275 0.8875 -0.1)
(0.2875 0.8875 -0.1)
(0.3 0.8875 -0.1)
(0.3125 0.8875 -0.1)
(0.325 0.8875 -0.1)
(0.3375 0.8875 -0.1)
(0.35 0.8875 -0.1)
(0.3625 0.8875 -0.1)
(0.375 0.8875 -0.1)
(0.3875 0.8875 -0.1)
(0.4 0.8875 -0.1)
(0.4125 0.8875 -0.1)
(0.425 0.8875 -0.1)
(0.4375 0.8875 -0.1)
(0.45 0.8875 -0.1)
(0.4625 0.8875 -0.1)
(0.475 0.8875 -0.1)
(0.4875 0.8875 -0.1)
(0.5 0.8875 -0.1)
(0.5125 0.8875 -0.1)
(0.525 0.8875 -0.1)
(0.5375 0.8875 -0.1)
(0.55 0.8875 -0.1)
(0.5625 0.8875 -0.1)
(0.575 0.8875 -0.1)
(0.5875 0.8875 -0.1)
(0.6 0.8875 -0.1)
(0.6125 0.8875 -0.1)
(0.625 0.8875 -0.1)
(0.6375 0.8875 -0.1)
(0.65 0.8875 -0.1)
(0.6625 0.8875 -0.1)
(0.675 0.8875 -0.1)
(0.6875 0.8875 -0.1)
(0.7 0.8875 -0.1)
(0.7125 0.8875 -0.1)
(0.725 0.8875 -0.1)
(0.7375 0.8875 -0.1)
(0.75 0.8875 -0.1)
(0.7625 0.8875 -0.1)
(0.775 0.8875 -0.1)
(0.7875 0.8875 -0.1)
(0.8 0.8875 -0.1)
(0.8125 0.8875 -0.1)
(0.825 0.8875 -0.1)
(0.8375 0.8875 -0.1)
(0.85 0.8875 -0.1)
(0.8625 0.8875 -0.1)
(0.875 0.8875 -0.1)
(0.8875 0.8875 -0.1)
(0.9 0.8875 -0.1)
(0.9125 0.8875 -0.1)
(0.925 0.8875 -0.1)
(0.9375 0.8875 -0.1)
(0.95 0.8875 -0.1)
(0.9625 0.8875 -0.1)
(0.975 0.8875 -0.1)
(0.9875 0.8875 -0.1)
(1 0.8875 -0.1)
(0 0.9 -0.1)
(0.0125 0.9 -0.1)
(0.025 0.9 -0.1)
(0.0375 0.9 -0.1)
(0.05 0.9 -0.1)
(0.0625 0.9 -0.1)
(0.075 0.9 -0.1)
(0.0875 0.9 -0.1)
(0.1 0.9 -0.1)
(0.1125 0.9 -0.1)
(0.125 0.9 -0.1)
(0.1375 0.9 -0.1)
(0.15 0.9 -0.1)
(0.1625 0.9 -0.1)
(0.175 0.9 -0.1)
(0.1875 0.9 -0.1)
(0.2 0.9 -0.1)
(0.2125 0.9 -0.1)
(0.225 0.9 -0.1)
(0.2375 0.9 -0.1)
(0.25 0.9 -0.1)
(0.2625 0.9 -0.1)
(0.275 0.9 -0.1)
(0.2875 0.9 -0.1)
(0.3 0.9 -0.1)
(0.3125 0.9 -0.1)
(0.325 0.9 -0.1)
(0.3375 0.9 -0.1)
(0.35 0.9 -0.1)
(0.3625 0.9 -0.1)
(0.375 0.9 -0.1)
(0.3875 0.9 -0.1)
(0.4 0.9 -0.1)
(0.4125 0.9 -0.1)
(0.425 0.9 -0.1)
(0.4375 0.9 -0.1)
(0.45 0.9 -0.1)
(0.4625 0.9 -0.1)
(0.475 0.9 -0.1)
(0.4875 0.9 -0.1)
(0.5 0.9 -0.1)
(0.5125 0.9 -0.1)
(0.525 0.9 -0.1)
(0.5375 0.9 -0.1)
(0.55 0.9 -0.1)
(0.5625 0.9 -0.1)
(0.575 0.9 -0.1)
(0.5875 0.9 -0.1)
(0.6 0.9 -0.1)
(0.6125 0.9 -0.1)
(0.625 0.9 -0.1)
(0.6375 0.9 -0.1)
(0.65 0.9 -0.1)
(0.6625 0.9 -0.1)
(0.675 0.9 -0.1)
(0.6875 0.9 -0.1)
(0.7 0.9 -0.1)
(0.7125 0.9 -0.1)
(0.725 0.9 -0.1)
(0.7375 0.9 -0.1)
(0.75 0.9 -0.1)
(0.7625 0.9 -0.1)
(0.775 0.9 -0.1)
(0.7875 0.9 -0.1)
(0.8 0.9 -0.1)
(0.8125 0.9 -0.1)
(0.825 0.9 -0.1)
(0.8375 0.9 -0.1)
(0.85 0.9 -0.1)
(0.8625 0.9 -0.1)
(0.875 0.9 -0.1)
(0.8875 0.9 -0.1)
(0.9 0.9 -0.1)
(0.9125 0.9 -0.1)
(0.925 0.9 -0.1)
(0.9375 0.9 -0.1)
(0.95 0.9 -0.1)
(0.9625 0.9 -0.1)
(0.975 0.9 -0.1)
(0.9875 0.9 -0.1)
(1 0.9 -0.1)
(0 0.9125 -0.1)
(0.0125 0.9125 -0.1)
(0.025 0.9125 -0.1)
(0.0375 0.9125 -0.1)
(0.05 0.9125 -0.1)
(0.0625 0.9125 -0.1)
(0.075 0.9125 -0.1)
(0.0875 0.9125 -0.1)
(0.1 0.9125 -0.1)
(0.1125 0.9125 -0.1)
(0.125 0.9125 -0.1)
(0.1375 0.9125 -0.1)
(0.15 0.9125 -0.1)
(0.1625 0.9125 -0.1)
(0.175 0.9125 -0.1)
(0.1875 0.9125 -0.1)
(0.2 0.9125 -0.1)
(0.2125 0.9125 -0.1)
(0.225 0.9125 -0.1)
(0.2375 0.9125 -0.1)
(0.25 0.9125 -0.1)
(0.2625 0.9125 -0.1)
(0.275 0.9125 -0.1)
(0.2875 0.9125 -0.1)
(0.3 0.9125 -0.1)
(0.3125 0.9125 -0.1)
(0.325 0.9125 -0.1)
(0.3375 0.9125 -0.1)
(0.35 0.9125 -0.1)
(0.3625 0.9125 -0.1)
(0.375 0.9125 -0.1)
(0.3875 0.9125 -0.1)
(0.4 0.9125 -0.1)
(0.4125 0.9125 -0.1)
(0.425 0.9125 -0.1)
(0.4375 0.9125 -0.1)
(0.45 0.9125 -0.1)
(0.4625 0.9125 -0.1)
(0.475 0.9125 -0.1)
(0.4875 0.9125 -0.1)
(0.5 0.9125 -0.1)
(0.5125 0.9125 -0.1)
(0.525 0.9125 -0.1)
(0.5375 0.9125 -0.1)
(0.55 0.9125 -0.1)
(0.5625 0.9125 -0.1)
(0.575 0.9125 -0.1)
(0.5875 0.9125 -0.1)
(0.6 0.9125 -0.1)
(0.6125 0.9125 -0.1)
(0.625 0.9125 -0.1)
(0.6375 0.9125 -0.1)
(0.65 0.9125 -0.1)
(0.6625 0.9125 -0.1)
(0.675 0.9125 -0.1)
(0.6875 0.9125 -0.1)
(0.7 0.9125 -0.1)
(0.7125 0.9125 -0.1)
(0.725 0.9125 -0.1)
(0.7375 0.9125 -0.1)
(0.75 0.9125 -0.1)
(0.7625 0.9125 -0.1)
(0.775 0.9125 -0.1)
(0.7875 0.9125 -0.1)
(0.8 0.9125 -0.1)
(0.8125 0.9125 -0.1)
(0.825 0.9125 -0.1)
(0.8375 0.9125 -0.1)
(0.85 0.9125 -0.1)
(0.8625 0.9125 -0.1)
(0.875 0.9125 -0.1)
(0.8875 0.9125 -0.1)
(0.9 0.9125 -0.1)
(0.9125 0.9125 -0.1)
(0.925 0.9125 -0.1)
(0.9375 0.9125 -0.1)
(0.95 0.9125 -0.1)
(0.9625 0.9125 -0.1)
(0.975 0.9125 -0.1)
(0.9875 0.9125 -0.1)
(1 0.9125 -0.1)
(0 0.925 -0.1)
(0.0125 0.925 -0.1)
(0.025 0.925 -0.1)
(0.0375 0.925 -0.1)
(0.05 0.925 -0.1)
(0.0625 0.925 -0.1)
(0.075 0.925 -0.1)
(0.0875 0.925 -0.1)
(0.1 0.925 -0.1)
(0.1125 0.925 -0.1)
(0.125 0.925 -0.1)
(0.1375 0.925 -0.1)
(0.15 0.925 -0.1)
(0.1625 0.925 -0.1)
(0.175 0.925 -0.1)
(0.1875 0.925 -0.1)
(0.2 0.925 -0.1)
(0.2125 0.925 -0.1)
(0.225 0.925 -0.1)
(0.2375 0.925 -0.1)
(0.25 0.925 -0.1)
(0.2625 0.925 -0.1)
(0.275 0.925 -0.1)
(0.2875 0.925 -0.1)
(0.3 0.925 -0.1)
(0.3125 0.925 -0.1)
(0.325 0.925 -0.1)
(0.3375 0.925 -0.1)
(0.35 0.925 -0.1)
(0.3625 0.925 -0.1)
(0.375 0.925 -0.1)
(0.3875 0.925 -0.1)
(0.4 0.925 -0.1)
(0.4125 0.925 -0.1)
(0.425 0.925 -0.1)
(0.4375 0.925 -0.1)
(0.45 0.925 -0.1)
(0.4625 0.925 -0.1)
(0.475 0.925 -0.1)
(0.4875 0.925 -0.1)
(0.5 0.925 -0.1)
(0.5125 0.925 -0.1)
(0.525 0.925 -0.1)
(0.5375 0.925 -0.1)
(0.55 0.925 -0.1)
(0.5625 0.925 -0.1)
(0.575 0.925 -0.1)
(0.5875 0.925 -0.1)
(0.6 0.925 -0.1)
(0.6125 0.925 -0.1)
(0.625 0.925 -0.1)
(0.6375 0.925 -0.1)
(0.65 0.925 -0.1)
(0.6625 0.925 -0.1)
(0.675 0.925 -0.1)
(0.6875 0.925 -0.1)
(0.7 0.925 -0.1)
(0.7125 0.925 -0.1)
(0.725 0.925 -0.1)
(0.7375 0.925 -0.1)
(0.75 0.925 -0.1)
(0.7625 0.925 -0.1)
(0.775 0.925 -0.1)
(0.7875 0.925 -0.1)
(0.8 0.925 -0.1)
(0.8125 0.925 -0.1)
(0.825 0.925 -0.1)
(0.8375 0.925 -0.1)
(0.85 0.925 -0.1)
(0.8625 0.925 -0.1)
(0.875 0.925 -0.1)
(0.8875 0.925 -0.1)
(0.9 0.925 -0.1)
(0.9125 0.925 -0.1)
(0.925 0.925 -0.1)
(0.9375 0.925 -0.1)
(0.95 0.925 -0.1)
(0.9625 0.925 -0.1)
(0.975 0.925 -0.1)
(0.9875 0.925 -0.1)
(1 0.925 -0.1)
(0 0.9375 -0.1)
(0.0125 0.9375 -0.1)
(0.025 0.9375 -0.1)
(0.0375 0.9375 -0.1)
(0.05 0.9375 -0.1)
(0.0625 0.9375 -0.1)
(0.075 0.9375 -0.1)
(0.0875 0.9375 -0.1)
(0.1 0.9375 -0.1)
(0.1125 0.9375 -0.1)
(0.125 0.9375 -0.1)
(0.1375 0.9375 -0.1)
(0.15 0.9375 -0.1)
(0.1625 0.9375 -0.1)
(0.175 0.9375 -0.1)
(0.1875 0.9375 -0.1)
(0.2 0.9375 -0.1)
(0.2125 0.9375 -0.1)
(0.225 0.9375 -0.1)
(0.2375 0.9375 -0.1)
(0.25 0.9375 -0.1)
(0.2625 0.9375 -0.1)
(0.275 0.9375 -0.1)
(0.2875 0.9375 -0.1)
(0.3 0.9375 -0.1)
(0.3125 0.9375 -0.1)
(0.325 0.9375 -0.1)
(0.3375 0.9375 -0.1)
(0.35 0.9375 -0.1)
(0.3625 0.9375 -0.1)
(0.375 0.9375 -0.1)
(0.3875 0.9375 -0.1)
(0.4 0.9375 -0.1)
(0.4125 0.9375 -0.1)
(0.425 0.9375 -0.1)
(0.4375 0.9375 -0.1)
(0.45 0.9375 -0.1)
(0.4625 0.9375 -0.1)
(0.475 0.9375 -0.1)
(0.4875 0.9375 -0.1)
(0.5 0.9375 -0.1)
(0.5125 0.9375 -0.1)
(0.525 0.9375 -0.1)
(0.5375 0.9375 -0.1)
(0.55 0.9375 -0.1)
(0.5625 0.9375 -0.1)
(0.575 0.9375 -0.1)
(0.5875 0.9375 -0.1)
(0.6 0.9375 -0.1)
(0.6125 0.9375 -0.1)
(0.625 0.9375 -0.1)
(0.6375 0.9375 -0.1)
(0.65 0.9375 -0.1)
(0.6625 0.9375 -0.1)
(0.675 0.9375 -0.1)
(0.6875 0.9375 -0.1)
(0.7 0.9375 -0.1)
(0.7125 0.9375 -0.1)
(0.725 0.9375 -0.1)
(0.7375 0.9375 -0.1)
(0.75 0.9375 -0.1)
(0.7625 0.9375 -0.1)
(0.775 0.9375 -0.1)
(0.7875 0.9375 -0.1)
(0.8 0.9375 -0.1)
(0.8125 0.9375 -0.1)
(0.825 0.9375 -0.1)
(0.8375 0.9375 -0.1)
(0.85 0.9375 -0.1)
(0.8625 0.9375 -0.1)
(0.875 0.9375 -0.1)
(0.8875 0.9375 -0.1)
(0.9 0.9375 -0.1)
(0.9125 0.9375 -0.1)
(0.925 0.9375 -0.1)
(0.9375 0.9375 -0.1)
(0.95 0.9375 -0.1)
(0.9625 0.9375 -0.1)
(0.975 0.9375 -0.1)
(0.9875 0.9375 -0.1)
(1 0.9375 -0.1)
(0 0.95 -0.1)
(0.0125 0.95 -0.1)
(0.025 0.95 -0.1)
(0.0375 0.95 -0.1)
(0.05 0.95 -0.1)
(0.0625 0.95 -0.1)
(0.075 0.95 -0.1)
(0.0875 0.95 -0.1)
(0.1 0.95 -0.1)
(0.1125 0.95 -0.1)
(0.125 0.95 -0.1)
(0.1375 0.95 -0.1)
(0.15 0.95 -0.1)
(0.1625 0.95 -0.1)
(0.175 0.95 -0.1)
(0.1875 0.95 -0.1)
(0.2 0.95 -0.1)
(0.2125 0.95 -0.1)
(0.225 0.95 -0.1)
(0.2375 0.95 -0.1)
(0.25 0.95 -0.1)
(0.2625 0.95 -0.1)
(0.275 0.95 -0.1)
(0.2875 0.95 -0.1)
(0.3 0.95 -0.1)
(0.3125 0.95 -0.1)
(0.325 0.95 -0.1)
(0.3375 0.95 -0.1)
(0.35 0.95 -0.1)
(0.3625 0.95 -0.1)
(0.375 0.95 -0.1)
(0.3875 0.95 -0.1)
(0.4 0.95 -0.1)
(0.4125 0.95 -0.1)
(0.425 0.95 -0.1)
(0.4375 0.95 -0.1)
(0.45 0.95 -0.1)
(0.4625 0.95 -0.1)
(0.475 0.95 -0.1)
(0.4875 0.95 -0.1)
(0.5 0.95 -0.1)
(0.5125 0.95 -0.1)
(0.525 0.95 -0.1)
(0.5375 0.95 -0.1)
(0.55 0.95 -0.1)
(0.5625 0.95 -0.1)
(0.575 0.95 -0.1)
(0.5875 0.95 -0.1)
(0.6 0.95 -0.1)
(0.6125 0.95 -0.1)
(0.625 0.95 -0.1)
(0.6375 0.95 -0.1)
(0.65 0.95 -0.1)
(0.6625 0.95 -0.1)
(0.675 0.95 -0.1)
(0.6875 0.95 -0.1)
(0.7 0.95 -0.1)
(0.7125 0.95 -0.1)
(0.725 0.95 -0.1)
(0.7375 0.95 -0.1)
(0.75 0.95 -0.1)
(0.7625 0.95 -0.1)
(0.775 0.95 -0.1)
(0.7875 0.95 -0.1)
(0.8 0.95 -0.1)
(0.8125 0.95 -0.1)
(0.825 0.95 -0.1)
(0.8375 0.95 -0.1)
(0.85 0.95 -0.1)
(0.8625 0.95 -0.1)
(0.875 0.95 -0.1)
(0.8875 0.95 -0.1)
(0.9 0.95 -0.1)
(0.9125 0.95 -0.1)
(0.925 0.95 -0.1)
(0.9375 0.95 -0.1)
(0.95 0.95 -0.1)
(0.9625 0.95 -0.1)
(0.975 0.95 -0.1)
(0.9875 0.95 -0.1)
(1 0.95 -0.1)
(0 0.9625 -0.1)
(0.0125 0.9625 -0.1)
(0.025 0.9625 -0.1)
(0.0375 0.9625 -0.1)
(0.05 0.9625 -0.1)
(0.0625 0.9625 -0.1)
(0.075 0.9625 -0.1)
(0.0875 0.9625 -0.1)
(0.1 0.9625 -0.1)
(0.1125 0.9625 -0.1)
(0.125 0.9625 -0.1)
(0.1375 0.9625 -0.1)
(0.15 0.9625 -0.1)
(0.1625 0.9625 -0.1)
(0.175 0.9625 -0.1)
(0.1875 0.9625 -0.1)
(0.2 0.9625 -0.1)
(0.2125 0.9625 -0.1)
(0.225 0.9625 -0.1)
(0.2375 0.9625 -0.1)
(0.25 0.9625 -0.1)
(0.2625 0.9625 -0.1)
(0.275 0.9625 -0.1)
(0.2875 0.9625 -0.1)
(0.3 0.9625 -0.1)
(0.3125 0.9625 -0.1)
(0.325 0.9625 -0.1)
(0.3375 0.9625 -0.1)
(0.35 0.9625 -0.1)
(0.3625 0.9625 -0.1)
(0.375 0.9625 -0.1)
(0.3875 0.9625 -0.1)
(0.4 0.9625 -0.1)
(0.4125 0.9625 -0.1)
(0.425 0.9625 -0.1)
(0.4375 0.9625 -0.1)
(0.45 0.9625 -0.1)
(0.4625 0.9625 -0.1)
(0.475 0.9625 -0.1)
(0.4875 0.9625 -0.1)
(0.5 0.9625 -0.1)
(0.5125 0.9625 -0.1)
(0.525 0.9625 -0.1)
(0.5375 0.9625 -0.1)
(0.55 0.9625 -0.1)
(0.5625 0.9625 -0.1)
(0.575 0.9625 -0.1)
(0.5875 0.9625 -0.1)
(0.6 0.9625 -0.1)
(0.6125 0.9625 -0.1)
(0.625 0.9625 -0.1)
(0.6375 0.9625 -0.1)
(0.65 0.9625 -0.1)
(0.6625 0.9625 -0.1)
(0.675 0.9625 -0.1)
(0.6875 0.9625 -0.1)
(0.7 0.9625 -0.1)
(0.7125 0.9625 -0.1)
(0.725 0.9625 -0.1)
(0.7375 0.9625 -0.1)
(0.75 0.9625 -0.1)
(0.7625 0.9625 -0.1)
(0.775 0.9625 -0.1)
(0.7875 0.9625 -0.1)
(0.8 0.9625 -0.1)
(0.8125 0.9625 -0.1)
(0.825 0.9625 -0.1)
(0.8375 0.9625 -0.1)
(0.85 0.9625 -0.1)
(0.8625 0.9625 -0.1)
(0.875 0.9625 -0.1)
(0.8875 0.9625 -0.1)
(0.9 0.9625 -0.1)
(0.9125 0.9625 -0.1)
(0.925 0.9625 -0.1)
(0.9375 0.9625 -0.1)
(0.95 0.9625 -0.1)
(0.9625 0.9625 -0.1)
(0.975 0.9625 -0.1)
(0.9875 0.9625 -0.1)
(1 0.9625 -0.1)
(0 0.975 -0.1)
(0.0125 0.975 -0.1)
(0.025 0.975 -0.1)
(0.0375 0.975 -0.1)
(0.05 0.975 -0.1)
(0.0625 0.975 -0.1)
(0.075 0.975 -0.1)
(0.0875 0.975 -0.1)
(0.1 0.975 -0.1)
(0.1125 0.975 -0.1)
(0.125 0.975 -0.1)
(0.1375 0.975 -0.1)
(0.15 0.975 -0.1)
(0.1625 0.975 -0.1)
(0.175 0.975 -0.1)
(0.1875 0.975 -0.1)
(0.2 0.975 -0.1)
(0.2125 0.975 -0.1)
(0.225 0.975 -0.1)
(0.2375 0.975 -0.1)
(0.25 0.975 -0.1)
(0.2625 0.975 -0.1)
(0.275 0.975 -0.1)
(0.2875 0.975 -0.1)
(0.3 0.975 -0.1)
(0.3125 0.975 -0.1)
(0.325 0.975 -0.1)
(0.3375 0.975 -0.1)
(0.35 0.975 -0.1)
(0.3625 0.975 -0.1)
(0.375 0.975 -0.1)
(0.3875 0.975 -0.1)
(0.4 0.975 -0.1)
(0.4125 0.975 -0.1)
(0.425 0.975 -0.1)
(0.4375 0.975 -0.1)
(0.45 0.975 -0.1)
(0.4625 0.975 -0.1)
(0.475 0.975 -0.1)
(0.4875 0.975 -0.1)
(0.5 0.975 -0.1)
(0.5125 0.975 -0.1)
(0.525 0.975 -0.1)
(0.5375 0.975 -0.1)
(0.55 0.975 -0.1)
(0.5625 0.975 -0.1)
(0.575 0.975 -0.1)
(0.5875 0.975 -0.1)
(0.6 0.975 -0.1)
(0.6125 0.975 -0.1)
(0.625 0.975 -0.1)
(0.6375 0.975 -0.1)
(0.65 0.975 -0.1)
(0.6625 0.975 -0.1)
(0.675 0.975 -0.1)
(0.6875 0.975 -0.1)
(0.7 0.975 -0.1)
(0.7125 0.975 -0.1)
(0.725 0.975 -0.1)
(0.7375 0.975 -0.1)
(0.75 0.975 -0.1)
(0.7625 0.975 -0.1)
(0.775 0.975 -0.1)
(0.7875 0.975 -0.1)
(0.8 0.975 -0.1)
(0.8125 0.975 -0.1)
(0.825 0.975 -0.1)
(0.8375 0.975 -0.1)
(0.85 0.975 -0.1)
(0.8625 0.975 -0.1)
(0.875 0.975 -0.1)
(0.8875 0.975 -0.1)
(0.9 0.975 -0.1)
(0.9125 0.975 -0.1)
(0.925 0.975 -0.1)
(0.9375 0.975 -0.1)
(0.95 0.975 -0.1)
(0.9625 0.975 -0.1)
(0.975 0.975 -0.1)
(0.9875 0.975 -0.1)
(1 0.975 -0.1)
(0 0.9875 -0.1)
(0.0125 0.9875 -0.1)
(0.025 0.9875 -0.1)
(0.0375 0.9875 -0.1)
(0.05 0.9875 -0.1)
(0.0625 0.9875 -0.1)
(0.075 0.9875 -0.1)
(0.0875 0.9875 -0.1)
(0.1 0.9875 -0.1)
(0.1125 0.9875 -0.1)
(0.125 0.9875 -0.1)
(0.1375 0.9875 -0.1)
(0.15 0.9875 -0.1)
(0.1625 0.9875 -0.1)
(0.175 0.9875 -0.1)
(0.1875 0.9875 -0.1)
(0.2 0.9875 -0.1)
(0.2125 0.9875 -0.1)
(0.225 0.9875 -0.1)
(0.2375 0.9875 -0.1)
(0.25 0.9875 -0.1)
(0.2625 0.9875 -0.1)
(0.275 0.9875 -0.1)
(0.2875 0.9875 -0.1)
(0.3 0.9875 -0.1)
(0.3125 0.9875 -0.1)
(0.325 0.9875 -0.1)
(0.3375 0.9875 -0.1)
(0.35 0.9875 -0.1)
(0.3625 0.9875 -0.1)
(0.375 0.9875 -0.1)
(0.3875 0.9875 -0.1)
(0.4 0.9875 -0.1)
(0.4125 0.9875 -0.1)
(0.425 0.9875 -0.1)
(0.4375 0.9875 -0.1)
(0.45 0.9875 -0.1)
(0.4625 0.9875 -0.1)
(0.475 0.9875 -0.1)
(0.4875 0.9875 -0.1)
(0.5 0.9875 -0.1)
(0.5125 0.9875 -0.1)
(0.525 0.9875 -0.1)
(0.5375 0.9875 -0.1)
(0.55 0.9875 -0.1)
(0.5625 0.9875 -0.1)
(0.575 0.9875 -0.1)
(0.5875 0.9875 -0.1)
(0.6 0.9875 -0.1)
(0.6125 0.9875 -0.1)
(0.625 0.9875 -0.1)
(0.6375 0.9875 -0.1)
(0.65 0.9875 -0.1)
(0.6625 0.9875 -0.1)
(0.675 0.9875 -0.1)
(0.6875 0.9875 -0.1)
(0.7 0.9875 -0.1)
(0.7125 0.9875 -0.1)
(0.725 0.9875 -0.1)
(0.7375 0.9875 -0.1)
(0.75 0.9875 -0.1)
(0.7625 0.9875 -0.1)
(0.775 0.9875 -0.1)
(0.7875 0.9875 -0.1)
(0.8 0.9875 -0.1)
(0.8125 0.9875 -0.1)
(0.825 0.9875 -0.1)
(0.8375 0.9875 -0.1)
(0.85 0.9875 -0.1)
(0.8625 0.9875 -0.1)
(0.875 0.9875 -0.1)
(0.8875 0.9875 -0.1)
(0.9 0.9875 -0.1)
(0.9125 0.9875 -0.1)
(0.925 0.9875 -0.1)
(0.9375 0.9875 -0.1)
(0.95 0.9875 -0.1)
(0.9625 0.9875 -0.1)
(0.975 0.9875 -0.1)
(0.9875 0.9875 -0.1)
(1 0.9875 -0.1)
(0 1 -0.1)
(0.0125 1 -0.1)
(0.025 1 -0.1)
(0.0375 1 -0.1)
(0.05 1 -0.1)
(0.0625 1 -0.1)
(0.075 1 -0.1)
(0.0875 1 -0.1)
(0.1 1 -0.1)
(0.1125 1 -0.1)
(0.125 1 -0.1)
(0.1375 1 -0.1)
(0.15 1 -0.1)
(0.1625 1 -0.1)
(0.175 1 -0.1)
(0.1875 1 -0.1)
(0.2 1 -0.1)
(0.2125 1 -0.1)
(0.225 1 -0.1)
(0.2375 1 -0.1)
(0.25 1 -0.1)
(0.2625 1 -0.1)
(0.275 1 -0.1)
(0.2875 1 -0.1)
(0.3 1 -0.1)
(0.3125 1 -0.1)
(0.325 1 -0.1)
(0.3375 1 -0.1)
(0.35 1 -0.1)
(0.3625 1 -0.1)
(0.375 1 -0.1)
(0.3875 1 -0.1)
(0.4 1 -0.1)
(0.4125 1 -0.1)
(0.425 1 -0.1)
(0.4375 1 -0.1)
(0.45 1 -0.1)
(0.4625 1 -0.1)
(0.475 1 -0.1)
(0.4875 1 -0.1)
(0.5 1 -0.1)
(0.5125 1 -0.1)
(0.525 1 -0.1)
(0.5375 1 -0.1)
(0.55 1 -0.1)
(0.5625 1 -0.1)
(0.575 1 -0.1)
(0.5875 1 -0.1)
(0.6 1 -0.1)
(0.6125 1 -0.1)
(0.625 1 -0.1)
(0.6375 1 -0.1)
(0.65 1 -0.1)
(0.6625 1 -0.1)
(0.675 1 -0.1)
(0.6875 1 -0.1)
(0.7 1 -0.1)
(0.7125 1 -0.1)
(0.725 1 -0.1)
(0.7375 1 -0.1)
(0.75 1 -0.1)
(0.7625 1 -0.1)
(0.775 1 -0.1)
(0.7875 1 -0.1)
(0.8 1 -0.1)
(0.8125 1 -0.1)
(0.825 1 -0.1)
(0.8375 1 -0.1)
(0.85 1 -0.1)
(0.8625 1 -0.1)
(0.875 1 -0.1)
(0.8875 1 -0.1)
(0.9 1 -0.1)
(0.9125 1 -0.1)
(0.925 1 -0.1)
(0.9375 1 -0.1)
(0.95 1 -0.1)
(0.9625 1 -0.1)
(0.975 1 -0.1)
(0.9875 1 -0.1)
(1 1 -0.1)
(0 1.0125 -0.1)
(0.0125 1.0125 -0.1)
(0.025 1.0125 -0.1)
(0.0375 1.0125 -0.1)
(0.05 1.0125 -0.1)
(0.0625 1.0125 -0.1)
(0.075 1.0125 -0.1)
(0.0875 1.0125 -0.1)
(0.1 1.0125 -0.1)
(0.1125 1.0125 -0.1)
(0.125 1.0125 -0.1)
(0.1375 1.0125 -0.1)
(0.15 1.0125 -0.1)
(0.1625 1.0125 -0.1)
(0.175 1.0125 -0.1)
(0.1875 1.0125 -0.1)
(0.2 1.0125 -0.1)
(0.2125 1.0125 -0.1)
(0.225 1.0125 -0.1)
(0.2375 1.0125 -0.1)
(0.25 1.0125 -0.1)
(0.2625 1.0125 -0.1)
(0.275 1.0125 -0.1)
(0.2875 1.0125 -0.1)
(0.3 1.0125 -0.1)
(0.3125 1.0125 -0.1)
(0.325 1.0125 -0.1)
(0.3375 1.0125 -0.1)
(0.35 1.0125 -0.1)
(0.3625 1.0125 -0.1)
(0.375 1.0125 -0.1)
(0.3875 1.0125 -0.1)
(0.4 1.0125 -0.1)
(0.4125 1.0125 -0.1)
(0.425 1.0125 -0.1)
(0.4375 1.0125 -0.1)
(0.45 1.0125 -0.1)
(0.4625 1.0125 -0.1)
(0.475 1.0125 -0.1)
(0.4875 1.0125 -0.1)
(0.5 1.0125 -0.1)
(0.5125 1.0125 -0.1)
(0.525 1.0125 -0.1)
(0.5375 1.0125 -0.1)
(0.55 1.0125 -0.1)
(0.5625 1.0125 -0.1)
(0.575 1.0125 -0.1)
(0.5875 1.0125 -0.1)
(0.6 1.0125 -0.1)
(0.6125 1.0125 -0.1)
(0.625 1.0125 -0.1)
(0.6375 1.0125 -0.1)
(0.65 1.0125 -0.1)
(0.6625 1.0125 -0.1)
(0.675 1.0125 -0.1)
(0.6875 1.0125 -0.1)
(0.7 1.0125 -0.1)
(0.7125 1.0125 -0.1)
(0.725 1.0125 -0.1)
(0.7375 1.0125 -0.1)
(0.75 1.0125 -0.1)
(0.7625 1.0125 -0.1)
(0.775 1.0125 -0.1)
(0.7875 1.0125 -0.1)
(0.8 1.0125 -0.1)
(0.8125 1.0125 -0.1)
(0.825 1.0125 -0.1)
(0.8375 1.0125 -0.1)
(0.85 1.0125 -0.1)
(0.8625 1.0125 -0.1)
(0.875 1.0125 -0.1)
(0.8875 1.0125 -0.1)
(0.9 1.0125 -0.1)
(0.9125 1.0125 -0.1)
(0.925 1.0125 -0.1)
(0.9375 1.0125 -0.1)
(0.95 1.0125 -0.1)
(0.9625 1.0125 -0.1)
(0.975 1.0125 -0.1)
(0.9875 1.0125 -0.1)
(1 1.0125 -0.1)
(0 1.025 -0.1)
(0.0125 1.025 -0.1)
(0.025 1.025 -0.1)
(0.0375 1.025 -0.1)
(0.05 1.025 -0.1)
(0.0625 1.025 -0.1)
(0.075 1.025 -0.1)
(0.0875 1.025 -0.1)
(0.1 1.025 -0.1)
(0.1125 1.025 -0.1)
(0.125 1.025 -0.1)
(0.1375 1.025 -0.1)
(0.15 1.025 -0.1)
(0.1625 1.025 -0.1)
(0.175 1.025 -0.1)
(0.1875 1.025 -0.1)
(0.2 1.025 -0.1)
(0.2125 1.025 -0.1)
(0.225 1.025 -0.1)
(0.2375 1.025 -0.1)
(0.25 1.025 -0.1)
(0.2625 1.025 -0.1)
(0.275 1.025 -0.1)
(0.2875 1.025 -0.1)
(0.3 1.025 -0.1)
(0.3125 1.025 -0.1)
(0.325 1.025 -0.1)
(0.3375 1.025 -0.1)
(0.35 1.025 -0.1)
(0.3625 1.025 -0.1)
(0.375 1.025 -0.1)
(0.3875 1.025 -0.1)
(0.4 1.025 -0.1)
(0.4125 1.025 -0.1)
(0.425 1.025 -0.1)
(0.4375 1.025 -0.1)
(0.45 1.025 -0.1)
(0.4625 1.025 -0.1)
(0.475 1.025 -0.1)
(0.4875 1.025 -0.1)
(0.5 1.025 -0.1)
(0.5125 1.025 -0.1)
(0.525 1.025 -0.1)
(0.5375 1.025 -0.1)
(0.55 1.025 -0.1)
(0.5625 1.025 -0.1)
(0.575 1.025 -0.1)
(0.5875 1.025 -0.1)
(0.6 1.025 -0.1)
(0.6125 1.025 -0.1)
(0.625 1.025 -0.1)
(0.6375 1.025 -0.1)
(0.65 1.025 -0.1)
(0.6625 1.025 -0.1)
(0.675 1.025 -0.1)
(0.6875 1.025 -0.1)
(0.7 1.025 -0.1)
(0.7125 1.025 -0.1)
(0.725 1.025 -0.1)
(0.7375 1.025 -0.1)
(0.75 1.025 -0.1)
(0.7625 1.025 -0.1)
(0.775 1.025 -0.1)
(0.7875 1.025 -0.1)
(0.8 1.025 -0.1)
(0.8125 1.025 -0.1)
(0.825 1.025 -0.1)
(0.8375 1.025 -0.1)
(0.85 1.025 -0.1)
(0.8625 1.025 -0.1)
(0.875 1.025 -0.1)
(0.8875 1.025 -0.1)
(0.9 1.025 -0.1)
(0.9125 1.025 -0.1)
(0.925 1.025 -0.1)
(0.9375 1.025 -0.1)
(0.95 1.025 -0.1)
(0.9625 1.025 -0.1)
(0.975 1.025 -0.1)
(0.9875 1.025 -0.1)
(1 1.025 -0.1)
(0 1.0375 -0.1)
(0.0125 1.0375 -0.1)
(0.025 1.0375 -0.1)
(0.0375 1.0375 -0.1)
(0.05 1.0375 -0.1)
(0.0625 1.0375 -0.1)
(0.075 1.0375 -0.1)
(0.0875 1.0375 -0.1)
(0.1 1.0375 -0.1)
(0.1125 1.0375 -0.1)
(0.125 1.0375 -0.1)
(0.1375 1.0375 -0.1)
(0.15 1.0375 -0.1)
(0.1625 1.0375 -0.1)
(0.175 1.0375 -0.1)
(0.1875 1.0375 -0.1)
(0.2 1.0375 -0.1)
(0.2125 1.0375 -0.1)
(0.225 1.0375 -0.1)
(0.2375 1.0375 -0.1)
(0.25 1.0375 -0.1)
(0.2625 1.0375 -0.1)
(0.275 1.0375 -0.1)
(0.2875 1.0375 -0.1)
(0.3 1.0375 -0.1)
(0.3125 1.0375 -0.1)
(0.325 1.0375 -0.1)
(0.3375 1.0375 -0.1)
(0.35 1.0375 -0.1)
(0.3625 1.0375 -0.1)
(0.375 1.0375 -0.1)
(0.3875 1.0375 -0.1)
(0.4 1.0375 -0.1)
(0.4125 1.0375 -0.1)
(0.425 1.0375 -0.1)
(0.4375 1.0375 -0.1)
(0.45 1.0375 -0.1)
(0.4625 1.0375 -0.1)
(0.475 1.0375 -0.1)
(0.4875 1.0375 -0.1)
(0.5 1.0375 -0.1)
(0.5125 1.0375 -0.1)
(0.525 1.0375 -0.1)
(0.5375 1.0375 -0.1)
(0.55 1.0375 -0.1)
(0.5625 1.0375 -0.1)
(0.575 1.0375 -0.1)
(0.5875 1.0375 -0.1)
(0.6 1.0375 -0.1)
(0.6125 1.0375 -0.1)
(0.625 1.0375 -0.1)
(0.6375 1.0375 -0.1)
(0.65 1.0375 -0.1)
(0.6625 1.0375 -0.1)
(0.675 1.0375 -0.1)
(0.6875 1.0375 -0.1)
(0.7 1.0375 -0.1)
(0.7125 1.0375 -0.1)
(0.725 1.0375 -0.1)
(0.7375 1.0375 -0.1)
(0.75 1.0375 -0.1)
(0.7625 1.0375 -0.1)
(0.775 1.0375 -0.1)
(0.7875 1.0375 -0.1)
(0.8 1.0375 -0.1)
(0.8125 1.0375 -0.1)
(0.825 1.0375 -0.1)
(0.8375 1.0375 -0.1)
(0.85 1.0375 -0.1)
(0.8625 1.0375 -0.1)
(0.875 1.0375 -0.1)
(0.8875 1.0375 -0.1)
(0.9 1.0375 -0.1)
(0.9125 1.0375 -0.1)
(0.925 1.0375 -0.1)
(0.9375 1.0375 -0.1)
(0.95 1.0375 -0.1)
(0.9625 1.0375 -0.1)
(0.975 1.0375 -0.1)
(0.9875 1.0375 -0.1)
(1 1.0375 -0.1)
(0 1.05 -0.1)
(0.0125 1.05 -0.1)
(0.025 1.05 -0.1)
(0.0375 1.05 -0.1)
(0.05 1.05 -0.1)
(0.0625 1.05 -0.1)
(0.075 1.05 -0.1)
(0.0875 1.05 -0.1)
(0.1 1.05 -0.1)
(0.1125 1.05 -0.1)
(0.125 1.05 -0.1)
(0.1375 1.05 -0.1)
(0.15 1.05 -0.1)
(0.1625 1.05 -0.1)
(0.175 1.05 -0.1)
(0.1875 1.05 -0.1)
(0.2 1.05 -0.1)
(0.2125 1.05 -0.1)
(0.225 1.05 -0.1)
(0.2375 1.05 -0.1)
(0.25 1.05 -0.1)
(0.2625 1.05 -0.1)
(0.275 1.05 -0.1)
(0.2875 1.05 -0.1)
(0.3 1.05 -0.1)
(0.3125 1.05 -0.1)
(0.325 1.05 -0.1)
(0.3375 1.05 -0.1)
(0.35 1.05 -0.1)
(0.3625 1.05 -0.1)
(0.375 1.05 -0.1)
(0.3875 1.05 -0.1)
(0.4 1.05 -0.1)
(0.4125 1.05 -0.1)
(0.425 1.05 -0.1)
(0.4375 1.05 -0.1)
(0.45 1.05 -0.1)
(0.4625 1.05 -0.1)
(0.475 1.05 -0.1)
(0.4875 1.05 -0.1)
(0.5 1.05 -0.1)
(0.5125 1.05 -0.1)
(0.525 1.05 -0.1)
(0.5375 1.05 -0.1)
(0.55 1.05 -0.1)
(0.5625 1.05 -0.1)
(0.575 1.05 -0.1)
(0.5875 1.05 -0.1)
(0.6 1.05 -0.1)
(0.6125 1.05 -0.1)
(0.625 1.05 -0.1)
(0.6375 1.05 -0.1)
(0.65 1.05 -0.1)
(0.6625 1.05 -0.1)
(0.675 1.05 -0.1)
(0.6875 1.05 -0.1)
(0.7 1.05 -0.1)
(0.7125 1.05 -0.1)
(0.725 1.05 -0.1)
(0.7375 1.05 -0.1)
(0.75 1.05 -0.1)
(0.7625 1.05 -0.1)
(0.775 1.05 -0.1)
(0.7875 1.05 -0.1)
(0.8 1.05 -0.1)
(0.8125 1.05 -0.1)
(0.825 1.05 -0.1)
(0.8375 1.05 -0.1)
(0.85 1.05 -0.1)
(0.8625 1.05 -0.1)
(0.875 1.05 -0.1)
(0.8875 1.05 -0.1)
(0.9 1.05 -0.1)
(0.9125 1.05 -0.1)
(0.925 1.05 -0.1)
(0.9375 1.05 -0.1)
(0.95 1.05 -0.1)
(0.9625 1.05 -0.1)
(0.975 1.05 -0.1)
(0.9875 1.05 -0.1)
(1 1.05 -0.1)
(0 1.0625 -0.1)
(0.0125 1.0625 -0.1)
(0.025 1.0625 -0.1)
(0.0375 1.0625 -0.1)
(0.05 1.0625 -0.1)
(0.0625 1.0625 -0.1)
(0.075 1.0625 -0.1)
(0.0875 1.0625 -0.1)
(0.1 1.0625 -0.1)
(0.1125 1.0625 -0.1)
(0.125 1.0625 -0.1)
(0.1375 1.0625 -0.1)
(0.15 1.0625 -0.1)
(0.1625 1.0625 -0.1)
(0.175 1.0625 -0.1)
(0.1875 1.0625 -0.1)
(0.2 1.0625 -0.1)
(0.2125 1.0625 -0.1)
(0.225 1.0625 -0.1)
(0.2375 1.0625 -0.1)
(0.25 1.0625 -0.1)
(0.2625 1.0625 -0.1)
(0.275 1.0625 -0.1)
(0.2875 1.0625 -0.1)
(0.3 1.0625 -0.1)
(0.3125 1.0625 -0.1)
(0.325 1.0625 -0.1)
(0.3375 1.0625 -0.1)
(0.35 1.0625 -0.1)
(0.3625 1.0625 -0.1)
(0.375 1.0625 -0.1)
(0.3875 1.0625 -0.1)
(0.4 1.0625 -0.1)
(0.4125 1.0625 -0.1)
(0.425 1.0625 -0.1)
(0.4375 1.0625 -0.1)
(0.45 1.0625 -0.1)
(0.4625 1.0625 -0.1)
(0.475 1.0625 -0.1)
(0.4875 1.0625 -0.1)
(0.5 1.0625 -0.1)
(0.5125 1.0625 -0.1)
(0.525 1.0625 -0.1)
(0.5375 1.0625 -0.1)
(0.55 1.0625 -0.1)
(0.5625 1.0625 -0.1)
(0.575 1.0625 -0.1)
(0.5875 1.0625 -0.1)
(0.6 1.0625 -0.1)
(0.6125 1.0625 -0.1)
(0.625 1.0625 -0.1)
(0.6375 1.0625 -0.1)
(0.65 1.0625 -0.1)
(0.6625 1.0625 -0.1)
(0.675 1.0625 -0.1)
(0.6875 1.0625 -0.1)
(0.7 1.0625 -0.1)
(0.7125 1.0625 -0.1)
(0.725 1.0625 -0.1)
(0.7375 1.0625 -0.1)
(0.75 1.0625 -0.1)
(0.7625 1.0625 -0.1)
(0.775 1.0625 -0.1)
(0.7875 1.0625 -0.1)
(0.8 1.0625 -0.1)
(0.8125 1.0625 -0.1)
(0.825 1.0625 -0.1)
(0.8375 1.0625 -0.1)
(0.85 1.0625 -0.1)
(0.8625 1.0625 -0.1)
(0.875 1.0625 -0.1)
(0.8875 1.0625 -0.1)
(0.9 1.0625 -0.1)
(0.9125 1.0625 -0.1)
(0.925 1.0625 -0.1)
(0.9375 1.0625 -0.1)
(0.95 1.0625 -0.1)
(0.9625 1.0625 -0.1)
(0.975 1.0625 -0.1)
(0.9875 1.0625 -0.1)
(1 1.0625 -0.1)
(0 1.075 -0.1)
(0.0125 1.075 -0.1)
(0.025 1.075 -0.1)
(0.0375 1.075 -0.1)
(0.05 1.075 -0.1)
(0.0625 1.075 -0.1)
(0.075 1.075 -0.1)
(0.0875 1.075 -0.1)
(0.1 1.075 -0.1)
(0.1125 1.075 -0.1)
(0.125 1.075 -0.1)
(0.1375 1.075 -0.1)
(0.15 1.075 -0.1)
(0.1625 1.075 -0.1)
(0.175 1.075 -0.1)
(0.1875 1.075 -0.1)
(0.2 1.075 -0.1)
(0.2125 1.075 -0.1)
(0.225 1.075 -0.1)
(0.2375 1.075 -0.1)
(0.25 1.075 -0.1)
(0.2625 1.075 -0.1)
(0.275 1.075 -0.1)
(0.2875 1.075 -0.1)
(0.3 1.075 -0.1)
(0.3125 1.075 -0.1)
(0.325 1.075 -0.1)
(0.3375 1.075 -0.1)
(0.35 1.075 -0.1)
(0.3625 1.075 -0.1)
(0.375 1.075 -0.1)
(0.3875 1.075 -0.1)
(0.4 1.075 -0.1)
(0.4125 1.075 -0.1)
(0.425 1.075 -0.1)
(0.4375 1.075 -0.1)
(0.45 1.075 -0.1)
(0.4625 1.075 -0.1)
(0.475 1.075 -0.1)
(0.4875 1.075 -0.1)
(0.5 1.075 -0.1)
(0.5125 1.075 -0.1)
(0.525 1.075 -0.1)
(0.5375 1.075 -0.1)
(0.55 1.075 -0.1)
(0.5625 1.075 -0.1)
(0.575 1.075 -0.1)
(0.5875 1.075 -0.1)
(0.6 1.075 -0.1)
(0.6125 1.075 -0.1)
(0.625 1.075 -0.1)
(0.6375 1.075 -0.1)
(0.65 1.075 -0.1)
(0.6625 1.075 -0.1)
(0.675 1.075 -0.1)
(0.6875 1.075 -0.1)
(0.7 1.075 -0.1)
(0.7125 1.075 -0.1)
(0.725 1.075 -0.1)
(0.7375 1.075 -0.1)
(0.75 1.075 -0.1)
(0.7625 1.075 -0.1)
(0.775 1.075 -0.1)
(0.7875 1.075 -0.1)
(0.8 1.075 -0.1)
(0.8125 1.075 -0.1)
(0.825 1.075 -0.1)
(0.8375 1.075 -0.1)
(0.85 1.075 -0.1)
(0.8625 1.075 -0.1)
(0.875 1.075 -0.1)
(0.8875 1.075 -0.1)
(0.9 1.075 -0.1)
(0.9125 1.075 -0.1)
(0.925 1.075 -0.1)
(0.9375 1.075 -0.1)
(0.95 1.075 -0.1)
(0.9625 1.075 -0.1)
(0.975 1.075 -0.1)
(0.9875 1.075 -0.1)
(1 1.075 -0.1)
(0 1.0875 -0.1)
(0.0125 1.0875 -0.1)
(0.025 1.0875 -0.1)
(0.0375 1.0875 -0.1)
(0.05 1.0875 -0.1)
(0.0625 1.0875 -0.1)
(0.075 1.0875 -0.1)
(0.0875 1.0875 -0.1)
(0.1 1.0875 -0.1)
(0.1125 1.0875 -0.1)
(0.125 1.0875 -0.1)
(0.1375 1.0875 -0.1)
(0.15 1.0875 -0.1)
(0.1625 1.0875 -0.1)
(0.175 1.0875 -0.1)
(0.1875 1.0875 -0.1)
(0.2 1.0875 -0.1)
(0.2125 1.0875 -0.1)
(0.225 1.0875 -0.1)
(0.2375 1.0875 -0.1)
(0.25 1.0875 -0.1)
(0.2625 1.0875 -0.1)
(0.275 1.0875 -0.1)
(0.2875 1.0875 -0.1)
(0.3 1.0875 -0.1)
(0.3125 1.0875 -0.1)
(0.325 1.0875 -0.1)
(0.3375 1.0875 -0.1)
(0.35 1.0875 -0.1)
(0.3625 1.0875 -0.1)
(0.375 1.0875 -0.1)
(0.3875 1.0875 -0.1)
(0.4 1.0875 -0.1)
(0.4125 1.0875 -0.1)
(0.425 1.0875 -0.1)
(0.4375 1.0875 -0.1)
(0.45 1.0875 -0.1)
(0.4625 1.0875 -0.1)
(0.475 1.0875 -0.1)
(0.4875 1.0875 -0.1)
(0.5 1.0875 -0.1)
(0.5125 1.0875 -0.1)
(0.525 1.0875 -0.1)
(0.5375 1.0875 -0.1)
(0.55 1.0875 -0.1)
(0.5625 1.0875 -0.1)
(0.575 1.0875 -0.1)
(0.5875 1.0875 -0.1)
(0.6 1.0875 -0.1)
(0.6125 1.0875 -0.1)
(0.625 1.0875 -0.1)
(0.6375 1.0875 -0.1)
(0.65 1.0875 -0.1)
(0.6625 1.0875 -0.1)
(0.675 1.0875 -0.1)
(0.6875 1.0875 -0.1)
(0.7 1.0875 -0.1)
(0.7125 1.0875 -0.1)
(0.725 1.0875 -0.1)
(0.7375 1.0875 -0.1)
(0.75 1.0875 -0.1)
(0.7625 1.0875 -0.1)
(0.775 1.0875 -0.1)
(0.7875 1.0875 -0.1)
(0.8 1.0875 -0.1)
(0.8125 1.0875 -0.1)
(0.825 1.0875 -0.1)
(0.8375 1.0875 -0.1)
(0.85 1.0875 -0.1)
(0.8625 1.0875 -0.1)
(0.875 1.0875 -0.1)
(0.8875 1.0875 -0.1)
(0.9 1.0875 -0.1)
(0.9125 1.0875 -0.1)
(0.925 1.0875 -0.1)
(0.9375 1.0875 -0.1)
(0.95 1.0875 -0.1)
(0.9625 1.0875 -0.1)
(0.975 1.0875 -0.1)
(0.9875 1.0875 -0.1)
(1 1.0875 -0.1)
(0 1.1 -0.1)
(0.0125 1.1 -0.1)
(0.025 1.1 -0.1)
(0.0375 1.1 -0.1)
(0.05 1.1 -0.1)
(0.0625 1.1 -0.1)
(0.075 1.1 -0.1)
(0.0875 1.1 -0.1)
(0.1 1.1 -0.1)
(0.1125 1.1 -0.1)
(0.125 1.1 -0.1)
(0.1375 1.1 -0.1)
(0.15 1.1 -0.1)
(0.1625 1.1 -0.1)
(0.175 1.1 -0.1)
(0.1875 1.1 -0.1)
(0.2 1.1 -0.1)
(0.2125 1.1 -0.1)
(0.225 1.1 -0.1)
(0.2375 1.1 -0.1)
(0.25 1.1 -0.1)
(0.2625 1.1 -0.1)
(0.275 1.1 -0.1)
(0.2875 1.1 -0.1)
(0.3 1.1 -0.1)
(0.3125 1.1 -0.1)
(0.325 1.1 -0.1)
(0.3375 1.1 -0.1)
(0.35 1.1 -0.1)
(0.3625 1.1 -0.1)
(0.375 1.1 -0.1)
(0.3875 1.1 -0.1)
(0.4 1.1 -0.1)
(0.4125 1.1 -0.1)
(0.425 1.1 -0.1)
(0.4375 1.1 -0.1)
(0.45 1.1 -0.1)
(0.4625 1.1 -0.1)
(0.475 1.1 -0.1)
(0.4875 1.1 -0.1)
(0.5 1.1 -0.1)
(0.5125 1.1 -0.1)
(0.525 1.1 -0.1)
(0.5375 1.1 -0.1)
(0.55 1.1 -0.1)
(0.5625 1.1 -0.1)
(0.575 1.1 -0.1)
(0.5875 1.1 -0.1)
(0.6 1.1 -0.1)
(0.6125 1.1 -0.1)
(0.625 1.1 -0.1)
(0.6375 1.1 -0.1)
(0.65 1.1 -0.1)
(0.6625 1.1 -0.1)
(0.675 1.1 -0.1)
(0.6875 1.1 -0.1)
(0.7 1.1 -0.1)
(0.7125 1.1 -0.1)
(0.725 1.1 -0.1)
(0.7375 1.1 -0.1)
(0.75 1.1 -0.1)
(0.7625 1.1 -0.1)
(0.775 1.1 -0.1)
(0.7875 1.1 -0.1)
(0.8 1.1 -0.1)
(0.8125 1.1 -0.1)
(0.825 1.1 -0.1)
(0.8375 1.1 -0.1)
(0.85 1.1 -0.1)
(0.8625 1.1 -0.1)
(0.875 1.1 -0.1)
(0.8875 1.1 -0.1)
(0.9 1.1 -0.1)
(0.9125 1.1 -0.1)
(0.925 1.1 -0.1)
(0.9375 1.1 -0.1)
(0.95 1.1 -0.1)
(0.9625 1.1 -0.1)
(0.975 1.1 -0.1)
(0.9875 1.1 -0.1)
(1 1.1 -0.1)
(0 1.1125 -0.1)
(0.0125 1.1125 -0.1)
(0.025 1.1125 -0.1)
(0.0375 1.1125 -0.1)
(0.05 1.1125 -0.1)
(0.0625 1.1125 -0.1)
(0.075 1.1125 -0.1)
(0.0875 1.1125 -0.1)
(0.1 1.1125 -0.1)
(0.1125 1.1125 -0.1)
(0.125 1.1125 -0.1)
(0.1375 1.1125 -0.1)
(0.15 1.1125 -0.1)
(0.1625 1.1125 -0.1)
(0.175 1.1125 -0.1)
(0.1875 1.1125 -0.1)
(0.2 1.1125 -0.1)
(0.2125 1.1125 -0.1)
(0.225 1.1125 -0.1)
(0.2375 1.1125 -0.1)
(0.25 1.1125 -0.1)
(0.2625 1.1125 -0.1)
(0.275 1.1125 -0.1)
(0.2875 1.1125 -0.1)
(0.3 1.1125 -0.1)
(0.3125 1.1125 -0.1)
(0.325 1.1125 -0.1)
(0.3375 1.1125 -0.1)
(0.35 1.1125 -0.1)
(0.3625 1.1125 -0.1)
(0.375 1.1125 -0.1)
(0.3875 1.1125 -0.1)
(0.4 1.1125 -0.1)
(0.4125 1.1125 -0.1)
(0.425 1.1125 -0.1)
(0.4375 1.1125 -0.1)
(0.45 1.1125 -0.1)
(0.4625 1.1125 -0.1)
(0.475 1.1125 -0.1)
(0.4875 1.1125 -0.1)
(0.5 1.1125 -0.1)
(0.5125 1.1125 -0.1)
(0.525 1.1125 -0.1)
(0.5375 1.1125 -0.1)
(0.55 1.1125 -0.1)
(0.5625 1.1125 -0.1)
(0.575 1.1125 -0.1)
(0.5875 1.1125 -0.1)
(0.6 1.1125 -0.1)
(0.6125 1.1125 -0.1)
(0.625 1.1125 -0.1)
(0.6375 1.1125 -0.1)
(0.65 1.1125 -0.1)
(0.6625 1.1125 -0.1)
(0.675 1.1125 -0.1)
(0.6875 1.1125 -0.1)
(0.7 1.1125 -0.1)
(0.7125 1.1125 -0.1)
(0.725 1.1125 -0.1)
(0.7375 1.1125 -0.1)
(0.75 1.1125 -0.1)
(0.7625 1.1125 -0.1)
(0.775 1.1125 -0.1)
(0.7875 1.1125 -0.1)
(0.8 1.1125 -0.1)
(0.8125 1.1125 -0.1)
(0.825 1.1125 -0.1)
(0.8375 1.1125 -0.1)
(0.85 1.1125 -0.1)
(0.8625 1.1125 -0.1)
(0.875 1.1125 -0.1)
(0.8875 1.1125 -0.1)
(0.9 1.1125 -0.1)
(0.9125 1.1125 -0.1)
(0.925 1.1125 -0.1)
(0.9375 1.1125 -0.1)
(0.95 1.1125 -0.1)
(0.9625 1.1125 -0.1)
(0.975 1.1125 -0.1)
(0.9875 1.1125 -0.1)
(1 1.1125 -0.1)
(0 1.125 -0.1)
(0.0125 1.125 -0.1)
(0.025 1.125 -0.1)
(0.0375 1.125 -0.1)
(0.05 1.125 -0.1)
(0.0625 1.125 -0.1)
(0.075 1.125 -0.1)
(0.0875 1.125 -0.1)
(0.1 1.125 -0.1)
(0.1125 1.125 -0.1)
(0.125 1.125 -0.1)
(0.1375 1.125 -0.1)
(0.15 1.125 -0.1)
(0.1625 1.125 -0.1)
(0.175 1.125 -0.1)
(0.1875 1.125 -0.1)
(0.2 1.125 -0.1)
(0.2125 1.125 -0.1)
(0.225 1.125 -0.1)
(0.2375 1.125 -0.1)
(0.25 1.125 -0.1)
(0.2625 1.125 -0.1)
(0.275 1.125 -0.1)
(0.2875 1.125 -0.1)
(0.3 1.125 -0.1)
(0.3125 1.125 -0.1)
(0.325 1.125 -0.1)
(0.3375 1.125 -0.1)
(0.35 1.125 -0.1)
(0.3625 1.125 -0.1)
(0.375 1.125 -0.1)
(0.3875 1.125 -0.1)
(0.4 1.125 -0.1)
(0.4125 1.125 -0.1)
(0.425 1.125 -0.1)
(0.4375 1.125 -0.1)
(0.45 1.125 -0.1)
(0.4625 1.125 -0.1)
(0.475 1.125 -0.1)
(0.4875 1.125 -0.1)
(0.5 1.125 -0.1)
(0.5125 1.125 -0.1)
(0.525 1.125 -0.1)
(0.5375 1.125 -0.1)
(0.55 1.125 -0.1)
(0.5625 1.125 -0.1)
(0.575 1.125 -0.1)
(0.5875 1.125 -0.1)
(0.6 1.125 -0.1)
(0.6125 1.125 -0.1)
(0.625 1.125 -0.1)
(0.6375 1.125 -0.1)
(0.65 1.125 -0.1)
(0.6625 1.125 -0.1)
(0.675 1.125 -0.1)
(0.6875 1.125 -0.1)
(0.7 1.125 -0.1)
(0.7125 1.125 -0.1)
(0.725 1.125 -0.1)
(0.7375 1.125 -0.1)
(0.75 1.125 -0.1)
(0.7625 1.125 -0.1)
(0.775 1.125 -0.1)
(0.7875 1.125 -0.1)
(0.8 1.125 -0.1)
(0.8125 1.125 -0.1)
(0.825 1.125 -0.1)
(0.8375 1.125 -0.1)
(0.85 1.125 -0.1)
(0.8625 1.125 -0.1)
(0.875 1.125 -0.1)
(0.8875 1.125 -0.1)
(0.9 1.125 -0.1)
(0.9125 1.125 -0.1)
(0.925 1.125 -0.1)
(0.9375 1.125 -0.1)
(0.95 1.125 -0.1)
(0.9625 1.125 -0.1)
(0.975 1.125 -0.1)
(0.9875 1.125 -0.1)
(1 1.125 -0.1)
(0 1.1375 -0.1)
(0.0125 1.1375 -0.1)
(0.025 1.1375 -0.1)
(0.0375 1.1375 -0.1)
(0.05 1.1375 -0.1)
(0.0625 1.1375 -0.1)
(0.075 1.1375 -0.1)
(0.0875 1.1375 -0.1)
(0.1 1.1375 -0.1)
(0.1125 1.1375 -0.1)
(0.125 1.1375 -0.1)
(0.1375 1.1375 -0.1)
(0.15 1.1375 -0.1)
(0.1625 1.1375 -0.1)
(0.175 1.1375 -0.1)
(0.1875 1.1375 -0.1)
(0.2 1.1375 -0.1)
(0.2125 1.1375 -0.1)
(0.225 1.1375 -0.1)
(0.2375 1.1375 -0.1)
(0.25 1.1375 -0.1)
(0.2625 1.1375 -0.1)
(0.275 1.1375 -0.1)
(0.2875 1.1375 -0.1)
(0.3 1.1375 -0.1)
(0.3125 1.1375 -0.1)
(0.325 1.1375 -0.1)
(0.3375 1.1375 -0.1)
(0.35 1.1375 -0.1)
(0.3625 1.1375 -0.1)
(0.375 1.1375 -0.1)
(0.3875 1.1375 -0.1)
(0.4 1.1375 -0.1)
(0.4125 1.1375 -0.1)
(0.425 1.1375 -0.1)
(0.4375 1.1375 -0.1)
(0.45 1.1375 -0.1)
(0.4625 1.1375 -0.1)
(0.475 1.1375 -0.1)
(0.4875 1.1375 -0.1)
(0.5 1.1375 -0.1)
(0.5125 1.1375 -0.1)
(0.525 1.1375 -0.1)
(0.5375 1.1375 -0.1)
(0.55 1.1375 -0.1)
(0.5625 1.1375 -0.1)
(0.575 1.1375 -0.1)
(0.5875 1.1375 -0.1)
(0.6 1.1375 -0.1)
(0.6125 1.1375 -0.1)
(0.625 1.1375 -0.1)
(0.6375 1.1375 -0.1)
(0.65 1.1375 -0.1)
(0.6625 1.1375 -0.1)
(0.675 1.1375 -0.1)
(0.6875 1.1375 -0.1)
(0.7 1.1375 -0.1)
(0.7125 1.1375 -0.1)
(0.725 1.1375 -0.1)
(0.7375 1.1375 -0.1)
(0.75 1.1375 -0.1)
(0.7625 1.1375 -0.1)
(0.775 1.1375 -0.1)
(0.7875 1.1375 -0.1)
(0.8 1.1375 -0.1)
(0.8125 1.1375 -0.1)
(0.825 1.1375 -0.1)
(0.8375 1.1375 -0.1)
(0.85 1.1375 -0.1)
(0.8625 1.1375 -0.1)
(0.875 1.1375 -0.1)
(0.8875 1.1375 -0.1)
(0.9 1.1375 -0.1)
(0.9125 1.1375 -0.1)
(0.925 1.1375 -0.1)
(0.9375 1.1375 -0.1)
(0.95 1.1375 -0.1)
(0.9625 1.1375 -0.1)
(0.975 1.1375 -0.1)
(0.9875 1.1375 -0.1)
(1 1.1375 -0.1)
(0 1.15 -0.1)
(0.0125 1.15 -0.1)
(0.025 1.15 -0.1)
(0.0375 1.15 -0.1)
(0.05 1.15 -0.1)
(0.0625 1.15 -0.1)
(0.075 1.15 -0.1)
(0.0875 1.15 -0.1)
(0.1 1.15 -0.1)
(0.1125 1.15 -0.1)
(0.125 1.15 -0.1)
(0.1375 1.15 -0.1)
(0.15 1.15 -0.1)
(0.1625 1.15 -0.1)
(0.175 1.15 -0.1)
(0.1875 1.15 -0.1)
(0.2 1.15 -0.1)
(0.2125 1.15 -0.1)
(0.225 1.15 -0.1)
(0.2375 1.15 -0.1)
(0.25 1.15 -0.1)
(0.2625 1.15 -0.1)
(0.275 1.15 -0.1)
(0.2875 1.15 -0.1)
(0.3 1.15 -0.1)
(0.3125 1.15 -0.1)
(0.325 1.15 -0.1)
(0.3375 1.15 -0.1)
(0.35 1.15 -0.1)
(0.3625 1.15 -0.1)
(0.375 1.15 -0.1)
(0.3875 1.15 -0.1)
(0.4 1.15 -0.1)
(0.4125 1.15 -0.1)
(0.425 1.15 -0.1)
(0.4375 1.15 -0.1)
(0.45 1.15 -0.1)
(0.4625 1.15 -0.1)
(0.475 1.15 -0.1)
(0.4875 1.15 -0.1)
(0.5 1.15 -0.1)
(0.5125 1.15 -0.1)
(0.525 1.15 -0.1)
(0.5375 1.15 -0.1)
(0.55 1.15 -0.1)
(0.5625 1.15 -0.1)
(0.575 1.15 -0.1)
(0.5875 1.15 -0.1)
(0.6 1.15 -0.1)
(0.6125 1.15 -0.1)
(0.625 1.15 -0.1)
(0.6375 1.15 -0.1)
(0.65 1.15 -0.1)
(0.6625 1.15 -0.1)
(0.675 1.15 -0.1)
(0.6875 1.15 -0.1)
(0.7 1.15 -0.1)
(0.7125 1.15 -0.1)
(0.725 1.15 -0.1)
(0.7375 1.15 -0.1)
(0.75 1.15 -0.1)
(0.7625 1.15 -0.1)
(0.775 1.15 -0.1)
(0.7875 1.15 -0.1)
(0.8 1.15 -0.1)
(0.8125 1.15 -0.1)
(0.825 1.15 -0.1)
(0.8375 1.15 -0.1)
(0.85 1.15 -0.1)
(0.8625 1.15 -0.1)
(0.875 1.15 -0.1)
(0.8875 1.15 -0.1)
(0.9 1.15 -0.1)
(0.9125 1.15 -0.1)
(0.925 1.15 -0.1)
(0.9375 1.15 -0.1)
(0.95 1.15 -0.1)
(0.9625 1.15 -0.1)
(0.975 1.15 -0.1)
(0.9875 1.15 -0.1)
(1 1.15 -0.1)
(0 1.1625 -0.1)
(0.0125 1.1625 -0.1)
(0.025 1.1625 -0.1)
(0.0375 1.1625 -0.1)
(0.05 1.1625 -0.1)
(0.0625 1.1625 -0.1)
(0.075 1.1625 -0.1)
(0.0875 1.1625 -0.1)
(0.1 1.1625 -0.1)
(0.1125 1.1625 -0.1)
(0.125 1.1625 -0.1)
(0.1375 1.1625 -0.1)
(0.15 1.1625 -0.1)
(0.1625 1.1625 -0.1)
(0.175 1.1625 -0.1)
(0.1875 1.1625 -0.1)
(0.2 1.1625 -0.1)
(0.2125 1.1625 -0.1)
(0.225 1.1625 -0.1)
(0.2375 1.1625 -0.1)
(0.25 1.1625 -0.1)
(0.2625 1.1625 -0.1)
(0.275 1.1625 -0.1)
(0.2875 1.1625 -0.1)
(0.3 1.1625 -0.1)
(0.3125 1.1625 -0.1)
(0.325 1.1625 -0.1)
(0.3375 1.1625 -0.1)
(0.35 1.1625 -0.1)
(0.3625 1.1625 -0.1)
(0.375 1.1625 -0.1)
(0.3875 1.1625 -0.1)
(0.4 1.1625 -0.1)
(0.4125 1.1625 -0.1)
(0.425 1.1625 -0.1)
(0.4375 1.1625 -0.1)
(0.45 1.1625 -0.1)
(0.4625 1.1625 -0.1)
(0.475 1.1625 -0.1)
(0.4875 1.1625 -0.1)
(0.5 1.1625 -0.1)
(0.5125 1.1625 -0.1)
(0.525 1.1625 -0.1)
(0.5375 1.1625 -0.1)
(0.55 1.1625 -0.1)
(0.5625 1.1625 -0.1)
(0.575 1.1625 -0.1)
(0.5875 1.1625 -0.1)
(0.6 1.1625 -0.1)
(0.6125 1.1625 -0.1)
(0.625 1.1625 -0.1)
(0.6375 1.1625 -0.1)
(0.65 1.1625 -0.1)
(0.6625 1.1625 -0.1)
(0.675 1.1625 -0.1)
(0.6875 1.1625 -0.1)
(0.7 1.1625 -0.1)
(0.7125 1.1625 -0.1)
(0.725 1.1625 -0.1)
(0.7375 1.1625 -0.1)
(0.75 1.1625 -0.1)
(0.7625 1.1625 -0.1)
(0.775 1.1625 -0.1)
(0.7875 1.1625 -0.1)
(0.8 1.1625 -0.1)
(0.8125 1.1625 -0.1)
(0.825 1.1625 -0.1)
(0.8375 1.1625 -0.1)
(0.85 1.1625 -0.1)
(0.8625 1.1625 -0.1)
(0.875 1.1625 -0.1)
(0.8875 1.1625 -0.1)
(0.9 1.1625 -0.1)
(0.9125 1.1625 -0.1)
(0.925 1.1625 -0.1)
(0.9375 1.1625 -0.1)
(0.95 1.1625 -0.1)
(0.9625 1.1625 -0.1)
(0.975 1.1625 -0.1)
(0.9875 1.1625 -0.1)
(1 1.1625 -0.1)
(0 1.175 -0.1)
(0.0125 1.175 -0.1)
(0.025 1.175 -0.1)
(0.0375 1.175 -0.1)
(0.05 1.175 -0.1)
(0.0625 1.175 -0.1)
(0.075 1.175 -0.1)
(0.0875 1.175 -0.1)
(0.1 1.175 -0.1)
(0.1125 1.175 -0.1)
(0.125 1.175 -0.1)
(0.1375 1.175 -0.1)
(0.15 1.175 -0.1)
(0.1625 1.175 -0.1)
(0.175 1.175 -0.1)
(0.1875 1.175 -0.1)
(0.2 1.175 -0.1)
(0.2125 1.175 -0.1)
(0.225 1.175 -0.1)
(0.2375 1.175 -0.1)
(0.25 1.175 -0.1)
(0.2625 1.175 -0.1)
(0.275 1.175 -0.1)
(0.2875 1.175 -0.1)
(0.3 1.175 -0.1)
(0.3125 1.175 -0.1)
(0.325 1.175 -0.1)
(0.3375 1.175 -0.1)
(0.35 1.175 -0.1)
(0.3625 1.175 -0.1)
(0.375 1.175 -0.1)
(0.3875 1.175 -0.1)
(0.4 1.175 -0.1)
(0.4125 1.175 -0.1)
(0.425 1.175 -0.1)
(0.4375 1.175 -0.1)
(0.45 1.175 -0.1)
(0.4625 1.175 -0.1)
(0.475 1.175 -0.1)
(0.4875 1.175 -0.1)
(0.5 1.175 -0.1)
(0.5125 1.175 -0.1)
(0.525 1.175 -0.1)
(0.5375 1.175 -0.1)
(0.55 1.175 -0.1)
(0.5625 1.175 -0.1)
(0.575 1.175 -0.1)
(0.5875 1.175 -0.1)
(0.6 1.175 -0.1)
(0.6125 1.175 -0.1)
(0.625 1.175 -0.1)
(0.6375 1.175 -0.1)
(0.65 1.175 -0.1)
(0.6625 1.175 -0.1)
(0.675 1.175 -0.1)
(0.6875 1.175 -0.1)
(0.7 1.175 -0.1)
(0.7125 1.175 -0.1)
(0.725 1.175 -0.1)
(0.7375 1.175 -0.1)
(0.75 1.175 -0.1)
(0.7625 1.175 -0.1)
(0.775 1.175 -0.1)
(0.7875 1.175 -0.1)
(0.8 1.175 -0.1)
(0.8125 1.175 -0.1)
(0.825 1.175 -0.1)
(0.8375 1.175 -0.1)
(0.85 1.175 -0.1)
(0.8625 1.175 -0.1)
(0.875 1.175 -0.1)
(0.8875 1.175 -0.1)
(0.9 1.175 -0.1)
(0.9125 1.175 -0.1)
(0.925 1.175 -0.1)
(0.9375 1.175 -0.1)
(0.95 1.175 -0.1)
(0.9625 1.175 -0.1)
(0.975 1.175 -0.1)
(0.9875 1.175 -0.1)
(1 1.175 -0.1)
(0 1.1875 -0.1)
(0.0125 1.1875 -0.1)
(0.025 1.1875 -0.1)
(0.0375 1.1875 -0.1)
(0.05 1.1875 -0.1)
(0.0625 1.1875 -0.1)
(0.075 1.1875 -0.1)
(0.0875 1.1875 -0.1)
(0.1 1.1875 -0.1)
(0.1125 1.1875 -0.1)
(0.125 1.1875 -0.1)
(0.1375 1.1875 -0.1)
(0.15 1.1875 -0.1)
(0.1625 1.1875 -0.1)
(0.175 1.1875 -0.1)
(0.1875 1.1875 -0.1)
(0.2 1.1875 -0.1)
(0.2125 1.1875 -0.1)
(0.225 1.1875 -0.1)
(0.2375 1.1875 -0.1)
(0.25 1.1875 -0.1)
(0.2625 1.1875 -0.1)
(0.275 1.1875 -0.1)
(0.2875 1.1875 -0.1)
(0.3 1.1875 -0.1)
(0.3125 1.1875 -0.1)
(0.325 1.1875 -0.1)
(0.3375 1.1875 -0.1)
(0.35 1.1875 -0.1)
(0.3625 1.1875 -0.1)
(0.375 1.1875 -0.1)
(0.3875 1.1875 -0.1)
(0.4 1.1875 -0.1)
(0.4125 1.1875 -0.1)
(0.425 1.1875 -0.1)
(0.4375 1.1875 -0.1)
(0.45 1.1875 -0.1)
(0.4625 1.1875 -0.1)
(0.475 1.1875 -0.1)
(0.4875 1.1875 -0.1)
(0.5 1.1875 -0.1)
(0.5125 1.1875 -0.1)
(0.525 1.1875 -0.1)
(0.5375 1.1875 -0.1)
(0.55 1.1875 -0.1)
(0.5625 1.1875 -0.1)
(0.575 1.1875 -0.1)
(0.5875 1.1875 -0.1)
(0.6 1.1875 -0.1)
(0.6125 1.1875 -0.1)
(0.625 1.1875 -0.1)
(0.6375 1.1875 -0.1)
(0.65 1.1875 -0.1)
(0.6625 1.1875 -0.1)
(0.675 1.1875 -0.1)
(0.6875 1.1875 -0.1)
(0.7 1.1875 -0.1)
(0.7125 1.1875 -0.1)
(0.725 1.1875 -0.1)
(0.7375 1.1875 -0.1)
(0.75 1.1875 -0.1)
(0.7625 1.1875 -0.1)
(0.775 1.1875 -0.1)
(0.7875 1.1875 -0.1)
(0.8 1.1875 -0.1)
(0.8125 1.1875 -0.1)
(0.825 1.1875 -0.1)
(0.8375 1.1875 -0.1)
(0.85 1.1875 -0.1)
(0.8625 1.1875 -0.1)
(0.875 1.1875 -0.1)
(0.8875 1.1875 -0.1)
(0.9 1.1875 -0.1)
(0.9125 1.1875 -0.1)
(0.925 1.1875 -0.1)
(0.9375 1.1875 -0.1)
(0.95 1.1875 -0.1)
(0.9625 1.1875 -0.1)
(0.975 1.1875 -0.1)
(0.9875 1.1875 -0.1)
(1 1.1875 -0.1)
(0 1.2 -0.1)
(0.0125 1.2 -0.1)
(0.025 1.2 -0.1)
(0.0375 1.2 -0.1)
(0.05 1.2 -0.1)
(0.0625 1.2 -0.1)
(0.075 1.2 -0.1)
(0.0875 1.2 -0.1)
(0.1 1.2 -0.1)
(0.1125 1.2 -0.1)
(0.125 1.2 -0.1)
(0.1375 1.2 -0.1)
(0.15 1.2 -0.1)
(0.1625 1.2 -0.1)
(0.175 1.2 -0.1)
(0.1875 1.2 -0.1)
(0.2 1.2 -0.1)
(0.2125 1.2 -0.1)
(0.225 1.2 -0.1)
(0.2375 1.2 -0.1)
(0.25 1.2 -0.1)
(0.2625 1.2 -0.1)
(0.275 1.2 -0.1)
(0.2875 1.2 -0.1)
(0.3 1.2 -0.1)
(0.3125 1.2 -0.1)
(0.325 1.2 -0.1)
(0.3375 1.2 -0.1)
(0.35 1.2 -0.1)
(0.3625 1.2 -0.1)
(0.375 1.2 -0.1)
(0.3875 1.2 -0.1)
(0.4 1.2 -0.1)
(0.4125 1.2 -0.1)
(0.425 1.2 -0.1)
(0.4375 1.2 -0.1)
(0.45 1.2 -0.1)
(0.4625 1.2 -0.1)
(0.475 1.2 -0.1)
(0.4875 1.2 -0.1)
(0.5 1.2 -0.1)
(0.5125 1.2 -0.1)
(0.525 1.2 -0.1)
(0.5375 1.2 -0.1)
(0.55 1.2 -0.1)
(0.5625 1.2 -0.1)
(0.575 1.2 -0.1)
(0.5875 1.2 -0.1)
(0.6 1.2 -0.1)
(0.6125 1.2 -0.1)
(0.625 1.2 -0.1)
(0.6375 1.2 -0.1)
(0.65 1.2 -0.1)
(0.6625 1.2 -0.1)
(0.675 1.2 -0.1)
(0.6875 1.2 -0.1)
(0.7 1.2 -0.1)
(0.7125 1.2 -0.1)
(0.725 1.2 -0.1)
(0.7375 1.2 -0.1)
(0.75 1.2 -0.1)
(0.7625 1.2 -0.1)
(0.775 1.2 -0.1)
(0.7875 1.2 -0.1)
(0.8 1.2 -0.1)
(0.8125 1.2 -0.1)
(0.825 1.2 -0.1)
(0.8375 1.2 -0.1)
(0.85 1.2 -0.1)
(0.8625 1.2 -0.1)
(0.875 1.2 -0.1)
(0.8875 1.2 -0.1)
(0.9 1.2 -0.1)
(0.9125 1.2 -0.1)
(0.925 1.2 -0.1)
(0.9375 1.2 -0.1)
(0.95 1.2 -0.1)
(0.9625 1.2 -0.1)
(0.975 1.2 -0.1)
(0.9875 1.2 -0.1)
(1 1.2 -0.1)
(0 1.2125 -0.1)
(0.0125 1.2125 -0.1)
(0.025 1.2125 -0.1)
(0.0375 1.2125 -0.1)
(0.05 1.2125 -0.1)
(0.0625 1.2125 -0.1)
(0.075 1.2125 -0.1)
(0.0875 1.2125 -0.1)
(0.1 1.2125 -0.1)
(0.1125 1.2125 -0.1)
(0.125 1.2125 -0.1)
(0.1375 1.2125 -0.1)
(0.15 1.2125 -0.1)
(0.1625 1.2125 -0.1)
(0.175 1.2125 -0.1)
(0.1875 1.2125 -0.1)
(0.2 1.2125 -0.1)
(0.2125 1.2125 -0.1)
(0.225 1.2125 -0.1)
(0.2375 1.2125 -0.1)
(0.25 1.2125 -0.1)
(0.2625 1.2125 -0.1)
(0.275 1.2125 -0.1)
(0.2875 1.2125 -0.1)
(0.3 1.2125 -0.1)
(0.3125 1.2125 -0.1)
(0.325 1.2125 -0.1)
(0.3375 1.2125 -0.1)
(0.35 1.2125 -0.1)
(0.3625 1.2125 -0.1)
(0.375 1.2125 -0.1)
(0.3875 1.2125 -0.1)
(0.4 1.2125 -0.1)
(0.4125 1.2125 -0.1)
(0.425 1.2125 -0.1)
(0.4375 1.2125 -0.1)
(0.45 1.2125 -0.1)
(0.4625 1.2125 -0.1)
(0.475 1.2125 -0.1)
(0.4875 1.2125 -0.1)
(0.5 1.2125 -0.1)
(0.5125 1.2125 -0.1)
(0.525 1.2125 -0.1)
(0.5375 1.2125 -0.1)
(0.55 1.2125 -0.1)
(0.5625 1.2125 -0.1)
(0.575 1.2125 -0.1)
(0.5875 1.2125 -0.1)
(0.6 1.2125 -0.1)
(0.6125 1.2125 -0.1)
(0.625 1.2125 -0.1)
(0.6375 1.2125 -0.1)
(0.65 1.2125 -0.1)
(0.6625 1.2125 -0.1)
(0.675 1.2125 -0.1)
(0.6875 1.2125 -0.1)
(0.7 1.2125 -0.1)
(0.7125 1.2125 -0.1)
(0.725 1.2125 -0.1)
(0.7375 1.2125 -0.1)
(0.75 1.2125 -0.1)
(0.7625 1.2125 -0.1)
(0.775 1.2125 -0.1)
(0.7875 1.2125 -0.1)
(0.8 1.2125 -0.1)
(0.8125 1.2125 -0.1)
(0.825 1.2125 -0.1)
(0.8375 1.2125 -0.1)
(0.85 1.2125 -0.1)
(0.8625 1.2125 -0.1)
(0.875 1.2125 -0.1)
(0.8875 1.2125 -0.1)
(0.9 1.2125 -0.1)
(0.9125 1.2125 -0.1)
(0.925 1.2125 -0.1)
(0.9375 1.2125 -0.1)
(0.95 1.2125 -0.1)
(0.9625 1.2125 -0.1)
(0.975 1.2125 -0.1)
(0.9875 1.2125 -0.1)
(1 1.2125 -0.1)
(0 1.225 -0.1)
(0.0125 1.225 -0.1)
(0.025 1.225 -0.1)
(0.0375 1.225 -0.1)
(0.05 1.225 -0.1)
(0.0625 1.225 -0.1)
(0.075 1.225 -0.1)
(0.0875 1.225 -0.1)
(0.1 1.225 -0.1)
(0.1125 1.225 -0.1)
(0.125 1.225 -0.1)
(0.1375 1.225 -0.1)
(0.15 1.225 -0.1)
(0.1625 1.225 -0.1)
(0.175 1.225 -0.1)
(0.1875 1.225 -0.1)
(0.2 1.225 -0.1)
(0.2125 1.225 -0.1)
(0.225 1.225 -0.1)
(0.2375 1.225 -0.1)
(0.25 1.225 -0.1)
(0.2625 1.225 -0.1)
(0.275 1.225 -0.1)
(0.2875 1.225 -0.1)
(0.3 1.225 -0.1)
(0.3125 1.225 -0.1)
(0.325 1.225 -0.1)
(0.3375 1.225 -0.1)
(0.35 1.225 -0.1)
(0.3625 1.225 -0.1)
(0.375 1.225 -0.1)
(0.3875 1.225 -0.1)
(0.4 1.225 -0.1)
(0.4125 1.225 -0.1)
(0.425 1.225 -0.1)
(0.4375 1.225 -0.1)
(0.45 1.225 -0.1)
(0.4625 1.225 -0.1)
(0.475 1.225 -0.1)
(0.4875 1.225 -0.1)
(0.5 1.225 -0.1)
(0.5125 1.225 -0.1)
(0.525 1.225 -0.1)
(0.5375 1.225 -0.1)
(0.55 1.225 -0.1)
(0.5625 1.225 -0.1)
(0.575 1.225 -0.1)
(0.5875 1.225 -0.1)
(0.6 1.225 -0.1)
(0.6125 1.225 -0.1)
(0.625 1.225 -0.1)
(0.6375 1.225 -0.1)
(0.65 1.225 -0.1)
(0.6625 1.225 -0.1)
(0.675 1.225 -0.1)
(0.6875 1.225 -0.1)
(0.7 1.225 -0.1)
(0.7125 1.225 -0.1)
(0.725 1.225 -0.1)
(0.7375 1.225 -0.1)
(0.75 1.225 -0.1)
(0.7625 1.225 -0.1)
(0.775 1.225 -0.1)
(0.7875 1.225 -0.1)
(0.8 1.225 -0.1)
(0.8125 1.225 -0.1)
(0.825 1.225 -0.1)
(0.8375 1.225 -0.1)
(0.85 1.225 -0.1)
(0.8625 1.225 -0.1)
(0.875 1.225 -0.1)
(0.8875 1.225 -0.1)
(0.9 1.225 -0.1)
(0.9125 1.225 -0.1)
(0.925 1.225 -0.1)
(0.9375 1.225 -0.1)
(0.95 1.225 -0.1)
(0.9625 1.225 -0.1)
(0.975 1.225 -0.1)
(0.9875 1.225 -0.1)
(1 1.225 -0.1)
(0 1.2375 -0.1)
(0.0125 1.2375 -0.1)
(0.025 1.2375 -0.1)
(0.0375 1.2375 -0.1)
(0.05 1.2375 -0.1)
(0.0625 1.2375 -0.1)
(0.075 1.2375 -0.1)
(0.0875 1.2375 -0.1)
(0.1 1.2375 -0.1)
(0.1125 1.2375 -0.1)
(0.125 1.2375 -0.1)
(0.1375 1.2375 -0.1)
(0.15 1.2375 -0.1)
(0.1625 1.2375 -0.1)
(0.175 1.2375 -0.1)
(0.1875 1.2375 -0.1)
(0.2 1.2375 -0.1)
(0.2125 1.2375 -0.1)
(0.225 1.2375 -0.1)
(0.2375 1.2375 -0.1)
(0.25 1.2375 -0.1)
(0.2625 1.2375 -0.1)
(0.275 1.2375 -0.1)
(0.2875 1.2375 -0.1)
(0.3 1.2375 -0.1)
(0.3125 1.2375 -0.1)
(0.325 1.2375 -0.1)
(0.3375 1.2375 -0.1)
(0.35 1.2375 -0.1)
(0.3625 1.2375 -0.1)
(0.375 1.2375 -0.1)
(0.3875 1.2375 -0.1)
(0.4 1.2375 -0.1)
(0.4125 1.2375 -0.1)
(0.425 1.2375 -0.1)
(0.4375 1.2375 -0.1)
(0.45 1.2375 -0.1)
(0.4625 1.2375 -0.1)
(0.475 1.2375 -0.1)
(0.4875 1.2375 -0.1)
(0.5 1.2375 -0.1)
(0.5125 1.2375 -0.1)
(0.525 1.2375 -0.1)
(0.5375 1.2375 -0.1)
(0.55 1.2375 -0.1)
(0.5625 1.2375 -0.1)
(0.575 1.2375 -0.1)
(0.5875 1.2375 -0.1)
(0.6 1.2375 -0.1)
(0.6125 1.2375 -0.1)
(0.625 1.2375 -0.1)
(0.6375 1.2375 -0.1)
(0.65 1.2375 -0.1)
(0.6625 1.2375 -0.1)
(0.675 1.2375 -0.1)
(0.6875 1.2375 -0.1)
(0.7 1.2375 -0.1)
(0.7125 1.2375 -0.1)
(0.725 1.2375 -0.1)
(0.7375 1.2375 -0.1)
(0.75 1.2375 -0.1)
(0.7625 1.2375 -0.1)
(0.775 1.2375 -0.1)
(0.7875 1.2375 -0.1)
(0.8 1.2375 -0.1)
(0.8125 1.2375 -0.1)
(0.825 1.2375 -0.1)
(0.8375 1.2375 -0.1)
(0.85 1.2375 -0.1)
(0.8625 1.2375 -0.1)
(0.875 1.2375 -0.1)
(0.8875 1.2375 -0.1)
(0.9 1.2375 -0.1)
(0.9125 1.2375 -0.1)
(0.925 1.2375 -0.1)
(0.9375 1.2375 -0.1)
(0.95 1.2375 -0.1)
(0.9625 1.2375 -0.1)
(0.975 1.2375 -0.1)
(0.9875 1.2375 -0.1)
(1 1.2375 -0.1)
(0 1.25 -0.1)
(0.0125 1.25 -0.1)
(0.025 1.25 -0.1)
(0.0375 1.25 -0.1)
(0.05 1.25 -0.1)
(0.0625 1.25 -0.1)
(0.075 1.25 -0.1)
(0.0875 1.25 -0.1)
(0.1 1.25 -0.1)
(0.1125 1.25 -0.1)
(0.125 1.25 -0.1)
(0.1375 1.25 -0.1)
(0.15 1.25 -0.1)
(0.1625 1.25 -0.1)
(0.175 1.25 -0.1)
(0.1875 1.25 -0.1)
(0.2 1.25 -0.1)
(0.2125 1.25 -0.1)
(0.225 1.25 -0.1)
(0.2375 1.25 -0.1)
(0.25 1.25 -0.1)
(0.2625 1.25 -0.1)
(0.275 1.25 -0.1)
(0.2875 1.25 -0.1)
(0.3 1.25 -0.1)
(0.3125 1.25 -0.1)
(0.325 1.25 -0.1)
(0.3375 1.25 -0.1)
(0.35 1.25 -0.1)
(0.3625 1.25 -0.1)
(0.375 1.25 -0.1)
(0.3875 1.25 -0.1)
(0.4 1.25 -0.1)
(0.4125 1.25 -0.1)
(0.425 1.25 -0.1)
(0.4375 1.25 -0.1)
(0.45 1.25 -0.1)
(0.4625 1.25 -0.1)
(0.475 1.25 -0.1)
(0.4875 1.25 -0.1)
(0.5 1.25 -0.1)
(0.5125 1.25 -0.1)
(0.525 1.25 -0.1)
(0.5375 1.25 -0.1)
(0.55 1.25 -0.1)
(0.5625 1.25 -0.1)
(0.575 1.25 -0.1)
(0.5875 1.25 -0.1)
(0.6 1.25 -0.1)
(0.6125 1.25 -0.1)
(0.625 1.25 -0.1)
(0.6375 1.25 -0.1)
(0.65 1.25 -0.1)
(0.6625 1.25 -0.1)
(0.675 1.25 -0.1)
(0.6875 1.25 -0.1)
(0.7 1.25 -0.1)
(0.7125 1.25 -0.1)
(0.725 1.25 -0.1)
(0.7375 1.25 -0.1)
(0.75 1.25 -0.1)
(0.7625 1.25 -0.1)
(0.775 1.25 -0.1)
(0.7875 1.25 -0.1)
(0.8 1.25 -0.1)
(0.8125 1.25 -0.1)
(0.825 1.25 -0.1)
(0.8375 1.25 -0.1)
(0.85 1.25 -0.1)
(0.8625 1.25 -0.1)
(0.875 1.25 -0.1)
(0.8875 1.25 -0.1)
(0.9 1.25 -0.1)
(0.9125 1.25 -0.1)
(0.925 1.25 -0.1)
(0.9375 1.25 -0.1)
(0.95 1.25 -0.1)
(0.9625 1.25 -0.1)
(0.975 1.25 -0.1)
(0.9875 1.25 -0.1)
(1 1.25 -0.1)
(0 1.2625 -0.1)
(0.0125 1.2625 -0.1)
(0.025 1.2625 -0.1)
(0.0375 1.2625 -0.1)
(0.05 1.2625 -0.1)
(0.0625 1.2625 -0.1)
(0.075 1.2625 -0.1)
(0.0875 1.2625 -0.1)
(0.1 1.2625 -0.1)
(0.1125 1.2625 -0.1)
(0.125 1.2625 -0.1)
(0.1375 1.2625 -0.1)
(0.15 1.2625 -0.1)
(0.1625 1.2625 -0.1)
(0.175 1.2625 -0.1)
(0.1875 1.2625 -0.1)
(0.2 1.2625 -0.1)
(0.2125 1.2625 -0.1)
(0.225 1.2625 -0.1)
(0.2375 1.2625 -0.1)
(0.25 1.2625 -0.1)
(0.2625 1.2625 -0.1)
(0.275 1.2625 -0.1)
(0.2875 1.2625 -0.1)
(0.3 1.2625 -0.1)
(0.3125 1.2625 -0.1)
(0.325 1.2625 -0.1)
(0.3375 1.2625 -0.1)
(0.35 1.2625 -0.1)
(0.3625 1.2625 -0.1)
(0.375 1.2625 -0.1)
(0.3875 1.2625 -0.1)
(0.4 1.2625 -0.1)
(0.4125 1.2625 -0.1)
(0.425 1.2625 -0.1)
(0.4375 1.2625 -0.1)
(0.45 1.2625 -0.1)
(0.4625 1.2625 -0.1)
(0.475 1.2625 -0.1)
(0.4875 1.2625 -0.1)
(0.5 1.2625 -0.1)
(0.5125 1.2625 -0.1)
(0.525 1.2625 -0.1)
(0.5375 1.2625 -0.1)
(0.55 1.2625 -0.1)
(0.5625 1.2625 -0.1)
(0.575 1.2625 -0.1)
(0.5875 1.2625 -0.1)
(0.6 1.2625 -0.1)
(0.6125 1.2625 -0.1)
(0.625 1.2625 -0.1)
(0.6375 1.2625 -0.1)
(0.65 1.2625 -0.1)
(0.6625 1.2625 -0.1)
(0.675 1.2625 -0.1)
(0.6875 1.2625 -0.1)
(0.7 1.2625 -0.1)
(0.7125 1.2625 -0.1)
(0.725 1.2625 -0.1)
(0.7375 1.2625 -0.1)
(0.75 1.2625 -0.1)
(0.7625 1.2625 -0.1)
(0.775 1.2625 -0.1)
(0.7875 1.2625 -0.1)
(0.8 1.2625 -0.1)
(0.8125 1.2625 -0.1)
(0.825 1.2625 -0.1)
(0.8375 1.2625 -0.1)
(0.85 1.2625 -0.1)
(0.8625 1.2625 -0.1)
(0.875 1.2625 -0.1)
(0.8875 1.2625 -0.1)
(0.9 1.2625 -0.1)
(0.9125 1.2625 -0.1)
(0.925 1.2625 -0.1)
(0.9375 1.2625 -0.1)
(0.95 1.2625 -0.1)
(0.9625 1.2625 -0.1)
(0.975 1.2625 -0.1)
(0.9875 1.2625 -0.1)
(1 1.2625 -0.1)
(0 1.275 -0.1)
(0.0125 1.275 -0.1)
(0.025 1.275 -0.1)
(0.0375 1.275 -0.1)
(0.05 1.275 -0.1)
(0.0625 1.275 -0.1)
(0.075 1.275 -0.1)
(0.0875 1.275 -0.1)
(0.1 1.275 -0.1)
(0.1125 1.275 -0.1)
(0.125 1.275 -0.1)
(0.1375 1.275 -0.1)
(0.15 1.275 -0.1)
(0.1625 1.275 -0.1)
(0.175 1.275 -0.1)
(0.1875 1.275 -0.1)
(0.2 1.275 -0.1)
(0.2125 1.275 -0.1)
(0.225 1.275 -0.1)
(0.2375 1.275 -0.1)
(0.25 1.275 -0.1)
(0.2625 1.275 -0.1)
(0.275 1.275 -0.1)
(0.2875 1.275 -0.1)
(0.3 1.275 -0.1)
(0.3125 1.275 -0.1)
(0.325 1.275 -0.1)
(0.3375 1.275 -0.1)
(0.35 1.275 -0.1)
(0.3625 1.275 -0.1)
(0.375 1.275 -0.1)
(0.3875 1.275 -0.1)
(0.4 1.275 -0.1)
(0.4125 1.275 -0.1)
(0.425 1.275 -0.1)
(0.4375 1.275 -0.1)
(0.45 1.275 -0.1)
(0.4625 1.275 -0.1)
(0.475 1.275 -0.1)
(0.4875 1.275 -0.1)
(0.5 1.275 -0.1)
(0.5125 1.275 -0.1)
(0.525 1.275 -0.1)
(0.5375 1.275 -0.1)
(0.55 1.275 -0.1)
(0.5625 1.275 -0.1)
(0.575 1.275 -0.1)
(0.5875 1.275 -0.1)
(0.6 1.275 -0.1)
(0.6125 1.275 -0.1)
(0.625 1.275 -0.1)
(0.6375 1.275 -0.1)
(0.65 1.275 -0.1)
(0.6625 1.275 -0.1)
(0.675 1.275 -0.1)
(0.6875 1.275 -0.1)
(0.7 1.275 -0.1)
(0.7125 1.275 -0.1)
(0.725 1.275 -0.1)
(0.7375 1.275 -0.1)
(0.75 1.275 -0.1)
(0.7625 1.275 -0.1)
(0.775 1.275 -0.1)
(0.7875 1.275 -0.1)
(0.8 1.275 -0.1)
(0.8125 1.275 -0.1)
(0.825 1.275 -0.1)
(0.8375 1.275 -0.1)
(0.85 1.275 -0.1)
(0.8625 1.275 -0.1)
(0.875 1.275 -0.1)
(0.8875 1.275 -0.1)
(0.9 1.275 -0.1)
(0.9125 1.275 -0.1)
(0.925 1.275 -0.1)
(0.9375 1.275 -0.1)
(0.95 1.275 -0.1)
(0.9625 1.275 -0.1)
(0.975 1.275 -0.1)
(0.9875 1.275 -0.1)
(1 1.275 -0.1)
(0 1.2875 -0.1)
(0.0125 1.2875 -0.1)
(0.025 1.2875 -0.1)
(0.0375 1.2875 -0.1)
(0.05 1.2875 -0.1)
(0.0625 1.2875 -0.1)
(0.075 1.2875 -0.1)
(0.0875 1.2875 -0.1)
(0.1 1.2875 -0.1)
(0.1125 1.2875 -0.1)
(0.125 1.2875 -0.1)
(0.1375 1.2875 -0.1)
(0.15 1.2875 -0.1)
(0.1625 1.2875 -0.1)
(0.175 1.2875 -0.1)
(0.1875 1.2875 -0.1)
(0.2 1.2875 -0.1)
(0.2125 1.2875 -0.1)
(0.225 1.2875 -0.1)
(0.2375 1.2875 -0.1)
(0.25 1.2875 -0.1)
(0.2625 1.2875 -0.1)
(0.275 1.2875 -0.1)
(0.2875 1.2875 -0.1)
(0.3 1.2875 -0.1)
(0.3125 1.2875 -0.1)
(0.325 1.2875 -0.1)
(0.3375 1.2875 -0.1)
(0.35 1.2875 -0.1)
(0.3625 1.2875 -0.1)
(0.375 1.2875 -0.1)
(0.3875 1.2875 -0.1)
(0.4 1.2875 -0.1)
(0.4125 1.2875 -0.1)
(0.425 1.2875 -0.1)
(0.4375 1.2875 -0.1)
(0.45 1.2875 -0.1)
(0.4625 1.2875 -0.1)
(0.475 1.2875 -0.1)
(0.4875 1.2875 -0.1)
(0.5 1.2875 -0.1)
(0.5125 1.2875 -0.1)
(0.525 1.2875 -0.1)
(0.5375 1.2875 -0.1)
(0.55 1.2875 -0.1)
(0.5625 1.2875 -0.1)
(0.575 1.2875 -0.1)
(0.5875 1.2875 -0.1)
(0.6 1.2875 -0.1)
(0.6125 1.2875 -0.1)
(0.625 1.2875 -0.1)
(0.6375 1.2875 -0.1)
(0.65 1.2875 -0.1)
(0.6625 1.2875 -0.1)
(0.675 1.2875 -0.1)
(0.6875 1.2875 -0.1)
(0.7 1.2875 -0.1)
(0.7125 1.2875 -0.1)
(0.725 1.2875 -0.1)
(0.7375 1.2875 -0.1)
(0.75 1.2875 -0.1)
(0.7625 1.2875 -0.1)
(0.775 1.2875 -0.1)
(0.7875 1.2875 -0.1)
(0.8 1.2875 -0.1)
(0.8125 1.2875 -0.1)
(0.825 1.2875 -0.1)
(0.8375 1.2875 -0.1)
(0.85 1.2875 -0.1)
(0.8625 1.2875 -0.1)
(0.875 1.2875 -0.1)
(0.8875 1.2875 -0.1)
(0.9 1.2875 -0.1)
(0.9125 1.2875 -0.1)
(0.925 1.2875 -0.1)
(0.9375 1.2875 -0.1)
(0.95 1.2875 -0.1)
(0.9625 1.2875 -0.1)
(0.975 1.2875 -0.1)
(0.9875 1.2875 -0.1)
(1 1.2875 -0.1)
(0 1.3 -0.1)
(0.0125 1.3 -0.1)
(0.025 1.3 -0.1)
(0.0375 1.3 -0.1)
(0.05 1.3 -0.1)
(0.0625 1.3 -0.1)
(0.075 1.3 -0.1)
(0.0875 1.3 -0.1)
(0.1 1.3 -0.1)
(0.1125 1.3 -0.1)
(0.125 1.3 -0.1)
(0.1375 1.3 -0.1)
(0.15 1.3 -0.1)
(0.1625 1.3 -0.1)
(0.175 1.3 -0.1)
(0.1875 1.3 -0.1)
(0.2 1.3 -0.1)
(0.2125 1.3 -0.1)
(0.225 1.3 -0.1)
(0.2375 1.3 -0.1)
(0.25 1.3 -0.1)
(0.2625 1.3 -0.1)
(0.275 1.3 -0.1)
(0.2875 1.3 -0.1)
(0.3 1.3 -0.1)
(0.3125 1.3 -0.1)
(0.325 1.3 -0.1)
(0.3375 1.3 -0.1)
(0.35 1.3 -0.1)
(0.3625 1.3 -0.1)
(0.375 1.3 -0.1)
(0.3875 1.3 -0.1)
(0.4 1.3 -0.1)
(0.4125 1.3 -0.1)
(0.425 1.3 -0.1)
(0.4375 1.3 -0.1)
(0.45 1.3 -0.1)
(0.4625 1.3 -0.1)
(0.475 1.3 -0.1)
(0.4875 1.3 -0.1)
(0.5 1.3 -0.1)
(0.5125 1.3 -0.1)
(0.525 1.3 -0.1)
(0.5375 1.3 -0.1)
(0.55 1.3 -0.1)
(0.5625 1.3 -0.1)
(0.575 1.3 -0.1)
(0.5875 1.3 -0.1)
(0.6 1.3 -0.1)
(0.6125 1.3 -0.1)
(0.625 1.3 -0.1)
(0.6375 1.3 -0.1)
(0.65 1.3 -0.1)
(0.6625 1.3 -0.1)
(0.675 1.3 -0.1)
(0.6875 1.3 -0.1)
(0.7 1.3 -0.1)
(0.7125 1.3 -0.1)
(0.725 1.3 -0.1)
(0.7375 1.3 -0.1)
(0.75 1.3 -0.1)
(0.7625 1.3 -0.1)
(0.775 1.3 -0.1)
(0.7875 1.3 -0.1)
(0.8 1.3 -0.1)
(0.8125 1.3 -0.1)
(0.825 1.3 -0.1)
(0.8375 1.3 -0.1)
(0.85 1.3 -0.1)
(0.8625 1.3 -0.1)
(0.875 1.3 -0.1)
(0.8875 1.3 -0.1)
(0.9 1.3 -0.1)
(0.9125 1.3 -0.1)
(0.925 1.3 -0.1)
(0.9375 1.3 -0.1)
(0.95 1.3 -0.1)
(0.9625 1.3 -0.1)
(0.975 1.3 -0.1)
(0.9875 1.3 -0.1)
(1 1.3 -0.1)
(0 1.3125 -0.1)
(0.0125 1.3125 -0.1)
(0.025 1.3125 -0.1)
(0.0375 1.3125 -0.1)
(0.05 1.3125 -0.1)
(0.0625 1.3125 -0.1)
(0.075 1.3125 -0.1)
(0.0875 1.3125 -0.1)
(0.1 1.3125 -0.1)
(0.1125 1.3125 -0.1)
(0.125 1.3125 -0.1)
(0.1375 1.3125 -0.1)
(0.15 1.3125 -0.1)
(0.1625 1.3125 -0.1)
(0.175 1.3125 -0.1)
(0.1875 1.3125 -0.1)
(0.2 1.3125 -0.1)
(0.2125 1.3125 -0.1)
(0.225 1.3125 -0.1)
(0.2375 1.3125 -0.1)
(0.25 1.3125 -0.1)
(0.2625 1.3125 -0.1)
(0.275 1.3125 -0.1)
(0.2875 1.3125 -0.1)
(0.3 1.3125 -0.1)
(0.3125 1.3125 -0.1)
(0.325 1.3125 -0.1)
(0.3375 1.3125 -0.1)
(0.35 1.3125 -0.1)
(0.3625 1.3125 -0.1)
(0.375 1.3125 -0.1)
(0.3875 1.3125 -0.1)
(0.4 1.3125 -0.1)
(0.4125 1.3125 -0.1)
(0.425 1.3125 -0.1)
(0.4375 1.3125 -0.1)
(0.45 1.3125 -0.1)
(0.4625 1.3125 -0.1)
(0.475 1.3125 -0.1)
(0.4875 1.3125 -0.1)
(0.5 1.3125 -0.1)
(0.5125 1.3125 -0.1)
(0.525 1.3125 -0.1)
(0.5375 1.3125 -0.1)
(0.55 1.3125 -0.1)
(0.5625 1.3125 -0.1)
(0.575 1.3125 -0.1)
(0.5875 1.3125 -0.1)
(0.6 1.3125 -0.1)
(0.6125 1.3125 -0.1)
(0.625 1.3125 -0.1)
(0.6375 1.3125 -0.1)
(0.65 1.3125 -0.1)
(0.6625 1.3125 -0.1)
(0.675 1.3125 -0.1)
(0.6875 1.3125 -0.1)
(0.7 1.3125 -0.1)
(0.7125 1.3125 -0.1)
(0.725 1.3125 -0.1)
(0.7375 1.3125 -0.1)
(0.75 1.3125 -0.1)
(0.7625 1.3125 -0.1)
(0.775 1.3125 -0.1)
(0.7875 1.3125 -0.1)
(0.8 1.3125 -0.1)
(0.8125 1.3125 -0.1)
(0.825 1.3125 -0.1)
(0.8375 1.3125 -0.1)
(0.85 1.3125 -0.1)
(0.8625 1.3125 -0.1)
(0.875 1.3125 -0.1)
(0.8875 1.3125 -0.1)
(0.9 1.3125 -0.1)
(0.9125 1.3125 -0.1)
(0.925 1.3125 -0.1)
(0.9375 1.3125 -0.1)
(0.95 1.3125 -0.1)
(0.9625 1.3125 -0.1)
(0.975 1.3125 -0.1)
(0.9875 1.3125 -0.1)
(1 1.3125 -0.1)
(0 1.325 -0.1)
(0.0125 1.325 -0.1)
(0.025 1.325 -0.1)
(0.0375 1.325 -0.1)
(0.05 1.325 -0.1)
(0.0625 1.325 -0.1)
(0.075 1.325 -0.1)
(0.0875 1.325 -0.1)
(0.1 1.325 -0.1)
(0.1125 1.325 -0.1)
(0.125 1.325 -0.1)
(0.1375 1.325 -0.1)
(0.15 1.325 -0.1)
(0.1625 1.325 -0.1)
(0.175 1.325 -0.1)
(0.1875 1.325 -0.1)
(0.2 1.325 -0.1)
(0.2125 1.325 -0.1)
(0.225 1.325 -0.1)
(0.2375 1.325 -0.1)
(0.25 1.325 -0.1)
(0.2625 1.325 -0.1)
(0.275 1.325 -0.1)
(0.2875 1.325 -0.1)
(0.3 1.325 -0.1)
(0.3125 1.325 -0.1)
(0.325 1.325 -0.1)
(0.3375 1.325 -0.1)
(0.35 1.325 -0.1)
(0.3625 1.325 -0.1)
(0.375 1.325 -0.1)
(0.3875 1.325 -0.1)
(0.4 1.325 -0.1)
(0.4125 1.325 -0.1)
(0.425 1.325 -0.1)
(0.4375 1.325 -0.1)
(0.45 1.325 -0.1)
(0.4625 1.325 -0.1)
(0.475 1.325 -0.1)
(0.4875 1.325 -0.1)
(0.5 1.325 -0.1)
(0.5125 1.325 -0.1)
(0.525 1.325 -0.1)
(0.5375 1.325 -0.1)
(0.55 1.325 -0.1)
(0.5625 1.325 -0.1)
(0.575 1.325 -0.1)
(0.5875 1.325 -0.1)
(0.6 1.325 -0.1)
(0.6125 1.325 -0.1)
(0.625 1.325 -0.1)
(0.6375 1.325 -0.1)
(0.65 1.325 -0.1)
(0.6625 1.325 -0.1)
(0.675 1.325 -0.1)
(0.6875 1.325 -0.1)
(0.7 1.325 -0.1)
(0.7125 1.325 -0.1)
(0.725 1.325 -0.1)
(0.7375 1.325 -0.1)
(0.75 1.325 -0.1)
(0.7625 1.325 -0.1)
(0.775 1.325 -0.1)
(0.7875 1.325 -0.1)
(0.8 1.325 -0.1)
(0.8125 1.325 -0.1)
(0.825 1.325 -0.1)
(0.8375 1.325 -0.1)
(0.85 1.325 -0.1)
(0.8625 1.325 -0.1)
(0.875 1.325 -0.1)
(0.8875 1.325 -0.1)
(0.9 1.325 -0.1)
(0.9125 1.325 -0.1)
(0.925 1.325 -0.1)
(0.9375 1.325 -0.1)
(0.95 1.325 -0.1)
(0.9625 1.325 -0.1)
(0.975 1.325 -0.1)
(0.9875 1.325 -0.1)
(1 1.325 -0.1)
(0 1.3375 -0.1)
(0.0125 1.3375 -0.1)
(0.025 1.3375 -0.1)
(0.0375 1.3375 -0.1)
(0.05 1.3375 -0.1)
(0.0625 1.3375 -0.1)
(0.075 1.3375 -0.1)
(0.0875 1.3375 -0.1)
(0.1 1.3375 -0.1)
(0.1125 1.3375 -0.1)
(0.125 1.3375 -0.1)
(0.1375 1.3375 -0.1)
(0.15 1.3375 -0.1)
(0.1625 1.3375 -0.1)
(0.175 1.3375 -0.1)
(0.1875 1.3375 -0.1)
(0.2 1.3375 -0.1)
(0.2125 1.3375 -0.1)
(0.225 1.3375 -0.1)
(0.2375 1.3375 -0.1)
(0.25 1.3375 -0.1)
(0.2625 1.3375 -0.1)
(0.275 1.3375 -0.1)
(0.2875 1.3375 -0.1)
(0.3 1.3375 -0.1)
(0.3125 1.3375 -0.1)
(0.325 1.3375 -0.1)
(0.3375 1.3375 -0.1)
(0.35 1.3375 -0.1)
(0.3625 1.3375 -0.1)
(0.375 1.3375 -0.1)
(0.3875 1.3375 -0.1)
(0.4 1.3375 -0.1)
(0.4125 1.3375 -0.1)
(0.425 1.3375 -0.1)
(0.4375 1.3375 -0.1)
(0.45 1.3375 -0.1)
(0.4625 1.3375 -0.1)
(0.475 1.3375 -0.1)
(0.4875 1.3375 -0.1)
(0.5 1.3375 -0.1)
(0.5125 1.3375 -0.1)
(0.525 1.3375 -0.1)
(0.5375 1.3375 -0.1)
(0.55 1.3375 -0.1)
(0.5625 1.3375 -0.1)
(0.575 1.3375 -0.1)
(0.5875 1.3375 -0.1)
(0.6 1.3375 -0.1)
(0.6125 1.3375 -0.1)
(0.625 1.3375 -0.1)
(0.6375 1.3375 -0.1)
(0.65 1.3375 -0.1)
(0.6625 1.3375 -0.1)
(0.675 1.3375 -0.1)
(0.6875 1.3375 -0.1)
(0.7 1.3375 -0.1)
(0.7125 1.3375 -0.1)
(0.725 1.3375 -0.1)
(0.7375 1.3375 -0.1)
(0.75 1.3375 -0.1)
(0.7625 1.3375 -0.1)
(0.775 1.3375 -0.1)
(0.7875 1.3375 -0.1)
(0.8 1.3375 -0.1)
(0.8125 1.3375 -0.1)
(0.825 1.3375 -0.1)
(0.8375 1.3375 -0.1)
(0.85 1.3375 -0.1)
(0.8625 1.3375 -0.1)
(0.875 1.3375 -0.1)
(0.8875 1.3375 -0.1)
(0.9 1.3375 -0.1)
(0.9125 1.3375 -0.1)
(0.925 1.3375 -0.1)
(0.9375 1.3375 -0.1)
(0.95 1.3375 -0.1)
(0.9625 1.3375 -0.1)
(0.975 1.3375 -0.1)
(0.9875 1.3375 -0.1)
(1 1.3375 -0.1)
(0 1.35 -0.1)
(0.0125 1.35 -0.1)
(0.025 1.35 -0.1)
(0.0375 1.35 -0.1)
(0.05 1.35 -0.1)
(0.0625 1.35 -0.1)
(0.075 1.35 -0.1)
(0.0875 1.35 -0.1)
(0.1 1.35 -0.1)
(0.1125 1.35 -0.1)
(0.125 1.35 -0.1)
(0.1375 1.35 -0.1)
(0.15 1.35 -0.1)
(0.1625 1.35 -0.1)
(0.175 1.35 -0.1)
(0.1875 1.35 -0.1)
(0.2 1.35 -0.1)
(0.2125 1.35 -0.1)
(0.225 1.35 -0.1)
(0.2375 1.35 -0.1)
(0.25 1.35 -0.1)
(0.2625 1.35 -0.1)
(0.275 1.35 -0.1)
(0.2875 1.35 -0.1)
(0.3 1.35 -0.1)
(0.3125 1.35 -0.1)
(0.325 1.35 -0.1)
(0.3375 1.35 -0.1)
(0.35 1.35 -0.1)
(0.3625 1.35 -0.1)
(0.375 1.35 -0.1)
(0.3875 1.35 -0.1)
(0.4 1.35 -0.1)
(0.4125 1.35 -0.1)
(0.425 1.35 -0.1)
(0.4375 1.35 -0.1)
(0.45 1.35 -0.1)
(0.4625 1.35 -0.1)
(0.475 1.35 -0.1)
(0.4875 1.35 -0.1)
(0.5 1.35 -0.1)
(0.5125 1.35 -0.1)
(0.525 1.35 -0.1)
(0.5375 1.35 -0.1)
(0.55 1.35 -0.1)
(0.5625 1.35 -0.1)
(0.575 1.35 -0.1)
(0.5875 1.35 -0.1)
(0.6 1.35 -0.1)
(0.6125 1.35 -0.1)
(0.625 1.35 -0.1)
(0.6375 1.35 -0.1)
(0.65 1.35 -0.1)
(0.6625 1.35 -0.1)
(0.675 1.35 -0.1)
(0.6875 1.35 -0.1)
(0.7 1.35 -0.1)
(0.7125 1.35 -0.1)
(0.725 1.35 -0.1)
(0.7375 1.35 -0.1)
(0.75 1.35 -0.1)
(0.7625 1.35 -0.1)
(0.775 1.35 -0.1)
(0.7875 1.35 -0.1)
(0.8 1.35 -0.1)
(0.8125 1.35 -0.1)
(0.825 1.35 -0.1)
(0.8375 1.35 -0.1)
(0.85 1.35 -0.1)
(0.8625 1.35 -0.1)
(0.875 1.35 -0.1)
(0.8875 1.35 -0.1)
(0.9 1.35 -0.1)
(0.9125 1.35 -0.1)
(0.925 1.35 -0.1)
(0.9375 1.35 -0.1)
(0.95 1.35 -0.1)
(0.9625 1.35 -0.1)
(0.975 1.35 -0.1)
(0.9875 1.35 -0.1)
(1 1.35 -0.1)
(0 1.3625 -0.1)
(0.0125 1.3625 -0.1)
(0.025 1.3625 -0.1)
(0.0375 1.3625 -0.1)
(0.05 1.3625 -0.1)
(0.0625 1.3625 -0.1)
(0.075 1.3625 -0.1)
(0.0875 1.3625 -0.1)
(0.1 1.3625 -0.1)
(0.1125 1.3625 -0.1)
(0.125 1.3625 -0.1)
(0.1375 1.3625 -0.1)
(0.15 1.3625 -0.1)
(0.1625 1.3625 -0.1)
(0.175 1.3625 -0.1)
(0.1875 1.3625 -0.1)
(0.2 1.3625 -0.1)
(0.2125 1.3625 -0.1)
(0.225 1.3625 -0.1)
(0.2375 1.3625 -0.1)
(0.25 1.3625 -0.1)
(0.2625 1.3625 -0.1)
(0.275 1.3625 -0.1)
(0.2875 1.3625 -0.1)
(0.3 1.3625 -0.1)
(0.3125 1.3625 -0.1)
(0.325 1.3625 -0.1)
(0.3375 1.3625 -0.1)
(0.35 1.3625 -0.1)
(0.3625 1.3625 -0.1)
(0.375 1.3625 -0.1)
(0.3875 1.3625 -0.1)
(0.4 1.3625 -0.1)
(0.4125 1.3625 -0.1)
(0.425 1.3625 -0.1)
(0.4375 1.3625 -0.1)
(0.45 1.3625 -0.1)
(0.4625 1.3625 -0.1)
(0.475 1.3625 -0.1)
(0.4875 1.3625 -0.1)
(0.5 1.3625 -0.1)
(0.5125 1.3625 -0.1)
(0.525 1.3625 -0.1)
(0.5375 1.3625 -0.1)
(0.55 1.3625 -0.1)
(0.5625 1.3625 -0.1)
(0.575 1.3625 -0.1)
(0.5875 1.3625 -0.1)
(0.6 1.3625 -0.1)
(0.6125 1.3625 -0.1)
(0.625 1.3625 -0.1)
(0.6375 1.3625 -0.1)
(0.65 1.3625 -0.1)
(0.6625 1.3625 -0.1)
(0.675 1.3625 -0.1)
(0.6875 1.3625 -0.1)
(0.7 1.3625 -0.1)
(0.7125 1.3625 -0.1)
(0.725 1.3625 -0.1)
(0.7375 1.3625 -0.1)
(0.75 1.3625 -0.1)
(0.7625 1.3625 -0.1)
(0.775 1.3625 -0.1)
(0.7875 1.3625 -0.1)
(0.8 1.3625 -0.1)
(0.8125 1.3625 -0.1)
(0.825 1.3625 -0.1)
(0.8375 1.3625 -0.1)
(0.85 1.3625 -0.1)
(0.8625 1.3625 -0.1)
(0.875 1.3625 -0.1)
(0.8875 1.3625 -0.1)
(0.9 1.3625 -0.1)
(0.9125 1.3625 -0.1)
(0.925 1.3625 -0.1)
(0.9375 1.3625 -0.1)
(0.95 1.3625 -0.1)
(0.9625 1.3625 -0.1)
(0.975 1.3625 -0.1)
(0.9875 1.3625 -0.1)
(1 1.3625 -0.1)
(0 1.375 -0.1)
(0.0125 1.375 -0.1)
(0.025 1.375 -0.1)
(0.0375 1.375 -0.1)
(0.05 1.375 -0.1)
(0.0625 1.375 -0.1)
(0.075 1.375 -0.1)
(0.0875 1.375 -0.1)
(0.1 1.375 -0.1)
(0.1125 1.375 -0.1)
(0.125 1.375 -0.1)
(0.1375 1.375 -0.1)
(0.15 1.375 -0.1)
(0.1625 1.375 -0.1)
(0.175 1.375 -0.1)
(0.1875 1.375 -0.1)
(0.2 1.375 -0.1)
(0.2125 1.375 -0.1)
(0.225 1.375 -0.1)
(0.2375 1.375 -0.1)
(0.25 1.375 -0.1)
(0.2625 1.375 -0.1)
(0.275 1.375 -0.1)
(0.2875 1.375 -0.1)
(0.3 1.375 -0.1)
(0.3125 1.375 -0.1)
(0.325 1.375 -0.1)
(0.3375 1.375 -0.1)
(0.35 1.375 -0.1)
(0.3625 1.375 -0.1)
(0.375 1.375 -0.1)
(0.3875 1.375 -0.1)
(0.4 1.375 -0.1)
(0.4125 1.375 -0.1)
(0.425 1.375 -0.1)
(0.4375 1.375 -0.1)
(0.45 1.375 -0.1)
(0.4625 1.375 -0.1)
(0.475 1.375 -0.1)
(0.4875 1.375 -0.1)
(0.5 1.375 -0.1)
(0.5125 1.375 -0.1)
(0.525 1.375 -0.1)
(0.5375 1.375 -0.1)
(0.55 1.375 -0.1)
(0.5625 1.375 -0.1)
(0.575 1.375 -0.1)
(0.5875 1.375 -0.1)
(0.6 1.375 -0.1)
(0.6125 1.375 -0.1)
(0.625 1.375 -0.1)
(0.6375 1.375 -0.1)
(0.65 1.375 -0.1)
(0.6625 1.375 -0.1)
(0.675 1.375 -0.1)
(0.6875 1.375 -0.1)
(0.7 1.375 -0.1)
(0.7125 1.375 -0.1)
(0.725 1.375 -0.1)
(0.7375 1.375 -0.1)
(0.75 1.375 -0.1)
(0.7625 1.375 -0.1)
(0.775 1.375 -0.1)
(0.7875 1.375 -0.1)
(0.8 1.375 -0.1)
(0.8125 1.375 -0.1)
(0.825 1.375 -0.1)
(0.8375 1.375 -0.1)
(0.85 1.375 -0.1)
(0.8625 1.375 -0.1)
(0.875 1.375 -0.1)
(0.8875 1.375 -0.1)
(0.9 1.375 -0.1)
(0.9125 1.375 -0.1)
(0.925 1.375 -0.1)
(0.9375 1.375 -0.1)
(0.95 1.375 -0.1)
(0.9625 1.375 -0.1)
(0.975 1.375 -0.1)
(0.9875 1.375 -0.1)
(1 1.375 -0.1)
(0 1.3875 -0.1)
(0.0125 1.3875 -0.1)
(0.025 1.3875 -0.1)
(0.0375 1.3875 -0.1)
(0.05 1.3875 -0.1)
(0.0625 1.3875 -0.1)
(0.075 1.3875 -0.1)
(0.0875 1.3875 -0.1)
(0.1 1.3875 -0.1)
(0.1125 1.3875 -0.1)
(0.125 1.3875 -0.1)
(0.1375 1.3875 -0.1)
(0.15 1.3875 -0.1)
(0.1625 1.3875 -0.1)
(0.175 1.3875 -0.1)
(0.1875 1.3875 -0.1)
(0.2 1.3875 -0.1)
(0.2125 1.3875 -0.1)
(0.225 1.3875 -0.1)
(0.2375 1.3875 -0.1)
(0.25 1.3875 -0.1)
(0.2625 1.3875 -0.1)
(0.275 1.3875 -0.1)
(0.2875 1.3875 -0.1)
(0.3 1.3875 -0.1)
(0.3125 1.3875 -0.1)
(0.325 1.3875 -0.1)
(0.3375 1.3875 -0.1)
(0.35 1.3875 -0.1)
(0.3625 1.3875 -0.1)
(0.375 1.3875 -0.1)
(0.3875 1.3875 -0.1)
(0.4 1.3875 -0.1)
(0.4125 1.3875 -0.1)
(0.425 1.3875 -0.1)
(0.4375 1.3875 -0.1)
(0.45 1.3875 -0.1)
(0.4625 1.3875 -0.1)
(0.475 1.3875 -0.1)
(0.4875 1.3875 -0.1)
(0.5 1.3875 -0.1)
(0.5125 1.3875 -0.1)
(0.525 1.3875 -0.1)
(0.5375 1.3875 -0.1)
(0.55 1.3875 -0.1)
(0.5625 1.3875 -0.1)
(0.575 1.3875 -0.1)
(0.5875 1.3875 -0.1)
(0.6 1.3875 -0.1)
(0.6125 1.3875 -0.1)
(0.625 1.3875 -0.1)
(0.6375 1.3875 -0.1)
(0.65 1.3875 -0.1)
(0.6625 1.3875 -0.1)
(0.675 1.3875 -0.1)
(0.6875 1.3875 -0.1)
(0.7 1.3875 -0.1)
(0.7125 1.3875 -0.1)
(0.725 1.3875 -0.1)
(0.7375 1.3875 -0.1)
(0.75 1.3875 -0.1)
(0.7625 1.3875 -0.1)
(0.775 1.3875 -0.1)
(0.7875 1.3875 -0.1)
(0.8 1.3875 -0.1)
(0.8125 1.3875 -0.1)
(0.825 1.3875 -0.1)
(0.8375 1.3875 -0.1)
(0.85 1.3875 -0.1)
(0.8625 1.3875 -0.1)
(0.875 1.3875 -0.1)
(0.8875 1.3875 -0.1)
(0.9 1.3875 -0.1)
(0.9125 1.3875 -0.1)
(0.925 1.3875 -0.1)
(0.9375 1.3875 -0.1)
(0.95 1.3875 -0.1)
(0.9625 1.3875 -0.1)
(0.975 1.3875 -0.1)
(0.9875 1.3875 -0.1)
(1 1.3875 -0.1)
(0 1.4 -0.1)
(0.0125 1.4 -0.1)
(0.025 1.4 -0.1)
(0.0375 1.4 -0.1)
(0.05 1.4 -0.1)
(0.0625 1.4 -0.1)
(0.075 1.4 -0.1)
(0.0875 1.4 -0.1)
(0.1 1.4 -0.1)
(0.1125 1.4 -0.1)
(0.125 1.4 -0.1)
(0.1375 1.4 -0.1)
(0.15 1.4 -0.1)
(0.1625 1.4 -0.1)
(0.175 1.4 -0.1)
(0.1875 1.4 -0.1)
(0.2 1.4 -0.1)
(0.2125 1.4 -0.1)
(0.225 1.4 -0.1)
(0.2375 1.4 -0.1)
(0.25 1.4 -0.1)
(0.2625 1.4 -0.1)
(0.275 1.4 -0.1)
(0.2875 1.4 -0.1)
(0.3 1.4 -0.1)
(0.3125 1.4 -0.1)
(0.325 1.4 -0.1)
(0.3375 1.4 -0.1)
(0.35 1.4 -0.1)
(0.3625 1.4 -0.1)
(0.375 1.4 -0.1)
(0.3875 1.4 -0.1)
(0.4 1.4 -0.1)
(0.4125 1.4 -0.1)
(0.425 1.4 -0.1)
(0.4375 1.4 -0.1)
(0.45 1.4 -0.1)
(0.4625 1.4 -0.1)
(0.475 1.4 -0.1)
(0.4875 1.4 -0.1)
(0.5 1.4 -0.1)
(0.5125 1.4 -0.1)
(0.525 1.4 -0.1)
(0.5375 1.4 -0.1)
(0.55 1.4 -0.1)
(0.5625 1.4 -0.1)
(0.575 1.4 -0.1)
(0.5875 1.4 -0.1)
(0.6 1.4 -0.1)
(0.6125 1.4 -0.1)
(0.625 1.4 -0.1)
(0.6375 1.4 -0.1)
(0.65 1.4 -0.1)
(0.6625 1.4 -0.1)
(0.675 1.4 -0.1)
(0.6875 1.4 -0.1)
(0.7 1.4 -0.1)
(0.7125 1.4 -0.1)
(0.725 1.4 -0.1)
(0.7375 1.4 -0.1)
(0.75 1.4 -0.1)
(0.7625 1.4 -0.1)
(0.775 1.4 -0.1)
(0.7875 1.4 -0.1)
(0.8 1.4 -0.1)
(0.8125 1.4 -0.1)
(0.825 1.4 -0.1)
(0.8375 1.4 -0.1)
(0.85 1.4 -0.1)
(0.8625 1.4 -0.1)
(0.875 1.4 -0.1)
(0.8875 1.4 -0.1)
(0.9 1.4 -0.1)
(0.9125 1.4 -0.1)
(0.925 1.4 -0.1)
(0.9375 1.4 -0.1)
(0.95 1.4 -0.1)
(0.9625 1.4 -0.1)
(0.975 1.4 -0.1)
(0.9875 1.4 -0.1)
(1 1.4 -0.1)
(0 1.4125 -0.1)
(0.0125 1.4125 -0.1)
(0.025 1.4125 -0.1)
(0.0375 1.4125 -0.1)
(0.05 1.4125 -0.1)
(0.0625 1.4125 -0.1)
(0.075 1.4125 -0.1)
(0.0875 1.4125 -0.1)
(0.1 1.4125 -0.1)
(0.1125 1.4125 -0.1)
(0.125 1.4125 -0.1)
(0.1375 1.4125 -0.1)
(0.15 1.4125 -0.1)
(0.1625 1.4125 -0.1)
(0.175 1.4125 -0.1)
(0.1875 1.4125 -0.1)
(0.2 1.4125 -0.1)
(0.2125 1.4125 -0.1)
(0.225 1.4125 -0.1)
(0.2375 1.4125 -0.1)
(0.25 1.4125 -0.1)
(0.2625 1.4125 -0.1)
(0.275 1.4125 -0.1)
(0.2875 1.4125 -0.1)
(0.3 1.4125 -0.1)
(0.3125 1.4125 -0.1)
(0.325 1.4125 -0.1)
(0.3375 1.4125 -0.1)
(0.35 1.4125 -0.1)
(0.3625 1.4125 -0.1)
(0.375 1.4125 -0.1)
(0.3875 1.4125 -0.1)
(0.4 1.4125 -0.1)
(0.4125 1.4125 -0.1)
(0.425 1.4125 -0.1)
(0.4375 1.4125 -0.1)
(0.45 1.4125 -0.1)
(0.4625 1.4125 -0.1)
(0.475 1.4125 -0.1)
(0.4875 1.4125 -0.1)
(0.5 1.4125 -0.1)
(0.5125 1.4125 -0.1)
(0.525 1.4125 -0.1)
(0.5375 1.4125 -0.1)
(0.55 1.4125 -0.1)
(0.5625 1.4125 -0.1)
(0.575 1.4125 -0.1)
(0.5875 1.4125 -0.1)
(0.6 1.4125 -0.1)
(0.6125 1.4125 -0.1)
(0.625 1.4125 -0.1)
(0.6375 1.4125 -0.1)
(0.65 1.4125 -0.1)
(0.6625 1.4125 -0.1)
(0.675 1.4125 -0.1)
(0.6875 1.4125 -0.1)
(0.7 1.4125 -0.1)
(0.7125 1.4125 -0.1)
(0.725 1.4125 -0.1)
(0.7375 1.4125 -0.1)
(0.75 1.4125 -0.1)
(0.7625 1.4125 -0.1)
(0.775 1.4125 -0.1)
(0.7875 1.4125 -0.1)
(0.8 1.4125 -0.1)
(0.8125 1.4125 -0.1)
(0.825 1.4125 -0.1)
(0.8375 1.4125 -0.1)
(0.85 1.4125 -0.1)
(0.8625 1.4125 -0.1)
(0.875 1.4125 -0.1)
(0.8875 1.4125 -0.1)
(0.9 1.4125 -0.1)
(0.9125 1.4125 -0.1)
(0.925 1.4125 -0.1)
(0.9375 1.4125 -0.1)
(0.95 1.4125 -0.1)
(0.9625 1.4125 -0.1)
(0.975 1.4125 -0.1)
(0.9875 1.4125 -0.1)
(1 1.4125 -0.1)
(0 1.425 -0.1)
(0.0125 1.425 -0.1)
(0.025 1.425 -0.1)
(0.0375 1.425 -0.1)
(0.05 1.425 -0.1)
(0.0625 1.425 -0.1)
(0.075 1.425 -0.1)
(0.0875 1.425 -0.1)
(0.1 1.425 -0.1)
(0.1125 1.425 -0.1)
(0.125 1.425 -0.1)
(0.1375 1.425 -0.1)
(0.15 1.425 -0.1)
(0.1625 1.425 -0.1)
(0.175 1.425 -0.1)
(0.1875 1.425 -0.1)
(0.2 1.425 -0.1)
(0.2125 1.425 -0.1)
(0.225 1.425 -0.1)
(0.2375 1.425 -0.1)
(0.25 1.425 -0.1)
(0.2625 1.425 -0.1)
(0.275 1.425 -0.1)
(0.2875 1.425 -0.1)
(0.3 1.425 -0.1)
(0.3125 1.425 -0.1)
(0.325 1.425 -0.1)
(0.3375 1.425 -0.1)
(0.35 1.425 -0.1)
(0.3625 1.425 -0.1)
(0.375 1.425 -0.1)
(0.3875 1.425 -0.1)
(0.4 1.425 -0.1)
(0.4125 1.425 -0.1)
(0.425 1.425 -0.1)
(0.4375 1.425 -0.1)
(0.45 1.425 -0.1)
(0.4625 1.425 -0.1)
(0.475 1.425 -0.1)
(0.4875 1.425 -0.1)
(0.5 1.425 -0.1)
(0.5125 1.425 -0.1)
(0.525 1.425 -0.1)
(0.5375 1.425 -0.1)
(0.55 1.425 -0.1)
(0.5625 1.425 -0.1)
(0.575 1.425 -0.1)
(0.5875 1.425 -0.1)
(0.6 1.425 -0.1)
(0.6125 1.425 -0.1)
(0.625 1.425 -0.1)
(0.6375 1.425 -0.1)
(0.65 1.425 -0.1)
(0.6625 1.425 -0.1)
(0.675 1.425 -0.1)
(0.6875 1.425 -0.1)
(0.7 1.425 -0.1)
(0.7125 1.425 -0.1)
(0.725 1.425 -0.1)
(0.7375 1.425 -0.1)
(0.75 1.425 -0.1)
(0.7625 1.425 -0.1)
(0.775 1.425 -0.1)
(0.7875 1.425 -0.1)
(0.8 1.425 -0.1)
(0.8125 1.425 -0.1)
(0.825 1.425 -0.1)
(0.8375 1.425 -0.1)
(0.85 1.425 -0.1)
(0.8625 1.425 -0.1)
(0.875 1.425 -0.1)
(0.8875 1.425 -0.1)
(0.9 1.425 -0.1)
(0.9125 1.425 -0.1)
(0.925 1.425 -0.1)
(0.9375 1.425 -0.1)
(0.95 1.425 -0.1)
(0.9625 1.425 -0.1)
(0.975 1.425 -0.1)
(0.9875 1.425 -0.1)
(1 1.425 -0.1)
(0 1.4375 -0.1)
(0.0125 1.4375 -0.1)
(0.025 1.4375 -0.1)
(0.0375 1.4375 -0.1)
(0.05 1.4375 -0.1)
(0.0625 1.4375 -0.1)
(0.075 1.4375 -0.1)
(0.0875 1.4375 -0.1)
(0.1 1.4375 -0.1)
(0.1125 1.4375 -0.1)
(0.125 1.4375 -0.1)
(0.1375 1.4375 -0.1)
(0.15 1.4375 -0.1)
(0.1625 1.4375 -0.1)
(0.175 1.4375 -0.1)
(0.1875 1.4375 -0.1)
(0.2 1.4375 -0.1)
(0.2125 1.4375 -0.1)
(0.225 1.4375 -0.1)
(0.2375 1.4375 -0.1)
(0.25 1.4375 -0.1)
(0.2625 1.4375 -0.1)
(0.275 1.4375 -0.1)
(0.2875 1.4375 -0.1)
(0.3 1.4375 -0.1)
(0.3125 1.4375 -0.1)
(0.325 1.4375 -0.1)
(0.3375 1.4375 -0.1)
(0.35 1.4375 -0.1)
(0.3625 1.4375 -0.1)
(0.375 1.4375 -0.1)
(0.3875 1.4375 -0.1)
(0.4 1.4375 -0.1)
(0.4125 1.4375 -0.1)
(0.425 1.4375 -0.1)
(0.4375 1.4375 -0.1)
(0.45 1.4375 -0.1)
(0.4625 1.4375 -0.1)
(0.475 1.4375 -0.1)
(0.4875 1.4375 -0.1)
(0.5 1.4375 -0.1)
(0.5125 1.4375 -0.1)
(0.525 1.4375 -0.1)
(0.5375 1.4375 -0.1)
(0.55 1.4375 -0.1)
(0.5625 1.4375 -0.1)
(0.575 1.4375 -0.1)
(0.5875 1.4375 -0.1)
(0.6 1.4375 -0.1)
(0.6125 1.4375 -0.1)
(0.625 1.4375 -0.1)
(0.6375 1.4375 -0.1)
(0.65 1.4375 -0.1)
(0.6625 1.4375 -0.1)
(0.675 1.4375 -0.1)
(0.6875 1.4375 -0.1)
(0.7 1.4375 -0.1)
(0.7125 1.4375 -0.1)
(0.725 1.4375 -0.1)
(0.7375 1.4375 -0.1)
(0.75 1.4375 -0.1)
(0.7625 1.4375 -0.1)
(0.775 1.4375 -0.1)
(0.7875 1.4375 -0.1)
(0.8 1.4375 -0.1)
(0.8125 1.4375 -0.1)
(0.825 1.4375 -0.1)
(0.8375 1.4375 -0.1)
(0.85 1.4375 -0.1)
(0.8625 1.4375 -0.1)
(0.875 1.4375 -0.1)
(0.8875 1.4375 -0.1)
(0.9 1.4375 -0.1)
(0.9125 1.4375 -0.1)
(0.925 1.4375 -0.1)
(0.9375 1.4375 -0.1)
(0.95 1.4375 -0.1)
(0.9625 1.4375 -0.1)
(0.975 1.4375 -0.1)
(0.9875 1.4375 -0.1)
(1 1.4375 -0.1)
(0 1.45 -0.1)
(0.0125 1.45 -0.1)
(0.025 1.45 -0.1)
(0.0375 1.45 -0.1)
(0.05 1.45 -0.1)
(0.0625 1.45 -0.1)
(0.075 1.45 -0.1)
(0.0875 1.45 -0.1)
(0.1 1.45 -0.1)
(0.1125 1.45 -0.1)
(0.125 1.45 -0.1)
(0.1375 1.45 -0.1)
(0.15 1.45 -0.1)
(0.1625 1.45 -0.1)
(0.175 1.45 -0.1)
(0.1875 1.45 -0.1)
(0.2 1.45 -0.1)
(0.2125 1.45 -0.1)
(0.225 1.45 -0.1)
(0.2375 1.45 -0.1)
(0.25 1.45 -0.1)
(0.2625 1.45 -0.1)
(0.275 1.45 -0.1)
(0.2875 1.45 -0.1)
(0.3 1.45 -0.1)
(0.3125 1.45 -0.1)
(0.325 1.45 -0.1)
(0.3375 1.45 -0.1)
(0.35 1.45 -0.1)
(0.3625 1.45 -0.1)
(0.375 1.45 -0.1)
(0.3875 1.45 -0.1)
(0.4 1.45 -0.1)
(0.4125 1.45 -0.1)
(0.425 1.45 -0.1)
(0.4375 1.45 -0.1)
(0.45 1.45 -0.1)
(0.4625 1.45 -0.1)
(0.475 1.45 -0.1)
(0.4875 1.45 -0.1)
(0.5 1.45 -0.1)
(0.5125 1.45 -0.1)
(0.525 1.45 -0.1)
(0.5375 1.45 -0.1)
(0.55 1.45 -0.1)
(0.5625 1.45 -0.1)
(0.575 1.45 -0.1)
(0.5875 1.45 -0.1)
(0.6 1.45 -0.1)
(0.6125 1.45 -0.1)
(0.625 1.45 -0.1)
(0.6375 1.45 -0.1)
(0.65 1.45 -0.1)
(0.6625 1.45 -0.1)
(0.675 1.45 -0.1)
(0.6875 1.45 -0.1)
(0.7 1.45 -0.1)
(0.7125 1.45 -0.1)
(0.725 1.45 -0.1)
(0.7375 1.45 -0.1)
(0.75 1.45 -0.1)
(0.7625 1.45 -0.1)
(0.775 1.45 -0.1)
(0.7875 1.45 -0.1)
(0.8 1.45 -0.1)
(0.8125 1.45 -0.1)
(0.825 1.45 -0.1)
(0.8375 1.45 -0.1)
(0.85 1.45 -0.1)
(0.8625 1.45 -0.1)
(0.875 1.45 -0.1)
(0.8875 1.45 -0.1)
(0.9 1.45 -0.1)
(0.9125 1.45 -0.1)
(0.925 1.45 -0.1)
(0.9375 1.45 -0.1)
(0.95 1.45 -0.1)
(0.9625 1.45 -0.1)
(0.975 1.45 -0.1)
(0.9875 1.45 -0.1)
(1 1.45 -0.1)
(0 1.4625 -0.1)
(0.0125 1.4625 -0.1)
(0.025 1.4625 -0.1)
(0.0375 1.4625 -0.1)
(0.05 1.4625 -0.1)
(0.0625 1.4625 -0.1)
(0.075 1.4625 -0.1)
(0.0875 1.4625 -0.1)
(0.1 1.4625 -0.1)
(0.1125 1.4625 -0.1)
(0.125 1.4625 -0.1)
(0.1375 1.4625 -0.1)
(0.15 1.4625 -0.1)
(0.1625 1.4625 -0.1)
(0.175 1.4625 -0.1)
(0.1875 1.4625 -0.1)
(0.2 1.4625 -0.1)
(0.2125 1.4625 -0.1)
(0.225 1.4625 -0.1)
(0.2375 1.4625 -0.1)
(0.25 1.4625 -0.1)
(0.2625 1.4625 -0.1)
(0.275 1.4625 -0.1)
(0.2875 1.4625 -0.1)
(0.3 1.4625 -0.1)
(0.3125 1.4625 -0.1)
(0.325 1.4625 -0.1)
(0.3375 1.4625 -0.1)
(0.35 1.4625 -0.1)
(0.3625 1.4625 -0.1)
(0.375 1.4625 -0.1)
(0.3875 1.4625 -0.1)
(0.4 1.4625 -0.1)
(0.4125 1.4625 -0.1)
(0.425 1.4625 -0.1)
(0.4375 1.4625 -0.1)
(0.45 1.4625 -0.1)
(0.4625 1.4625 -0.1)
(0.475 1.4625 -0.1)
(0.4875 1.4625 -0.1)
(0.5 1.4625 -0.1)
(0.5125 1.4625 -0.1)
(0.525 1.4625 -0.1)
(0.5375 1.4625 -0.1)
(0.55 1.4625 -0.1)
(0.5625 1.4625 -0.1)
(0.575 1.4625 -0.1)
(0.5875 1.4625 -0.1)
(0.6 1.4625 -0.1)
(0.6125 1.4625 -0.1)
(0.625 1.4625 -0.1)
(0.6375 1.4625 -0.1)
(0.65 1.4625 -0.1)
(0.6625 1.4625 -0.1)
(0.675 1.4625 -0.1)
(0.6875 1.4625 -0.1)
(0.7 1.4625 -0.1)
(0.7125 1.4625 -0.1)
(0.725 1.4625 -0.1)
(0.7375 1.4625 -0.1)
(0.75 1.4625 -0.1)
(0.7625 1.4625 -0.1)
(0.775 1.4625 -0.1)
(0.7875 1.4625 -0.1)
(0.8 1.4625 -0.1)
(0.8125 1.4625 -0.1)
(0.825 1.4625 -0.1)
(0.8375 1.4625 -0.1)
(0.85 1.4625 -0.1)
(0.8625 1.4625 -0.1)
(0.875 1.4625 -0.1)
(0.8875 1.4625 -0.1)
(0.9 1.4625 -0.1)
(0.9125 1.4625 -0.1)
(0.925 1.4625 -0.1)
(0.9375 1.4625 -0.1)
(0.95 1.4625 -0.1)
(0.9625 1.4625 -0.1)
(0.975 1.4625 -0.1)
(0.9875 1.4625 -0.1)
(1 1.4625 -0.1)
(0 1.475 -0.1)
(0.0125 1.475 -0.1)
(0.025 1.475 -0.1)
(0.0375 1.475 -0.1)
(0.05 1.475 -0.1)
(0.0625 1.475 -0.1)
(0.075 1.475 -0.1)
(0.0875 1.475 -0.1)
(0.1 1.475 -0.1)
(0.1125 1.475 -0.1)
(0.125 1.475 -0.1)
(0.1375 1.475 -0.1)
(0.15 1.475 -0.1)
(0.1625 1.475 -0.1)
(0.175 1.475 -0.1)
(0.1875 1.475 -0.1)
(0.2 1.475 -0.1)
(0.2125 1.475 -0.1)
(0.225 1.475 -0.1)
(0.2375 1.475 -0.1)
(0.25 1.475 -0.1)
(0.2625 1.475 -0.1)
(0.275 1.475 -0.1)
(0.2875 1.475 -0.1)
(0.3 1.475 -0.1)
(0.3125 1.475 -0.1)
(0.325 1.475 -0.1)
(0.3375 1.475 -0.1)
(0.35 1.475 -0.1)
(0.3625 1.475 -0.1)
(0.375 1.475 -0.1)
(0.3875 1.475 -0.1)
(0.4 1.475 -0.1)
(0.4125 1.475 -0.1)
(0.425 1.475 -0.1)
(0.4375 1.475 -0.1)
(0.45 1.475 -0.1)
(0.4625 1.475 -0.1)
(0.475 1.475 -0.1)
(0.4875 1.475 -0.1)
(0.5 1.475 -0.1)
(0.5125 1.475 -0.1)
(0.525 1.475 -0.1)
(0.5375 1.475 -0.1)
(0.55 1.475 -0.1)
(0.5625 1.475 -0.1)
(0.575 1.475 -0.1)
(0.5875 1.475 -0.1)
(0.6 1.475 -0.1)
(0.6125 1.475 -0.1)
(0.625 1.475 -0.1)
(0.6375 1.475 -0.1)
(0.65 1.475 -0.1)
(0.6625 1.475 -0.1)
(0.675 1.475 -0.1)
(0.6875 1.475 -0.1)
(0.7 1.475 -0.1)
(0.7125 1.475 -0.1)
(0.725 1.475 -0.1)
(0.7375 1.475 -0.1)
(0.75 1.475 -0.1)
(0.7625 1.475 -0.1)
(0.775 1.475 -0.1)
(0.7875 1.475 -0.1)
(0.8 1.475 -0.1)
(0.8125 1.475 -0.1)
(0.825 1.475 -0.1)
(0.8375 1.475 -0.1)
(0.85 1.475 -0.1)
(0.8625 1.475 -0.1)
(0.875 1.475 -0.1)
(0.8875 1.475 -0.1)
(0.9 1.475 -0.1)
(0.9125 1.475 -0.1)
(0.925 1.475 -0.1)
(0.9375 1.475 -0.1)
(0.95 1.475 -0.1)
(0.9625 1.475 -0.1)
(0.975 1.475 -0.1)
(0.9875 1.475 -0.1)
(1 1.475 -0.1)
(0 1.4875 -0.1)
(0.0125 1.4875 -0.1)
(0.025 1.4875 -0.1)
(0.0375 1.4875 -0.1)
(0.05 1.4875 -0.1)
(0.0625 1.4875 -0.1)
(0.075 1.4875 -0.1)
(0.0875 1.4875 -0.1)
(0.1 1.4875 -0.1)
(0.1125 1.4875 -0.1)
(0.125 1.4875 -0.1)
(0.1375 1.4875 -0.1)
(0.15 1.4875 -0.1)
(0.1625 1.4875 -0.1)
(0.175 1.4875 -0.1)
(0.1875 1.4875 -0.1)
(0.2 1.4875 -0.1)
(0.2125 1.4875 -0.1)
(0.225 1.4875 -0.1)
(0.2375 1.4875 -0.1)
(0.25 1.4875 -0.1)
(0.2625 1.4875 -0.1)
(0.275 1.4875 -0.1)
(0.2875 1.4875 -0.1)
(0.3 1.4875 -0.1)
(0.3125 1.4875 -0.1)
(0.325 1.4875 -0.1)
(0.3375 1.4875 -0.1)
(0.35 1.4875 -0.1)
(0.3625 1.4875 -0.1)
(0.375 1.4875 -0.1)
(0.3875 1.4875 -0.1)
(0.4 1.4875 -0.1)
(0.4125 1.4875 -0.1)
(0.425 1.4875 -0.1)
(0.4375 1.4875 -0.1)
(0.45 1.4875 -0.1)
(0.4625 1.4875 -0.1)
(0.475 1.4875 -0.1)
(0.4875 1.4875 -0.1)
(0.5 1.4875 -0.1)
(0.5125 1.4875 -0.1)
(0.525 1.4875 -0.1)
(0.5375 1.4875 -0.1)
(0.55 1.4875 -0.1)
(0.5625 1.4875 -0.1)
(0.575 1.4875 -0.1)
(0.5875 1.4875 -0.1)
(0.6 1.4875 -0.1)
(0.6125 1.4875 -0.1)
(0.625 1.4875 -0.1)
(0.6375 1.4875 -0.1)
(0.65 1.4875 -0.1)
(0.6625 1.4875 -0.1)
(0.675 1.4875 -0.1)
(0.6875 1.4875 -0.1)
(0.7 1.4875 -0.1)
(0.7125 1.4875 -0.1)
(0.725 1.4875 -0.1)
(0.7375 1.4875 -0.1)
(0.75 1.4875 -0.1)
(0.7625 1.4875 -0.1)
(0.775 1.4875 -0.1)
(0.7875 1.4875 -0.1)
(0.8 1.4875 -0.1)
(0.8125 1.4875 -0.1)
(0.825 1.4875 -0.1)
(0.8375 1.4875 -0.1)
(0.85 1.4875 -0.1)
(0.8625 1.4875 -0.1)
(0.875 1.4875 -0.1)
(0.8875 1.4875 -0.1)
(0.9 1.4875 -0.1)
(0.9125 1.4875 -0.1)
(0.925 1.4875 -0.1)
(0.9375 1.4875 -0.1)
(0.95 1.4875 -0.1)
(0.9625 1.4875 -0.1)
(0.975 1.4875 -0.1)
(0.9875 1.4875 -0.1)
(1 1.4875 -0.1)
(0 1.5 -0.1)
(0.0125 1.5 -0.1)
(0.025 1.5 -0.1)
(0.0375 1.5 -0.1)
(0.05 1.5 -0.1)
(0.0625 1.5 -0.1)
(0.075 1.5 -0.1)
(0.0875 1.5 -0.1)
(0.1 1.5 -0.1)
(0.1125 1.5 -0.1)
(0.125 1.5 -0.1)
(0.1375 1.5 -0.1)
(0.15 1.5 -0.1)
(0.1625 1.5 -0.1)
(0.175 1.5 -0.1)
(0.1875 1.5 -0.1)
(0.2 1.5 -0.1)
(0.2125 1.5 -0.1)
(0.225 1.5 -0.1)
(0.2375 1.5 -0.1)
(0.25 1.5 -0.1)
(0.2625 1.5 -0.1)
(0.275 1.5 -0.1)
(0.2875 1.5 -0.1)
(0.3 1.5 -0.1)
(0.3125 1.5 -0.1)
(0.325 1.5 -0.1)
(0.3375 1.5 -0.1)
(0.35 1.5 -0.1)
(0.3625 1.5 -0.1)
(0.375 1.5 -0.1)
(0.3875 1.5 -0.1)
(0.4 1.5 -0.1)
(0.4125 1.5 -0.1)
(0.425 1.5 -0.1)
(0.4375 1.5 -0.1)
(0.45 1.5 -0.1)
(0.4625 1.5 -0.1)
(0.475 1.5 -0.1)
(0.4875 1.5 -0.1)
(0.5 1.5 -0.1)
(0.5125 1.5 -0.1)
(0.525 1.5 -0.1)
(0.5375 1.5 -0.1)
(0.55 1.5 -0.1)
(0.5625 1.5 -0.1)
(0.575 1.5 -0.1)
(0.5875 1.5 -0.1)
(0.6 1.5 -0.1)
(0.6125 1.5 -0.1)
(0.625 1.5 -0.1)
(0.6375 1.5 -0.1)
(0.65 1.5 -0.1)
(0.6625 1.5 -0.1)
(0.675 1.5 -0.1)
(0.6875 1.5 -0.1)
(0.7 1.5 -0.1)
(0.7125 1.5 -0.1)
(0.725 1.5 -0.1)
(0.7375 1.5 -0.1)
(0.75 1.5 -0.1)
(0.7625 1.5 -0.1)
(0.775 1.5 -0.1)
(0.7875 1.5 -0.1)
(0.8 1.5 -0.1)
(0.8125 1.5 -0.1)
(0.825 1.5 -0.1)
(0.8375 1.5 -0.1)
(0.85 1.5 -0.1)
(0.8625 1.5 -0.1)
(0.875 1.5 -0.1)
(0.8875 1.5 -0.1)
(0.9 1.5 -0.1)
(0.9125 1.5 -0.1)
(0.925 1.5 -0.1)
(0.9375 1.5 -0.1)
(0.95 1.5 -0.1)
(0.9625 1.5 -0.1)
(0.975 1.5 -0.1)
(0.9875 1.5 -0.1)
(1 1.5 -0.1)
(0 1.5125 -0.1)
(0.0125 1.5125 -0.1)
(0.025 1.5125 -0.1)
(0.0375 1.5125 -0.1)
(0.05 1.5125 -0.1)
(0.0625 1.5125 -0.1)
(0.075 1.5125 -0.1)
(0.0875 1.5125 -0.1)
(0.1 1.5125 -0.1)
(0.1125 1.5125 -0.1)
(0.125 1.5125 -0.1)
(0.1375 1.5125 -0.1)
(0.15 1.5125 -0.1)
(0.1625 1.5125 -0.1)
(0.175 1.5125 -0.1)
(0.1875 1.5125 -0.1)
(0.2 1.5125 -0.1)
(0.2125 1.5125 -0.1)
(0.225 1.5125 -0.1)
(0.2375 1.5125 -0.1)
(0.25 1.5125 -0.1)
(0.2625 1.5125 -0.1)
(0.275 1.5125 -0.1)
(0.2875 1.5125 -0.1)
(0.3 1.5125 -0.1)
(0.3125 1.5125 -0.1)
(0.325 1.5125 -0.1)
(0.3375 1.5125 -0.1)
(0.35 1.5125 -0.1)
(0.3625 1.5125 -0.1)
(0.375 1.5125 -0.1)
(0.3875 1.5125 -0.1)
(0.4 1.5125 -0.1)
(0.4125 1.5125 -0.1)
(0.425 1.5125 -0.1)
(0.4375 1.5125 -0.1)
(0.45 1.5125 -0.1)
(0.4625 1.5125 -0.1)
(0.475 1.5125 -0.1)
(0.4875 1.5125 -0.1)
(0.5 1.5125 -0.1)
(0.5125 1.5125 -0.1)
(0.525 1.5125 -0.1)
(0.5375 1.5125 -0.1)
(0.55 1.5125 -0.1)
(0.5625 1.5125 -0.1)
(0.575 1.5125 -0.1)
(0.5875 1.5125 -0.1)
(0.6 1.5125 -0.1)
(0.6125 1.5125 -0.1)
(0.625 1.5125 -0.1)
(0.6375 1.5125 -0.1)
(0.65 1.5125 -0.1)
(0.6625 1.5125 -0.1)
(0.675 1.5125 -0.1)
(0.6875 1.5125 -0.1)
(0.7 1.5125 -0.1)
(0.7125 1.5125 -0.1)
(0.725 1.5125 -0.1)
(0.7375 1.5125 -0.1)
(0.75 1.5125 -0.1)
(0.7625 1.5125 -0.1)
(0.775 1.5125 -0.1)
(0.7875 1.5125 -0.1)
(0.8 1.5125 -0.1)
(0.8125 1.5125 -0.1)
(0.825 1.5125 -0.1)
(0.8375 1.5125 -0.1)
(0.85 1.5125 -0.1)
(0.8625 1.5125 -0.1)
(0.875 1.5125 -0.1)
(0.8875 1.5125 -0.1)
(0.9 1.5125 -0.1)
(0.9125 1.5125 -0.1)
(0.925 1.5125 -0.1)
(0.9375 1.5125 -0.1)
(0.95 1.5125 -0.1)
(0.9625 1.5125 -0.1)
(0.975 1.5125 -0.1)
(0.9875 1.5125 -0.1)
(1 1.5125 -0.1)
(0 1.525 -0.1)
(0.0125 1.525 -0.1)
(0.025 1.525 -0.1)
(0.0375 1.525 -0.1)
(0.05 1.525 -0.1)
(0.0625 1.525 -0.1)
(0.075 1.525 -0.1)
(0.0875 1.525 -0.1)
(0.1 1.525 -0.1)
(0.1125 1.525 -0.1)
(0.125 1.525 -0.1)
(0.1375 1.525 -0.1)
(0.15 1.525 -0.1)
(0.1625 1.525 -0.1)
(0.175 1.525 -0.1)
(0.1875 1.525 -0.1)
(0.2 1.525 -0.1)
(0.2125 1.525 -0.1)
(0.225 1.525 -0.1)
(0.2375 1.525 -0.1)
(0.25 1.525 -0.1)
(0.2625 1.525 -0.1)
(0.275 1.525 -0.1)
(0.2875 1.525 -0.1)
(0.3 1.525 -0.1)
(0.3125 1.525 -0.1)
(0.325 1.525 -0.1)
(0.3375 1.525 -0.1)
(0.35 1.525 -0.1)
(0.3625 1.525 -0.1)
(0.375 1.525 -0.1)
(0.3875 1.525 -0.1)
(0.4 1.525 -0.1)
(0.4125 1.525 -0.1)
(0.425 1.525 -0.1)
(0.4375 1.525 -0.1)
(0.45 1.525 -0.1)
(0.4625 1.525 -0.1)
(0.475 1.525 -0.1)
(0.4875 1.525 -0.1)
(0.5 1.525 -0.1)
(0.5125 1.525 -0.1)
(0.525 1.525 -0.1)
(0.5375 1.525 -0.1)
(0.55 1.525 -0.1)
(0.5625 1.525 -0.1)
(0.575 1.525 -0.1)
(0.5875 1.525 -0.1)
(0.6 1.525 -0.1)
(0.6125 1.525 -0.1)
(0.625 1.525 -0.1)
(0.6375 1.525 -0.1)
(0.65 1.525 -0.1)
(0.6625 1.525 -0.1)
(0.675 1.525 -0.1)
(0.6875 1.525 -0.1)
(0.7 1.525 -0.1)
(0.7125 1.525 -0.1)
(0.725 1.525 -0.1)
(0.7375 1.525 -0.1)
(0.75 1.525 -0.1)
(0.7625 1.525 -0.1)
(0.775 1.525 -0.1)
(0.7875 1.525 -0.1)
(0.8 1.525 -0.1)
(0.8125 1.525 -0.1)
(0.825 1.525 -0.1)
(0.8375 1.525 -0.1)
(0.85 1.525 -0.1)
(0.8625 1.525 -0.1)
(0.875 1.525 -0.1)
(0.8875 1.525 -0.1)
(0.9 1.525 -0.1)
(0.9125 1.525 -0.1)
(0.925 1.525 -0.1)
(0.9375 1.525 -0.1)
(0.95 1.525 -0.1)
(0.9625 1.525 -0.1)
(0.975 1.525 -0.1)
(0.9875 1.525 -0.1)
(1 1.525 -0.1)
(0 1.5375 -0.1)
(0.0125 1.5375 -0.1)
(0.025 1.5375 -0.1)
(0.0375 1.5375 -0.1)
(0.05 1.5375 -0.1)
(0.0625 1.5375 -0.1)
(0.075 1.5375 -0.1)
(0.0875 1.5375 -0.1)
(0.1 1.5375 -0.1)
(0.1125 1.5375 -0.1)
(0.125 1.5375 -0.1)
(0.1375 1.5375 -0.1)
(0.15 1.5375 -0.1)
(0.1625 1.5375 -0.1)
(0.175 1.5375 -0.1)
(0.1875 1.5375 -0.1)
(0.2 1.5375 -0.1)
(0.2125 1.5375 -0.1)
(0.225 1.5375 -0.1)
(0.2375 1.5375 -0.1)
(0.25 1.5375 -0.1)
(0.2625 1.5375 -0.1)
(0.275 1.5375 -0.1)
(0.2875 1.5375 -0.1)
(0.3 1.5375 -0.1)
(0.3125 1.5375 -0.1)
(0.325 1.5375 -0.1)
(0.3375 1.5375 -0.1)
(0.35 1.5375 -0.1)
(0.3625 1.5375 -0.1)
(0.375 1.5375 -0.1)
(0.3875 1.5375 -0.1)
(0.4 1.5375 -0.1)
(0.4125 1.5375 -0.1)
(0.425 1.5375 -0.1)
(0.4375 1.5375 -0.1)
(0.45 1.5375 -0.1)
(0.4625 1.5375 -0.1)
(0.475 1.5375 -0.1)
(0.4875 1.5375 -0.1)
(0.5 1.5375 -0.1)
(0.5125 1.5375 -0.1)
(0.525 1.5375 -0.1)
(0.5375 1.5375 -0.1)
(0.55 1.5375 -0.1)
(0.5625 1.5375 -0.1)
(0.575 1.5375 -0.1)
(0.5875 1.5375 -0.1)
(0.6 1.5375 -0.1)
(0.6125 1.5375 -0.1)
(0.625 1.5375 -0.1)
(0.6375 1.5375 -0.1)
(0.65 1.5375 -0.1)
(0.6625 1.5375 -0.1)
(0.675 1.5375 -0.1)
(0.6875 1.5375 -0.1)
(0.7 1.5375 -0.1)
(0.7125 1.5375 -0.1)
(0.725 1.5375 -0.1)
(0.7375 1.5375 -0.1)
(0.75 1.5375 -0.1)
(0.7625 1.5375 -0.1)
(0.775 1.5375 -0.1)
(0.7875 1.5375 -0.1)
(0.8 1.5375 -0.1)
(0.8125 1.5375 -0.1)
(0.825 1.5375 -0.1)
(0.8375 1.5375 -0.1)
(0.85 1.5375 -0.1)
(0.8625 1.5375 -0.1)
(0.875 1.5375 -0.1)
(0.8875 1.5375 -0.1)
(0.9 1.5375 -0.1)
(0.9125 1.5375 -0.1)
(0.925 1.5375 -0.1)
(0.9375 1.5375 -0.1)
(0.95 1.5375 -0.1)
(0.9625 1.5375 -0.1)
(0.975 1.5375 -0.1)
(0.9875 1.5375 -0.1)
(1 1.5375 -0.1)
(0 1.55 -0.1)
(0.0125 1.55 -0.1)
(0.025 1.55 -0.1)
(0.0375 1.55 -0.1)
(0.05 1.55 -0.1)
(0.0625 1.55 -0.1)
(0.075 1.55 -0.1)
(0.0875 1.55 -0.1)
(0.1 1.55 -0.1)
(0.1125 1.55 -0.1)
(0.125 1.55 -0.1)
(0.1375 1.55 -0.1)
(0.15 1.55 -0.1)
(0.1625 1.55 -0.1)
(0.175 1.55 -0.1)
(0.1875 1.55 -0.1)
(0.2 1.55 -0.1)
(0.2125 1.55 -0.1)
(0.225 1.55 -0.1)
(0.2375 1.55 -0.1)
(0.25 1.55 -0.1)
(0.2625 1.55 -0.1)
(0.275 1.55 -0.1)
(0.2875 1.55 -0.1)
(0.3 1.55 -0.1)
(0.3125 1.55 -0.1)
(0.325 1.55 -0.1)
(0.3375 1.55 -0.1)
(0.35 1.55 -0.1)
(0.3625 1.55 -0.1)
(0.375 1.55 -0.1)
(0.3875 1.55 -0.1)
(0.4 1.55 -0.1)
(0.4125 1.55 -0.1)
(0.425 1.55 -0.1)
(0.4375 1.55 -0.1)
(0.45 1.55 -0.1)
(0.4625 1.55 -0.1)
(0.475 1.55 -0.1)
(0.4875 1.55 -0.1)
(0.5 1.55 -0.1)
(0.5125 1.55 -0.1)
(0.525 1.55 -0.1)
(0.5375 1.55 -0.1)
(0.55 1.55 -0.1)
(0.5625 1.55 -0.1)
(0.575 1.55 -0.1)
(0.5875 1.55 -0.1)
(0.6 1.55 -0.1)
(0.6125 1.55 -0.1)
(0.625 1.55 -0.1)
(0.6375 1.55 -0.1)
(0.65 1.55 -0.1)
(0.6625 1.55 -0.1)
(0.675 1.55 -0.1)
(0.6875 1.55 -0.1)
(0.7 1.55 -0.1)
(0.7125 1.55 -0.1)
(0.725 1.55 -0.1)
(0.7375 1.55 -0.1)
(0.75 1.55 -0.1)
(0.7625 1.55 -0.1)
(0.775 1.55 -0.1)
(0.7875 1.55 -0.1)
(0.8 1.55 -0.1)
(0.8125 1.55 -0.1)
(0.825 1.55 -0.1)
(0.8375 1.55 -0.1)
(0.85 1.55 -0.1)
(0.8625 1.55 -0.1)
(0.875 1.55 -0.1)
(0.8875 1.55 -0.1)
(0.9 1.55 -0.1)
(0.9125 1.55 -0.1)
(0.925 1.55 -0.1)
(0.9375 1.55 -0.1)
(0.95 1.55 -0.1)
(0.9625 1.55 -0.1)
(0.975 1.55 -0.1)
(0.9875 1.55 -0.1)
(1 1.55 -0.1)
(0 1.5625 -0.1)
(0.0125 1.5625 -0.1)
(0.025 1.5625 -0.1)
(0.0375 1.5625 -0.1)
(0.05 1.5625 -0.1)
(0.0625 1.5625 -0.1)
(0.075 1.5625 -0.1)
(0.0875 1.5625 -0.1)
(0.1 1.5625 -0.1)
(0.1125 1.5625 -0.1)
(0.125 1.5625 -0.1)
(0.1375 1.5625 -0.1)
(0.15 1.5625 -0.1)
(0.1625 1.5625 -0.1)
(0.175 1.5625 -0.1)
(0.1875 1.5625 -0.1)
(0.2 1.5625 -0.1)
(0.2125 1.5625 -0.1)
(0.225 1.5625 -0.1)
(0.2375 1.5625 -0.1)
(0.25 1.5625 -0.1)
(0.2625 1.5625 -0.1)
(0.275 1.5625 -0.1)
(0.2875 1.5625 -0.1)
(0.3 1.5625 -0.1)
(0.3125 1.5625 -0.1)
(0.325 1.5625 -0.1)
(0.3375 1.5625 -0.1)
(0.35 1.5625 -0.1)
(0.3625 1.5625 -0.1)
(0.375 1.5625 -0.1)
(0.3875 1.5625 -0.1)
(0.4 1.5625 -0.1)
(0.4125 1.5625 -0.1)
(0.425 1.5625 -0.1)
(0.4375 1.5625 -0.1)
(0.45 1.5625 -0.1)
(0.4625 1.5625 -0.1)
(0.475 1.5625 -0.1)
(0.4875 1.5625 -0.1)
(0.5 1.5625 -0.1)
(0.5125 1.5625 -0.1)
(0.525 1.5625 -0.1)
(0.5375 1.5625 -0.1)
(0.55 1.5625 -0.1)
(0.5625 1.5625 -0.1)
(0.575 1.5625 -0.1)
(0.5875 1.5625 -0.1)
(0.6 1.5625 -0.1)
(0.6125 1.5625 -0.1)
(0.625 1.5625 -0.1)
(0.6375 1.5625 -0.1)
(0.65 1.5625 -0.1)
(0.6625 1.5625 -0.1)
(0.675 1.5625 -0.1)
(0.6875 1.5625 -0.1)
(0.7 1.5625 -0.1)
(0.7125 1.5625 -0.1)
(0.725 1.5625 -0.1)
(0.7375 1.5625 -0.1)
(0.75 1.5625 -0.1)
(0.7625 1.5625 -0.1)
(0.775 1.5625 -0.1)
(0.7875 1.5625 -0.1)
(0.8 1.5625 -0.1)
(0.8125 1.5625 -0.1)
(0.825 1.5625 -0.1)
(0.8375 1.5625 -0.1)
(0.85 1.5625 -0.1)
(0.8625 1.5625 -0.1)
(0.875 1.5625 -0.1)
(0.8875 1.5625 -0.1)
(0.9 1.5625 -0.1)
(0.9125 1.5625 -0.1)
(0.925 1.5625 -0.1)
(0.9375 1.5625 -0.1)
(0.95 1.5625 -0.1)
(0.9625 1.5625 -0.1)
(0.975 1.5625 -0.1)
(0.9875 1.5625 -0.1)
(1 1.5625 -0.1)
(0 1.575 -0.1)
(0.0125 1.575 -0.1)
(0.025 1.575 -0.1)
(0.0375 1.575 -0.1)
(0.05 1.575 -0.1)
(0.0625 1.575 -0.1)
(0.075 1.575 -0.1)
(0.0875 1.575 -0.1)
(0.1 1.575 -0.1)
(0.1125 1.575 -0.1)
(0.125 1.575 -0.1)
(0.1375 1.575 -0.1)
(0.15 1.575 -0.1)
(0.1625 1.575 -0.1)
(0.175 1.575 -0.1)
(0.1875 1.575 -0.1)
(0.2 1.575 -0.1)
(0.2125 1.575 -0.1)
(0.225 1.575 -0.1)
(0.2375 1.575 -0.1)
(0.25 1.575 -0.1)
(0.2625 1.575 -0.1)
(0.275 1.575 -0.1)
(0.2875 1.575 -0.1)
(0.3 1.575 -0.1)
(0.3125 1.575 -0.1)
(0.325 1.575 -0.1)
(0.3375 1.575 -0.1)
(0.35 1.575 -0.1)
(0.3625 1.575 -0.1)
(0.375 1.575 -0.1)
(0.3875 1.575 -0.1)
(0.4 1.575 -0.1)
(0.4125 1.575 -0.1)
(0.425 1.575 -0.1)
(0.4375 1.575 -0.1)
(0.45 1.575 -0.1)
(0.4625 1.575 -0.1)
(0.475 1.575 -0.1)
(0.4875 1.575 -0.1)
(0.5 1.575 -0.1)
(0.5125 1.575 -0.1)
(0.525 1.575 -0.1)
(0.5375 1.575 -0.1)
(0.55 1.575 -0.1)
(0.5625 1.575 -0.1)
(0.575 1.575 -0.1)
(0.5875 1.575 -0.1)
(0.6 1.575 -0.1)
(0.6125 1.575 -0.1)
(0.625 1.575 -0.1)
(0.6375 1.575 -0.1)
(0.65 1.575 -0.1)
(0.6625 1.575 -0.1)
(0.675 1.575 -0.1)
(0.6875 1.575 -0.1)
(0.7 1.575 -0.1)
(0.7125 1.575 -0.1)
(0.725 1.575 -0.1)
(0.7375 1.575 -0.1)
(0.75 1.575 -0.1)
(0.7625 1.575 -0.1)
(0.775 1.575 -0.1)
(0.7875 1.575 -0.1)
(0.8 1.575 -0.1)
(0.8125 1.575 -0.1)
(0.825 1.575 -0.1)
(0.8375 1.575 -0.1)
(0.85 1.575 -0.1)
(0.8625 1.575 -0.1)
(0.875 1.575 -0.1)
(0.8875 1.575 -0.1)
(0.9 1.575 -0.1)
(0.9125 1.575 -0.1)
(0.925 1.575 -0.1)
(0.9375 1.575 -0.1)
(0.95 1.575 -0.1)
(0.9625 1.575 -0.1)
(0.975 1.575 -0.1)
(0.9875 1.575 -0.1)
(1 1.575 -0.1)
(0 1.5875 -0.1)
(0.0125 1.5875 -0.1)
(0.025 1.5875 -0.1)
(0.0375 1.5875 -0.1)
(0.05 1.5875 -0.1)
(0.0625 1.5875 -0.1)
(0.075 1.5875 -0.1)
(0.0875 1.5875 -0.1)
(0.1 1.5875 -0.1)
(0.1125 1.5875 -0.1)
(0.125 1.5875 -0.1)
(0.1375 1.5875 -0.1)
(0.15 1.5875 -0.1)
(0.1625 1.5875 -0.1)
(0.175 1.5875 -0.1)
(0.1875 1.5875 -0.1)
(0.2 1.5875 -0.1)
(0.2125 1.5875 -0.1)
(0.225 1.5875 -0.1)
(0.2375 1.5875 -0.1)
(0.25 1.5875 -0.1)
(0.2625 1.5875 -0.1)
(0.275 1.5875 -0.1)
(0.2875 1.5875 -0.1)
(0.3 1.5875 -0.1)
(0.3125 1.5875 -0.1)
(0.325 1.5875 -0.1)
(0.3375 1.5875 -0.1)
(0.35 1.5875 -0.1)
(0.3625 1.5875 -0.1)
(0.375 1.5875 -0.1)
(0.3875 1.5875 -0.1)
(0.4 1.5875 -0.1)
(0.4125 1.5875 -0.1)
(0.425 1.5875 -0.1)
(0.4375 1.5875 -0.1)
(0.45 1.5875 -0.1)
(0.4625 1.5875 -0.1)
(0.475 1.5875 -0.1)
(0.4875 1.5875 -0.1)
(0.5 1.5875 -0.1)
(0.5125 1.5875 -0.1)
(0.525 1.5875 -0.1)
(0.5375 1.5875 -0.1)
(0.55 1.5875 -0.1)
(0.5625 1.5875 -0.1)
(0.575 1.5875 -0.1)
(0.5875 1.5875 -0.1)
(0.6 1.5875 -0.1)
(0.6125 1.5875 -0.1)
(0.625 1.5875 -0.1)
(0.6375 1.5875 -0.1)
(0.65 1.5875 -0.1)
(0.6625 1.5875 -0.1)
(0.675 1.5875 -0.1)
(0.6875 1.5875 -0.1)
(0.7 1.5875 -0.1)
(0.7125 1.5875 -0.1)
(0.725 1.5875 -0.1)
(0.7375 1.5875 -0.1)
(0.75 1.5875 -0.1)
(0.7625 1.5875 -0.1)
(0.775 1.5875 -0.1)
(0.7875 1.5875 -0.1)
(0.8 1.5875 -0.1)
(0.8125 1.5875 -0.1)
(0.825 1.5875 -0.1)
(0.8375 1.5875 -0.1)
(0.85 1.5875 -0.1)
(0.8625 1.5875 -0.1)
(0.875 1.5875 -0.1)
(0.8875 1.5875 -0.1)
(0.9 1.5875 -0.1)
(0.9125 1.5875 -0.1)
(0.925 1.5875 -0.1)
(0.9375 1.5875 -0.1)
(0.95 1.5875 -0.1)
(0.9625 1.5875 -0.1)
(0.975 1.5875 -0.1)
(0.9875 1.5875 -0.1)
(1 1.5875 -0.1)
(0 1.6 -0.1)
(0.0125 1.6 -0.1)
(0.025 1.6 -0.1)
(0.0375 1.6 -0.1)
(0.05 1.6 -0.1)
(0.0625 1.6 -0.1)
(0.075 1.6 -0.1)
(0.0875 1.6 -0.1)
(0.1 1.6 -0.1)
(0.1125 1.6 -0.1)
(0.125 1.6 -0.1)
(0.1375 1.6 -0.1)
(0.15 1.6 -0.1)
(0.1625 1.6 -0.1)
(0.175 1.6 -0.1)
(0.1875 1.6 -0.1)
(0.2 1.6 -0.1)
(0.2125 1.6 -0.1)
(0.225 1.6 -0.1)
(0.2375 1.6 -0.1)
(0.25 1.6 -0.1)
(0.2625 1.6 -0.1)
(0.275 1.6 -0.1)
(0.2875 1.6 -0.1)
(0.3 1.6 -0.1)
(0.3125 1.6 -0.1)
(0.325 1.6 -0.1)
(0.3375 1.6 -0.1)
(0.35 1.6 -0.1)
(0.3625 1.6 -0.1)
(0.375 1.6 -0.1)
(0.3875 1.6 -0.1)
(0.4 1.6 -0.1)
(0.4125 1.6 -0.1)
(0.425 1.6 -0.1)
(0.4375 1.6 -0.1)
(0.45 1.6 -0.1)
(0.4625 1.6 -0.1)
(0.475 1.6 -0.1)
(0.4875 1.6 -0.1)
(0.5 1.6 -0.1)
(0.5125 1.6 -0.1)
(0.525 1.6 -0.1)
(0.5375 1.6 -0.1)
(0.55 1.6 -0.1)
(0.5625 1.6 -0.1)
(0.575 1.6 -0.1)
(0.5875 1.6 -0.1)
(0.6 1.6 -0.1)
(0.6125 1.6 -0.1)
(0.625 1.6 -0.1)
(0.6375 1.6 -0.1)
(0.65 1.6 -0.1)
(0.6625 1.6 -0.1)
(0.675 1.6 -0.1)
(0.6875 1.6 -0.1)
(0.7 1.6 -0.1)
(0.7125 1.6 -0.1)
(0.725 1.6 -0.1)
(0.7375 1.6 -0.1)
(0.75 1.6 -0.1)
(0.7625 1.6 -0.1)
(0.775 1.6 -0.1)
(0.7875 1.6 -0.1)
(0.8 1.6 -0.1)
(0.8125 1.6 -0.1)
(0.825 1.6 -0.1)
(0.8375 1.6 -0.1)
(0.85 1.6 -0.1)
(0.8625 1.6 -0.1)
(0.875 1.6 -0.1)
(0.8875 1.6 -0.1)
(0.9 1.6 -0.1)
(0.9125 1.6 -0.1)
(0.925 1.6 -0.1)
(0.9375 1.6 -0.1)
(0.95 1.6 -0.1)
(0.9625 1.6 -0.1)
(0.975 1.6 -0.1)
(0.9875 1.6 -0.1)
(1 1.6 -0.1)
(0 1.6125 -0.1)
(0.0125 1.6125 -0.1)
(0.025 1.6125 -0.1)
(0.0375 1.6125 -0.1)
(0.05 1.6125 -0.1)
(0.0625 1.6125 -0.1)
(0.075 1.6125 -0.1)
(0.0875 1.6125 -0.1)
(0.1 1.6125 -0.1)
(0.1125 1.6125 -0.1)
(0.125 1.6125 -0.1)
(0.1375 1.6125 -0.1)
(0.15 1.6125 -0.1)
(0.1625 1.6125 -0.1)
(0.175 1.6125 -0.1)
(0.1875 1.6125 -0.1)
(0.2 1.6125 -0.1)
(0.2125 1.6125 -0.1)
(0.225 1.6125 -0.1)
(0.2375 1.6125 -0.1)
(0.25 1.6125 -0.1)
(0.2625 1.6125 -0.1)
(0.275 1.6125 -0.1)
(0.2875 1.6125 -0.1)
(0.3 1.6125 -0.1)
(0.3125 1.6125 -0.1)
(0.325 1.6125 -0.1)
(0.3375 1.6125 -0.1)
(0.35 1.6125 -0.1)
(0.3625 1.6125 -0.1)
(0.375 1.6125 -0.1)
(0.3875 1.6125 -0.1)
(0.4 1.6125 -0.1)
(0.4125 1.6125 -0.1)
(0.425 1.6125 -0.1)
(0.4375 1.6125 -0.1)
(0.45 1.6125 -0.1)
(0.4625 1.6125 -0.1)
(0.475 1.6125 -0.1)
(0.4875 1.6125 -0.1)
(0.5 1.6125 -0.1)
(0.5125 1.6125 -0.1)
(0.525 1.6125 -0.1)
(0.5375 1.6125 -0.1)
(0.55 1.6125 -0.1)
(0.5625 1.6125 -0.1)
(0.575 1.6125 -0.1)
(0.5875 1.6125 -0.1)
(0.6 1.6125 -0.1)
(0.6125 1.6125 -0.1)
(0.625 1.6125 -0.1)
(0.6375 1.6125 -0.1)
(0.65 1.6125 -0.1)
(0.6625 1.6125 -0.1)
(0.675 1.6125 -0.1)
(0.6875 1.6125 -0.1)
(0.7 1.6125 -0.1)
(0.7125 1.6125 -0.1)
(0.725 1.6125 -0.1)
(0.7375 1.6125 -0.1)
(0.75 1.6125 -0.1)
(0.7625 1.6125 -0.1)
(0.775 1.6125 -0.1)
(0.7875 1.6125 -0.1)
(0.8 1.6125 -0.1)
(0.8125 1.6125 -0.1)
(0.825 1.6125 -0.1)
(0.8375 1.6125 -0.1)
(0.85 1.6125 -0.1)
(0.8625 1.6125 -0.1)
(0.875 1.6125 -0.1)
(0.8875 1.6125 -0.1)
(0.9 1.6125 -0.1)
(0.9125 1.6125 -0.1)
(0.925 1.6125 -0.1)
(0.9375 1.6125 -0.1)
(0.95 1.6125 -0.1)
(0.9625 1.6125 -0.1)
(0.975 1.6125 -0.1)
(0.9875 1.6125 -0.1)
(1 1.6125 -0.1)
(0 1.625 -0.1)
(0.0125 1.625 -0.1)
(0.025 1.625 -0.1)
(0.0375 1.625 -0.1)
(0.05 1.625 -0.1)
(0.0625 1.625 -0.1)
(0.075 1.625 -0.1)
(0.0875 1.625 -0.1)
(0.1 1.625 -0.1)
(0.1125 1.625 -0.1)
(0.125 1.625 -0.1)
(0.1375 1.625 -0.1)
(0.15 1.625 -0.1)
(0.1625 1.625 -0.1)
(0.175 1.625 -0.1)
(0.1875 1.625 -0.1)
(0.2 1.625 -0.1)
(0.2125 1.625 -0.1)
(0.225 1.625 -0.1)
(0.2375 1.625 -0.1)
(0.25 1.625 -0.1)
(0.2625 1.625 -0.1)
(0.275 1.625 -0.1)
(0.2875 1.625 -0.1)
(0.3 1.625 -0.1)
(0.3125 1.625 -0.1)
(0.325 1.625 -0.1)
(0.3375 1.625 -0.1)
(0.35 1.625 -0.1)
(0.3625 1.625 -0.1)
(0.375 1.625 -0.1)
(0.3875 1.625 -0.1)
(0.4 1.625 -0.1)
(0.4125 1.625 -0.1)
(0.425 1.625 -0.1)
(0.4375 1.625 -0.1)
(0.45 1.625 -0.1)
(0.4625 1.625 -0.1)
(0.475 1.625 -0.1)
(0.4875 1.625 -0.1)
(0.5 1.625 -0.1)
(0.5125 1.625 -0.1)
(0.525 1.625 -0.1)
(0.5375 1.625 -0.1)
(0.55 1.625 -0.1)
(0.5625 1.625 -0.1)
(0.575 1.625 -0.1)
(0.5875 1.625 -0.1)
(0.6 1.625 -0.1)
(0.6125 1.625 -0.1)
(0.625 1.625 -0.1)
(0.6375 1.625 -0.1)
(0.65 1.625 -0.1)
(0.6625 1.625 -0.1)
(0.675 1.625 -0.1)
(0.6875 1.625 -0.1)
(0.7 1.625 -0.1)
(0.7125 1.625 -0.1)
(0.725 1.625 -0.1)
(0.7375 1.625 -0.1)
(0.75 1.625 -0.1)
(0.7625 1.625 -0.1)
(0.775 1.625 -0.1)
(0.7875 1.625 -0.1)
(0.8 1.625 -0.1)
(0.8125 1.625 -0.1)
(0.825 1.625 -0.1)
(0.8375 1.625 -0.1)
(0.85 1.625 -0.1)
(0.8625 1.625 -0.1)
(0.875 1.625 -0.1)
(0.8875 1.625 -0.1)
(0.9 1.625 -0.1)
(0.9125 1.625 -0.1)
(0.925 1.625 -0.1)
(0.9375 1.625 -0.1)
(0.95 1.625 -0.1)
(0.9625 1.625 -0.1)
(0.975 1.625 -0.1)
(0.9875 1.625 -0.1)
(1 1.625 -0.1)
(0 1.6375 -0.1)
(0.0125 1.6375 -0.1)
(0.025 1.6375 -0.1)
(0.0375 1.6375 -0.1)
(0.05 1.6375 -0.1)
(0.0625 1.6375 -0.1)
(0.075 1.6375 -0.1)
(0.0875 1.6375 -0.1)
(0.1 1.6375 -0.1)
(0.1125 1.6375 -0.1)
(0.125 1.6375 -0.1)
(0.1375 1.6375 -0.1)
(0.15 1.6375 -0.1)
(0.1625 1.6375 -0.1)
(0.175 1.6375 -0.1)
(0.1875 1.6375 -0.1)
(0.2 1.6375 -0.1)
(0.2125 1.6375 -0.1)
(0.225 1.6375 -0.1)
(0.2375 1.6375 -0.1)
(0.25 1.6375 -0.1)
(0.2625 1.6375 -0.1)
(0.275 1.6375 -0.1)
(0.2875 1.6375 -0.1)
(0.3 1.6375 -0.1)
(0.3125 1.6375 -0.1)
(0.325 1.6375 -0.1)
(0.3375 1.6375 -0.1)
(0.35 1.6375 -0.1)
(0.3625 1.6375 -0.1)
(0.375 1.6375 -0.1)
(0.3875 1.6375 -0.1)
(0.4 1.6375 -0.1)
(0.4125 1.6375 -0.1)
(0.425 1.6375 -0.1)
(0.4375 1.6375 -0.1)
(0.45 1.6375 -0.1)
(0.4625 1.6375 -0.1)
(0.475 1.6375 -0.1)
(0.4875 1.6375 -0.1)
(0.5 1.6375 -0.1)
(0.5125 1.6375 -0.1)
(0.525 1.6375 -0.1)
(0.5375 1.6375 -0.1)
(0.55 1.6375 -0.1)
(0.5625 1.6375 -0.1)
(0.575 1.6375 -0.1)
(0.5875 1.6375 -0.1)
(0.6 1.6375 -0.1)
(0.6125 1.6375 -0.1)
(0.625 1.6375 -0.1)
(0.6375 1.6375 -0.1)
(0.65 1.6375 -0.1)
(0.6625 1.6375 -0.1)
(0.675 1.6375 -0.1)
(0.6875 1.6375 -0.1)
(0.7 1.6375 -0.1)
(0.7125 1.6375 -0.1)
(0.725 1.6375 -0.1)
(0.7375 1.6375 -0.1)
(0.75 1.6375 -0.1)
(0.7625 1.6375 -0.1)
(0.775 1.6375 -0.1)
(0.7875 1.6375 -0.1)
(0.8 1.6375 -0.1)
(0.8125 1.6375 -0.1)
(0.825 1.6375 -0.1)
(0.8375 1.6375 -0.1)
(0.85 1.6375 -0.1)
(0.8625 1.6375 -0.1)
(0.875 1.6375 -0.1)
(0.8875 1.6375 -0.1)
(0.9 1.6375 -0.1)
(0.9125 1.6375 -0.1)
(0.925 1.6375 -0.1)
(0.9375 1.6375 -0.1)
(0.95 1.6375 -0.1)
(0.9625 1.6375 -0.1)
(0.975 1.6375 -0.1)
(0.9875 1.6375 -0.1)
(1 1.6375 -0.1)
(0 1.65 -0.1)
(0.0125 1.65 -0.1)
(0.025 1.65 -0.1)
(0.0375 1.65 -0.1)
(0.05 1.65 -0.1)
(0.0625 1.65 -0.1)
(0.075 1.65 -0.1)
(0.0875 1.65 -0.1)
(0.1 1.65 -0.1)
(0.1125 1.65 -0.1)
(0.125 1.65 -0.1)
(0.1375 1.65 -0.1)
(0.15 1.65 -0.1)
(0.1625 1.65 -0.1)
(0.175 1.65 -0.1)
(0.1875 1.65 -0.1)
(0.2 1.65 -0.1)
(0.2125 1.65 -0.1)
(0.225 1.65 -0.1)
(0.2375 1.65 -0.1)
(0.25 1.65 -0.1)
(0.2625 1.65 -0.1)
(0.275 1.65 -0.1)
(0.2875 1.65 -0.1)
(0.3 1.65 -0.1)
(0.3125 1.65 -0.1)
(0.325 1.65 -0.1)
(0.3375 1.65 -0.1)
(0.35 1.65 -0.1)
(0.3625 1.65 -0.1)
(0.375 1.65 -0.1)
(0.3875 1.65 -0.1)
(0.4 1.65 -0.1)
(0.4125 1.65 -0.1)
(0.425 1.65 -0.1)
(0.4375 1.65 -0.1)
(0.45 1.65 -0.1)
(0.4625 1.65 -0.1)
(0.475 1.65 -0.1)
(0.4875 1.65 -0.1)
(0.5 1.65 -0.1)
(0.5125 1.65 -0.1)
(0.525 1.65 -0.1)
(0.5375 1.65 -0.1)
(0.55 1.65 -0.1)
(0.5625 1.65 -0.1)
(0.575 1.65 -0.1)
(0.5875 1.65 -0.1)
(0.6 1.65 -0.1)
(0.6125 1.65 -0.1)
(0.625 1.65 -0.1)
(0.6375 1.65 -0.1)
(0.65 1.65 -0.1)
(0.6625 1.65 -0.1)
(0.675 1.65 -0.1)
(0.6875 1.65 -0.1)
(0.7 1.65 -0.1)
(0.7125 1.65 -0.1)
(0.725 1.65 -0.1)
(0.7375 1.65 -0.1)
(0.75 1.65 -0.1)
(0.7625 1.65 -0.1)
(0.775 1.65 -0.1)
(0.7875 1.65 -0.1)
(0.8 1.65 -0.1)
(0.8125 1.65 -0.1)
(0.825 1.65 -0.1)
(0.8375 1.65 -0.1)
(0.85 1.65 -0.1)
(0.8625 1.65 -0.1)
(0.875 1.65 -0.1)
(0.8875 1.65 -0.1)
(0.9 1.65 -0.1)
(0.9125 1.65 -0.1)
(0.925 1.65 -0.1)
(0.9375 1.65 -0.1)
(0.95 1.65 -0.1)
(0.9625 1.65 -0.1)
(0.975 1.65 -0.1)
(0.9875 1.65 -0.1)
(1 1.65 -0.1)
(0 1.6625 -0.1)
(0.0125 1.6625 -0.1)
(0.025 1.6625 -0.1)
(0.0375 1.6625 -0.1)
(0.05 1.6625 -0.1)
(0.0625 1.6625 -0.1)
(0.075 1.6625 -0.1)
(0.0875 1.6625 -0.1)
(0.1 1.6625 -0.1)
(0.1125 1.6625 -0.1)
(0.125 1.6625 -0.1)
(0.1375 1.6625 -0.1)
(0.15 1.6625 -0.1)
(0.1625 1.6625 -0.1)
(0.175 1.6625 -0.1)
(0.1875 1.6625 -0.1)
(0.2 1.6625 -0.1)
(0.2125 1.6625 -0.1)
(0.225 1.6625 -0.1)
(0.2375 1.6625 -0.1)
(0.25 1.6625 -0.1)
(0.2625 1.6625 -0.1)
(0.275 1.6625 -0.1)
(0.2875 1.6625 -0.1)
(0.3 1.6625 -0.1)
(0.3125 1.6625 -0.1)
(0.325 1.6625 -0.1)
(0.3375 1.6625 -0.1)
(0.35 1.6625 -0.1)
(0.3625 1.6625 -0.1)
(0.375 1.6625 -0.1)
(0.3875 1.6625 -0.1)
(0.4 1.6625 -0.1)
(0.4125 1.6625 -0.1)
(0.425 1.6625 -0.1)
(0.4375 1.6625 -0.1)
(0.45 1.6625 -0.1)
(0.4625 1.6625 -0.1)
(0.475 1.6625 -0.1)
(0.4875 1.6625 -0.1)
(0.5 1.6625 -0.1)
(0.5125 1.6625 -0.1)
(0.525 1.6625 -0.1)
(0.5375 1.6625 -0.1)
(0.55 1.6625 -0.1)
(0.5625 1.6625 -0.1)
(0.575 1.6625 -0.1)
(0.5875 1.6625 -0.1)
(0.6 1.6625 -0.1)
(0.6125 1.6625 -0.1)
(0.625 1.6625 -0.1)
(0.6375 1.6625 -0.1)
(0.65 1.6625 -0.1)
(0.6625 1.6625 -0.1)
(0.675 1.6625 -0.1)
(0.6875 1.6625 -0.1)
(0.7 1.6625 -0.1)
(0.7125 1.6625 -0.1)
(0.725 1.6625 -0.1)
(0.7375 1.6625 -0.1)
(0.75 1.6625 -0.1)
(0.7625 1.6625 -0.1)
(0.775 1.6625 -0.1)
(0.7875 1.6625 -0.1)
(0.8 1.6625 -0.1)
(0.8125 1.6625 -0.1)
(0.825 1.6625 -0.1)
(0.8375 1.6625 -0.1)
(0.85 1.6625 -0.1)
(0.8625 1.6625 -0.1)
(0.875 1.6625 -0.1)
(0.8875 1.6625 -0.1)
(0.9 1.6625 -0.1)
(0.9125 1.6625 -0.1)
(0.925 1.6625 -0.1)
(0.9375 1.6625 -0.1)
(0.95 1.6625 -0.1)
(0.9625 1.6625 -0.1)
(0.975 1.6625 -0.1)
(0.9875 1.6625 -0.1)
(1 1.6625 -0.1)
(0 1.675 -0.1)
(0.0125 1.675 -0.1)
(0.025 1.675 -0.1)
(0.0375 1.675 -0.1)
(0.05 1.675 -0.1)
(0.0625 1.675 -0.1)
(0.075 1.675 -0.1)
(0.0875 1.675 -0.1)
(0.1 1.675 -0.1)
(0.1125 1.675 -0.1)
(0.125 1.675 -0.1)
(0.1375 1.675 -0.1)
(0.15 1.675 -0.1)
(0.1625 1.675 -0.1)
(0.175 1.675 -0.1)
(0.1875 1.675 -0.1)
(0.2 1.675 -0.1)
(0.2125 1.675 -0.1)
(0.225 1.675 -0.1)
(0.2375 1.675 -0.1)
(0.25 1.675 -0.1)
(0.2625 1.675 -0.1)
(0.275 1.675 -0.1)
(0.2875 1.675 -0.1)
(0.3 1.675 -0.1)
(0.3125 1.675 -0.1)
(0.325 1.675 -0.1)
(0.3375 1.675 -0.1)
(0.35 1.675 -0.1)
(0.3625 1.675 -0.1)
(0.375 1.675 -0.1)
(0.3875 1.675 -0.1)
(0.4 1.675 -0.1)
(0.4125 1.675 -0.1)
(0.425 1.675 -0.1)
(0.4375 1.675 -0.1)
(0.45 1.675 -0.1)
(0.4625 1.675 -0.1)
(0.475 1.675 -0.1)
(0.4875 1.675 -0.1)
(0.5 1.675 -0.1)
(0.5125 1.675 -0.1)
(0.525 1.675 -0.1)
(0.5375 1.675 -0.1)
(0.55 1.675 -0.1)
(0.5625 1.675 -0.1)
(0.575 1.675 -0.1)
(0.5875 1.675 -0.1)
(0.6 1.675 -0.1)
(0.6125 1.675 -0.1)
(0.625 1.675 -0.1)
(0.6375 1.675 -0.1)
(0.65 1.675 -0.1)
(0.6625 1.675 -0.1)
(0.675 1.675 -0.1)
(0.6875 1.675 -0.1)
(0.7 1.675 -0.1)
(0.7125 1.675 -0.1)
(0.725 1.675 -0.1)
(0.7375 1.675 -0.1)
(0.75 1.675 -0.1)
(0.7625 1.675 -0.1)
(0.775 1.675 -0.1)
(0.7875 1.675 -0.1)
(0.8 1.675 -0.1)
(0.8125 1.675 -0.1)
(0.825 1.675 -0.1)
(0.8375 1.675 -0.1)
(0.85 1.675 -0.1)
(0.8625 1.675 -0.1)
(0.875 1.675 -0.1)
(0.8875 1.675 -0.1)
(0.9 1.675 -0.1)
(0.9125 1.675 -0.1)
(0.925 1.675 -0.1)
(0.9375 1.675 -0.1)
(0.95 1.675 -0.1)
(0.9625 1.675 -0.1)
(0.975 1.675 -0.1)
(0.9875 1.675 -0.1)
(1 1.675 -0.1)
(0 1.6875 -0.1)
(0.0125 1.6875 -0.1)
(0.025 1.6875 -0.1)
(0.0375 1.6875 -0.1)
(0.05 1.6875 -0.1)
(0.0625 1.6875 -0.1)
(0.075 1.6875 -0.1)
(0.0875 1.6875 -0.1)
(0.1 1.6875 -0.1)
(0.1125 1.6875 -0.1)
(0.125 1.6875 -0.1)
(0.1375 1.6875 -0.1)
(0.15 1.6875 -0.1)
(0.1625 1.6875 -0.1)
(0.175 1.6875 -0.1)
(0.1875 1.6875 -0.1)
(0.2 1.6875 -0.1)
(0.2125 1.6875 -0.1)
(0.225 1.6875 -0.1)
(0.2375 1.6875 -0.1)
(0.25 1.6875 -0.1)
(0.2625 1.6875 -0.1)
(0.275 1.6875 -0.1)
(0.2875 1.6875 -0.1)
(0.3 1.6875 -0.1)
(0.3125 1.6875 -0.1)
(0.325 1.6875 -0.1)
(0.3375 1.6875 -0.1)
(0.35 1.6875 -0.1)
(0.3625 1.6875 -0.1)
(0.375 1.6875 -0.1)
(0.3875 1.6875 -0.1)
(0.4 1.6875 -0.1)
(0.4125 1.6875 -0.1)
(0.425 1.6875 -0.1)
(0.4375 1.6875 -0.1)
(0.45 1.6875 -0.1)
(0.4625 1.6875 -0.1)
(0.475 1.6875 -0.1)
(0.4875 1.6875 -0.1)
(0.5 1.6875 -0.1)
(0.5125 1.6875 -0.1)
(0.525 1.6875 -0.1)
(0.5375 1.6875 -0.1)
(0.55 1.6875 -0.1)
(0.5625 1.6875 -0.1)
(0.575 1.6875 -0.1)
(0.5875 1.6875 -0.1)
(0.6 1.6875 -0.1)
(0.6125 1.6875 -0.1)
(0.625 1.6875 -0.1)
(0.6375 1.6875 -0.1)
(0.65 1.6875 -0.1)
(0.6625 1.6875 -0.1)
(0.675 1.6875 -0.1)
(0.6875 1.6875 -0.1)
(0.7 1.6875 -0.1)
(0.7125 1.6875 -0.1)
(0.725 1.6875 -0.1)
(0.7375 1.6875 -0.1)
(0.75 1.6875 -0.1)
(0.7625 1.6875 -0.1)
(0.775 1.6875 -0.1)
(0.7875 1.6875 -0.1)
(0.8 1.6875 -0.1)
(0.8125 1.6875 -0.1)
(0.825 1.6875 -0.1)
(0.8375 1.6875 -0.1)
(0.85 1.6875 -0.1)
(0.8625 1.6875 -0.1)
(0.875 1.6875 -0.1)
(0.8875 1.6875 -0.1)
(0.9 1.6875 -0.1)
(0.9125 1.6875 -0.1)
(0.925 1.6875 -0.1)
(0.9375 1.6875 -0.1)
(0.95 1.6875 -0.1)
(0.9625 1.6875 -0.1)
(0.975 1.6875 -0.1)
(0.9875 1.6875 -0.1)
(1 1.6875 -0.1)
(0 1.7 -0.1)
(0.0125 1.7 -0.1)
(0.025 1.7 -0.1)
(0.0375 1.7 -0.1)
(0.05 1.7 -0.1)
(0.0625 1.7 -0.1)
(0.075 1.7 -0.1)
(0.0875 1.7 -0.1)
(0.1 1.7 -0.1)
(0.1125 1.7 -0.1)
(0.125 1.7 -0.1)
(0.1375 1.7 -0.1)
(0.15 1.7 -0.1)
(0.1625 1.7 -0.1)
(0.175 1.7 -0.1)
(0.1875 1.7 -0.1)
(0.2 1.7 -0.1)
(0.2125 1.7 -0.1)
(0.225 1.7 -0.1)
(0.2375 1.7 -0.1)
(0.25 1.7 -0.1)
(0.2625 1.7 -0.1)
(0.275 1.7 -0.1)
(0.2875 1.7 -0.1)
(0.3 1.7 -0.1)
(0.3125 1.7 -0.1)
(0.325 1.7 -0.1)
(0.3375 1.7 -0.1)
(0.35 1.7 -0.1)
(0.3625 1.7 -0.1)
(0.375 1.7 -0.1)
(0.3875 1.7 -0.1)
(0.4 1.7 -0.1)
(0.4125 1.7 -0.1)
(0.425 1.7 -0.1)
(0.4375 1.7 -0.1)
(0.45 1.7 -0.1)
(0.4625 1.7 -0.1)
(0.475 1.7 -0.1)
(0.4875 1.7 -0.1)
(0.5 1.7 -0.1)
(0.5125 1.7 -0.1)
(0.525 1.7 -0.1)
(0.5375 1.7 -0.1)
(0.55 1.7 -0.1)
(0.5625 1.7 -0.1)
(0.575 1.7 -0.1)
(0.5875 1.7 -0.1)
(0.6 1.7 -0.1)
(0.6125 1.7 -0.1)
(0.625 1.7 -0.1)
(0.6375 1.7 -0.1)
(0.65 1.7 -0.1)
(0.6625 1.7 -0.1)
(0.675 1.7 -0.1)
(0.6875 1.7 -0.1)
(0.7 1.7 -0.1)
(0.7125 1.7 -0.1)
(0.725 1.7 -0.1)
(0.7375 1.7 -0.1)
(0.75 1.7 -0.1)
(0.7625 1.7 -0.1)
(0.775 1.7 -0.1)
(0.7875 1.7 -0.1)
(0.8 1.7 -0.1)
(0.8125 1.7 -0.1)
(0.825 1.7 -0.1)
(0.8375 1.7 -0.1)
(0.85 1.7 -0.1)
(0.8625 1.7 -0.1)
(0.875 1.7 -0.1)
(0.8875 1.7 -0.1)
(0.9 1.7 -0.1)
(0.9125 1.7 -0.1)
(0.925 1.7 -0.1)
(0.9375 1.7 -0.1)
(0.95 1.7 -0.1)
(0.9625 1.7 -0.1)
(0.975 1.7 -0.1)
(0.9875 1.7 -0.1)
(1 1.7 -0.1)
(0 1.7125 -0.1)
(0.0125 1.7125 -0.1)
(0.025 1.7125 -0.1)
(0.0375 1.7125 -0.1)
(0.05 1.7125 -0.1)
(0.0625 1.7125 -0.1)
(0.075 1.7125 -0.1)
(0.0875 1.7125 -0.1)
(0.1 1.7125 -0.1)
(0.1125 1.7125 -0.1)
(0.125 1.7125 -0.1)
(0.1375 1.7125 -0.1)
(0.15 1.7125 -0.1)
(0.1625 1.7125 -0.1)
(0.175 1.7125 -0.1)
(0.1875 1.7125 -0.1)
(0.2 1.7125 -0.1)
(0.2125 1.7125 -0.1)
(0.225 1.7125 -0.1)
(0.2375 1.7125 -0.1)
(0.25 1.7125 -0.1)
(0.2625 1.7125 -0.1)
(0.275 1.7125 -0.1)
(0.2875 1.7125 -0.1)
(0.3 1.7125 -0.1)
(0.3125 1.7125 -0.1)
(0.325 1.7125 -0.1)
(0.3375 1.7125 -0.1)
(0.35 1.7125 -0.1)
(0.3625 1.7125 -0.1)
(0.375 1.7125 -0.1)
(0.3875 1.7125 -0.1)
(0.4 1.7125 -0.1)
(0.4125 1.7125 -0.1)
(0.425 1.7125 -0.1)
(0.4375 1.7125 -0.1)
(0.45 1.7125 -0.1)
(0.4625 1.7125 -0.1)
(0.475 1.7125 -0.1)
(0.4875 1.7125 -0.1)
(0.5 1.7125 -0.1)
(0.5125 1.7125 -0.1)
(0.525 1.7125 -0.1)
(0.5375 1.7125 -0.1)
(0.55 1.7125 -0.1)
(0.5625 1.7125 -0.1)
(0.575 1.7125 -0.1)
(0.5875 1.7125 -0.1)
(0.6 1.7125 -0.1)
(0.6125 1.7125 -0.1)
(0.625 1.7125 -0.1)
(0.6375 1.7125 -0.1)
(0.65 1.7125 -0.1)
(0.6625 1.7125 -0.1)
(0.675 1.7125 -0.1)
(0.6875 1.7125 -0.1)
(0.7 1.7125 -0.1)
(0.7125 1.7125 -0.1)
(0.725 1.7125 -0.1)
(0.7375 1.7125 -0.1)
(0.75 1.7125 -0.1)
(0.7625 1.7125 -0.1)
(0.775 1.7125 -0.1)
(0.7875 1.7125 -0.1)
(0.8 1.7125 -0.1)
(0.8125 1.7125 -0.1)
(0.825 1.7125 -0.1)
(0.8375 1.7125 -0.1)
(0.85 1.7125 -0.1)
(0.8625 1.7125 -0.1)
(0.875 1.7125 -0.1)
(0.8875 1.7125 -0.1)
(0.9 1.7125 -0.1)
(0.9125 1.7125 -0.1)
(0.925 1.7125 -0.1)
(0.9375 1.7125 -0.1)
(0.95 1.7125 -0.1)
(0.9625 1.7125 -0.1)
(0.975 1.7125 -0.1)
(0.9875 1.7125 -0.1)
(1 1.7125 -0.1)
(0 1.725 -0.1)
(0.0125 1.725 -0.1)
(0.025 1.725 -0.1)
(0.0375 1.725 -0.1)
(0.05 1.725 -0.1)
(0.0625 1.725 -0.1)
(0.075 1.725 -0.1)
(0.0875 1.725 -0.1)
(0.1 1.725 -0.1)
(0.1125 1.725 -0.1)
(0.125 1.725 -0.1)
(0.1375 1.725 -0.1)
(0.15 1.725 -0.1)
(0.1625 1.725 -0.1)
(0.175 1.725 -0.1)
(0.1875 1.725 -0.1)
(0.2 1.725 -0.1)
(0.2125 1.725 -0.1)
(0.225 1.725 -0.1)
(0.2375 1.725 -0.1)
(0.25 1.725 -0.1)
(0.2625 1.725 -0.1)
(0.275 1.725 -0.1)
(0.2875 1.725 -0.1)
(0.3 1.725 -0.1)
(0.3125 1.725 -0.1)
(0.325 1.725 -0.1)
(0.3375 1.725 -0.1)
(0.35 1.725 -0.1)
(0.3625 1.725 -0.1)
(0.375 1.725 -0.1)
(0.3875 1.725 -0.1)
(0.4 1.725 -0.1)
(0.4125 1.725 -0.1)
(0.425 1.725 -0.1)
(0.4375 1.725 -0.1)
(0.45 1.725 -0.1)
(0.4625 1.725 -0.1)
(0.475 1.725 -0.1)
(0.4875 1.725 -0.1)
(0.5 1.725 -0.1)
(0.5125 1.725 -0.1)
(0.525 1.725 -0.1)
(0.5375 1.725 -0.1)
(0.55 1.725 -0.1)
(0.5625 1.725 -0.1)
(0.575 1.725 -0.1)
(0.5875 1.725 -0.1)
(0.6 1.725 -0.1)
(0.6125 1.725 -0.1)
(0.625 1.725 -0.1)
(0.6375 1.725 -0.1)
(0.65 1.725 -0.1)
(0.6625 1.725 -0.1)
(0.675 1.725 -0.1)
(0.6875 1.725 -0.1)
(0.7 1.725 -0.1)
(0.7125 1.725 -0.1)
(0.725 1.725 -0.1)
(0.7375 1.725 -0.1)
(0.75 1.725 -0.1)
(0.7625 1.725 -0.1)
(0.775 1.725 -0.1)
(0.7875 1.725 -0.1)
(0.8 1.725 -0.1)
(0.8125 1.725 -0.1)
(0.825 1.725 -0.1)
(0.8375 1.725 -0.1)
(0.85 1.725 -0.1)
(0.8625 1.725 -0.1)
(0.875 1.725 -0.1)
(0.8875 1.725 -0.1)
(0.9 1.725 -0.1)
(0.9125 1.725 -0.1)
(0.925 1.725 -0.1)
(0.9375 1.725 -0.1)
(0.95 1.725 -0.1)
(0.9625 1.725 -0.1)
(0.975 1.725 -0.1)
(0.9875 1.725 -0.1)
(1 1.725 -0.1)
(0 1.7375 -0.1)
(0.0125 1.7375 -0.1)
(0.025 1.7375 -0.1)
(0.0375 1.7375 -0.1)
(0.05 1.7375 -0.1)
(0.0625 1.7375 -0.1)
(0.075 1.7375 -0.1)
(0.0875 1.7375 -0.1)
(0.1 1.7375 -0.1)
(0.1125 1.7375 -0.1)
(0.125 1.7375 -0.1)
(0.1375 1.7375 -0.1)
(0.15 1.7375 -0.1)
(0.1625 1.7375 -0.1)
(0.175 1.7375 -0.1)
(0.1875 1.7375 -0.1)
(0.2 1.7375 -0.1)
(0.2125 1.7375 -0.1)
(0.225 1.7375 -0.1)
(0.2375 1.7375 -0.1)
(0.25 1.7375 -0.1)
(0.2625 1.7375 -0.1)
(0.275 1.7375 -0.1)
(0.2875 1.7375 -0.1)
(0.3 1.7375 -0.1)
(0.3125 1.7375 -0.1)
(0.325 1.7375 -0.1)
(0.3375 1.7375 -0.1)
(0.35 1.7375 -0.1)
(0.3625 1.7375 -0.1)
(0.375 1.7375 -0.1)
(0.3875 1.7375 -0.1)
(0.4 1.7375 -0.1)
(0.4125 1.7375 -0.1)
(0.425 1.7375 -0.1)
(0.4375 1.7375 -0.1)
(0.45 1.7375 -0.1)
(0.4625 1.7375 -0.1)
(0.475 1.7375 -0.1)
(0.4875 1.7375 -0.1)
(0.5 1.7375 -0.1)
(0.5125 1.7375 -0.1)
(0.525 1.7375 -0.1)
(0.5375 1.7375 -0.1)
(0.55 1.7375 -0.1)
(0.5625 1.7375 -0.1)
(0.575 1.7375 -0.1)
(0.5875 1.7375 -0.1)
(0.6 1.7375 -0.1)
(0.6125 1.7375 -0.1)
(0.625 1.7375 -0.1)
(0.6375 1.7375 -0.1)
(0.65 1.7375 -0.1)
(0.6625 1.7375 -0.1)
(0.675 1.7375 -0.1)
(0.6875 1.7375 -0.1)
(0.7 1.7375 -0.1)
(0.7125 1.7375 -0.1)
(0.725 1.7375 -0.1)
(0.7375 1.7375 -0.1)
(0.75 1.7375 -0.1)
(0.7625 1.7375 -0.1)
(0.775 1.7375 -0.1)
(0.7875 1.7375 -0.1)
(0.8 1.7375 -0.1)
(0.8125 1.7375 -0.1)
(0.825 1.7375 -0.1)
(0.8375 1.7375 -0.1)
(0.85 1.7375 -0.1)
(0.8625 1.7375 -0.1)
(0.875 1.7375 -0.1)
(0.8875 1.7375 -0.1)
(0.9 1.7375 -0.1)
(0.9125 1.7375 -0.1)
(0.925 1.7375 -0.1)
(0.9375 1.7375 -0.1)
(0.95 1.7375 -0.1)
(0.9625 1.7375 -0.1)
(0.975 1.7375 -0.1)
(0.9875 1.7375 -0.1)
(1 1.7375 -0.1)
(0 1.75 -0.1)
(0.0125 1.75 -0.1)
(0.025 1.75 -0.1)
(0.0375 1.75 -0.1)
(0.05 1.75 -0.1)
(0.0625 1.75 -0.1)
(0.075 1.75 -0.1)
(0.0875 1.75 -0.1)
(0.1 1.75 -0.1)
(0.1125 1.75 -0.1)
(0.125 1.75 -0.1)
(0.1375 1.75 -0.1)
(0.15 1.75 -0.1)
(0.1625 1.75 -0.1)
(0.175 1.75 -0.1)
(0.1875 1.75 -0.1)
(0.2 1.75 -0.1)
(0.2125 1.75 -0.1)
(0.225 1.75 -0.1)
(0.2375 1.75 -0.1)
(0.25 1.75 -0.1)
(0.2625 1.75 -0.1)
(0.275 1.75 -0.1)
(0.2875 1.75 -0.1)
(0.3 1.75 -0.1)
(0.3125 1.75 -0.1)
(0.325 1.75 -0.1)
(0.3375 1.75 -0.1)
(0.35 1.75 -0.1)
(0.3625 1.75 -0.1)
(0.375 1.75 -0.1)
(0.3875 1.75 -0.1)
(0.4 1.75 -0.1)
(0.4125 1.75 -0.1)
(0.425 1.75 -0.1)
(0.4375 1.75 -0.1)
(0.45 1.75 -0.1)
(0.4625 1.75 -0.1)
(0.475 1.75 -0.1)
(0.4875 1.75 -0.1)
(0.5 1.75 -0.1)
(0.5125 1.75 -0.1)
(0.525 1.75 -0.1)
(0.5375 1.75 -0.1)
(0.55 1.75 -0.1)
(0.5625 1.75 -0.1)
(0.575 1.75 -0.1)
(0.5875 1.75 -0.1)
(0.6 1.75 -0.1)
(0.6125 1.75 -0.1)
(0.625 1.75 -0.1)
(0.6375 1.75 -0.1)
(0.65 1.75 -0.1)
(0.6625 1.75 -0.1)
(0.675 1.75 -0.1)
(0.6875 1.75 -0.1)
(0.7 1.75 -0.1)
(0.7125 1.75 -0.1)
(0.725 1.75 -0.1)
(0.7375 1.75 -0.1)
(0.75 1.75 -0.1)
(0.7625 1.75 -0.1)
(0.775 1.75 -0.1)
(0.7875 1.75 -0.1)
(0.8 1.75 -0.1)
(0.8125 1.75 -0.1)
(0.825 1.75 -0.1)
(0.8375 1.75 -0.1)
(0.85 1.75 -0.1)
(0.8625 1.75 -0.1)
(0.875 1.75 -0.1)
(0.8875 1.75 -0.1)
(0.9 1.75 -0.1)
(0.9125 1.75 -0.1)
(0.925 1.75 -0.1)
(0.9375 1.75 -0.1)
(0.95 1.75 -0.1)
(0.9625 1.75 -0.1)
(0.975 1.75 -0.1)
(0.9875 1.75 -0.1)
(1 1.75 -0.1)
(0 1.7625 -0.1)
(0.0125 1.7625 -0.1)
(0.025 1.7625 -0.1)
(0.0375 1.7625 -0.1)
(0.05 1.7625 -0.1)
(0.0625 1.7625 -0.1)
(0.075 1.7625 -0.1)
(0.0875 1.7625 -0.1)
(0.1 1.7625 -0.1)
(0.1125 1.7625 -0.1)
(0.125 1.7625 -0.1)
(0.1375 1.7625 -0.1)
(0.15 1.7625 -0.1)
(0.1625 1.7625 -0.1)
(0.175 1.7625 -0.1)
(0.1875 1.7625 -0.1)
(0.2 1.7625 -0.1)
(0.2125 1.7625 -0.1)
(0.225 1.7625 -0.1)
(0.2375 1.7625 -0.1)
(0.25 1.7625 -0.1)
(0.2625 1.7625 -0.1)
(0.275 1.7625 -0.1)
(0.2875 1.7625 -0.1)
(0.3 1.7625 -0.1)
(0.3125 1.7625 -0.1)
(0.325 1.7625 -0.1)
(0.3375 1.7625 -0.1)
(0.35 1.7625 -0.1)
(0.3625 1.7625 -0.1)
(0.375 1.7625 -0.1)
(0.3875 1.7625 -0.1)
(0.4 1.7625 -0.1)
(0.4125 1.7625 -0.1)
(0.425 1.7625 -0.1)
(0.4375 1.7625 -0.1)
(0.45 1.7625 -0.1)
(0.4625 1.7625 -0.1)
(0.475 1.7625 -0.1)
(0.4875 1.7625 -0.1)
(0.5 1.7625 -0.1)
(0.5125 1.7625 -0.1)
(0.525 1.7625 -0.1)
(0.5375 1.7625 -0.1)
(0.55 1.7625 -0.1)
(0.5625 1.7625 -0.1)
(0.575 1.7625 -0.1)
(0.5875 1.7625 -0.1)
(0.6 1.7625 -0.1)
(0.6125 1.7625 -0.1)
(0.625 1.7625 -0.1)
(0.6375 1.7625 -0.1)
(0.65 1.7625 -0.1)
(0.6625 1.7625 -0.1)
(0.675 1.7625 -0.1)
(0.6875 1.7625 -0.1)
(0.7 1.7625 -0.1)
(0.7125 1.7625 -0.1)
(0.725 1.7625 -0.1)
(0.7375 1.7625 -0.1)
(0.75 1.7625 -0.1)
(0.7625 1.7625 -0.1)
(0.775 1.7625 -0.1)
(0.7875 1.7625 -0.1)
(0.8 1.7625 -0.1)
(0.8125 1.7625 -0.1)
(0.825 1.7625 -0.1)
(0.8375 1.7625 -0.1)
(0.85 1.7625 -0.1)
(0.8625 1.7625 -0.1)
(0.875 1.7625 -0.1)
(0.8875 1.7625 -0.1)
(0.9 1.7625 -0.1)
(0.9125 1.7625 -0.1)
(0.925 1.7625 -0.1)
(0.9375 1.7625 -0.1)
(0.95 1.7625 -0.1)
(0.9625 1.7625 -0.1)
(0.975 1.7625 -0.1)
(0.9875 1.7625 -0.1)
(1 1.7625 -0.1)
(0 1.775 -0.1)
(0.0125 1.775 -0.1)
(0.025 1.775 -0.1)
(0.0375 1.775 -0.1)
(0.05 1.775 -0.1)
(0.0625 1.775 -0.1)
(0.075 1.775 -0.1)
(0.0875 1.775 -0.1)
(0.1 1.775 -0.1)
(0.1125 1.775 -0.1)
(0.125 1.775 -0.1)
(0.1375 1.775 -0.1)
(0.15 1.775 -0.1)
(0.1625 1.775 -0.1)
(0.175 1.775 -0.1)
(0.1875 1.775 -0.1)
(0.2 1.775 -0.1)
(0.2125 1.775 -0.1)
(0.225 1.775 -0.1)
(0.2375 1.775 -0.1)
(0.25 1.775 -0.1)
(0.2625 1.775 -0.1)
(0.275 1.775 -0.1)
(0.2875 1.775 -0.1)
(0.3 1.775 -0.1)
(0.3125 1.775 -0.1)
(0.325 1.775 -0.1)
(0.3375 1.775 -0.1)
(0.35 1.775 -0.1)
(0.3625 1.775 -0.1)
(0.375 1.775 -0.1)
(0.3875 1.775 -0.1)
(0.4 1.775 -0.1)
(0.4125 1.775 -0.1)
(0.425 1.775 -0.1)
(0.4375 1.775 -0.1)
(0.45 1.775 -0.1)
(0.4625 1.775 -0.1)
(0.475 1.775 -0.1)
(0.4875 1.775 -0.1)
(0.5 1.775 -0.1)
(0.5125 1.775 -0.1)
(0.525 1.775 -0.1)
(0.5375 1.775 -0.1)
(0.55 1.775 -0.1)
(0.5625 1.775 -0.1)
(0.575 1.775 -0.1)
(0.5875 1.775 -0.1)
(0.6 1.775 -0.1)
(0.6125 1.775 -0.1)
(0.625 1.775 -0.1)
(0.6375 1.775 -0.1)
(0.65 1.775 -0.1)
(0.6625 1.775 -0.1)
(0.675 1.775 -0.1)
(0.6875 1.775 -0.1)
(0.7 1.775 -0.1)
(0.7125 1.775 -0.1)
(0.725 1.775 -0.1)
(0.7375 1.775 -0.1)
(0.75 1.775 -0.1)
(0.7625 1.775 -0.1)
(0.775 1.775 -0.1)
(0.7875 1.775 -0.1)
(0.8 1.775 -0.1)
(0.8125 1.775 -0.1)
(0.825 1.775 -0.1)
(0.8375 1.775 -0.1)
(0.85 1.775 -0.1)
(0.8625 1.775 -0.1)
(0.875 1.775 -0.1)
(0.8875 1.775 -0.1)
(0.9 1.775 -0.1)
(0.9125 1.775 -0.1)
(0.925 1.775 -0.1)
(0.9375 1.775 -0.1)
(0.95 1.775 -0.1)
(0.9625 1.775 -0.1)
(0.975 1.775 -0.1)
(0.9875 1.775 -0.1)
(1 1.775 -0.1)
(0 1.7875 -0.1)
(0.0125 1.7875 -0.1)
(0.025 1.7875 -0.1)
(0.0375 1.7875 -0.1)
(0.05 1.7875 -0.1)
(0.0625 1.7875 -0.1)
(0.075 1.7875 -0.1)
(0.0875 1.7875 -0.1)
(0.1 1.7875 -0.1)
(0.1125 1.7875 -0.1)
(0.125 1.7875 -0.1)
(0.1375 1.7875 -0.1)
(0.15 1.7875 -0.1)
(0.1625 1.7875 -0.1)
(0.175 1.7875 -0.1)
(0.1875 1.7875 -0.1)
(0.2 1.7875 -0.1)
(0.2125 1.7875 -0.1)
(0.225 1.7875 -0.1)
(0.2375 1.7875 -0.1)
(0.25 1.7875 -0.1)
(0.2625 1.7875 -0.1)
(0.275 1.7875 -0.1)
(0.2875 1.7875 -0.1)
(0.3 1.7875 -0.1)
(0.3125 1.7875 -0.1)
(0.325 1.7875 -0.1)
(0.3375 1.7875 -0.1)
(0.35 1.7875 -0.1)
(0.3625 1.7875 -0.1)
(0.375 1.7875 -0.1)
(0.3875 1.7875 -0.1)
(0.4 1.7875 -0.1)
(0.4125 1.7875 -0.1)
(0.425 1.7875 -0.1)
(0.4375 1.7875 -0.1)
(0.45 1.7875 -0.1)
(0.4625 1.7875 -0.1)
(0.475 1.7875 -0.1)
(0.4875 1.7875 -0.1)
(0.5 1.7875 -0.1)
(0.5125 1.7875 -0.1)
(0.525 1.7875 -0.1)
(0.5375 1.7875 -0.1)
(0.55 1.7875 -0.1)
(0.5625 1.7875 -0.1)
(0.575 1.7875 -0.1)
(0.5875 1.7875 -0.1)
(0.6 1.7875 -0.1)
(0.6125 1.7875 -0.1)
(0.625 1.7875 -0.1)
(0.6375 1.7875 -0.1)
(0.65 1.7875 -0.1)
(0.6625 1.7875 -0.1)
(0.675 1.7875 -0.1)
(0.6875 1.7875 -0.1)
(0.7 1.7875 -0.1)
(0.7125 1.7875 -0.1)
(0.725 1.7875 -0.1)
(0.7375 1.7875 -0.1)
(0.75 1.7875 -0.1)
(0.7625 1.7875 -0.1)
(0.775 1.7875 -0.1)
(0.7875 1.7875 -0.1)
(0.8 1.7875 -0.1)
(0.8125 1.7875 -0.1)
(0.825 1.7875 -0.1)
(0.8375 1.7875 -0.1)
(0.85 1.7875 -0.1)
(0.8625 1.7875 -0.1)
(0.875 1.7875 -0.1)
(0.8875 1.7875 -0.1)
(0.9 1.7875 -0.1)
(0.9125 1.7875 -0.1)
(0.925 1.7875 -0.1)
(0.9375 1.7875 -0.1)
(0.95 1.7875 -0.1)
(0.9625 1.7875 -0.1)
(0.975 1.7875 -0.1)
(0.9875 1.7875 -0.1)
(1 1.7875 -0.1)
(0 1.8 -0.1)
(0.0125 1.8 -0.1)
(0.025 1.8 -0.1)
(0.0375 1.8 -0.1)
(0.05 1.8 -0.1)
(0.0625 1.8 -0.1)
(0.075 1.8 -0.1)
(0.0875 1.8 -0.1)
(0.1 1.8 -0.1)
(0.1125 1.8 -0.1)
(0.125 1.8 -0.1)
(0.1375 1.8 -0.1)
(0.15 1.8 -0.1)
(0.1625 1.8 -0.1)
(0.175 1.8 -0.1)
(0.1875 1.8 -0.1)
(0.2 1.8 -0.1)
(0.2125 1.8 -0.1)
(0.225 1.8 -0.1)
(0.2375 1.8 -0.1)
(0.25 1.8 -0.1)
(0.2625 1.8 -0.1)
(0.275 1.8 -0.1)
(0.2875 1.8 -0.1)
(0.3 1.8 -0.1)
(0.3125 1.8 -0.1)
(0.325 1.8 -0.1)
(0.3375 1.8 -0.1)
(0.35 1.8 -0.1)
(0.3625 1.8 -0.1)
(0.375 1.8 -0.1)
(0.3875 1.8 -0.1)
(0.4 1.8 -0.1)
(0.4125 1.8 -0.1)
(0.425 1.8 -0.1)
(0.4375 1.8 -0.1)
(0.45 1.8 -0.1)
(0.4625 1.8 -0.1)
(0.475 1.8 -0.1)
(0.4875 1.8 -0.1)
(0.5 1.8 -0.1)
(0.5125 1.8 -0.1)
(0.525 1.8 -0.1)
(0.5375 1.8 -0.1)
(0.55 1.8 -0.1)
(0.5625 1.8 -0.1)
(0.575 1.8 -0.1)
(0.5875 1.8 -0.1)
(0.6 1.8 -0.1)
(0.6125 1.8 -0.1)
(0.625 1.8 -0.1)
(0.6375 1.8 -0.1)
(0.65 1.8 -0.1)
(0.6625 1.8 -0.1)
(0.675 1.8 -0.1)
(0.6875 1.8 -0.1)
(0.7 1.8 -0.1)
(0.7125 1.8 -0.1)
(0.725 1.8 -0.1)
(0.7375 1.8 -0.1)
(0.75 1.8 -0.1)
(0.7625 1.8 -0.1)
(0.775 1.8 -0.1)
(0.7875 1.8 -0.1)
(0.8 1.8 -0.1)
(0.8125 1.8 -0.1)
(0.825 1.8 -0.1)
(0.8375 1.8 -0.1)
(0.85 1.8 -0.1)
(0.8625 1.8 -0.1)
(0.875 1.8 -0.1)
(0.8875 1.8 -0.1)
(0.9 1.8 -0.1)
(0.9125 1.8 -0.1)
(0.925 1.8 -0.1)
(0.9375 1.8 -0.1)
(0.95 1.8 -0.1)
(0.9625 1.8 -0.1)
(0.975 1.8 -0.1)
(0.9875 1.8 -0.1)
(1 1.8 -0.1)
(0 1.8125 -0.1)
(0.0125 1.8125 -0.1)
(0.025 1.8125 -0.1)
(0.0375 1.8125 -0.1)
(0.05 1.8125 -0.1)
(0.0625 1.8125 -0.1)
(0.075 1.8125 -0.1)
(0.0875 1.8125 -0.1)
(0.1 1.8125 -0.1)
(0.1125 1.8125 -0.1)
(0.125 1.8125 -0.1)
(0.1375 1.8125 -0.1)
(0.15 1.8125 -0.1)
(0.1625 1.8125 -0.1)
(0.175 1.8125 -0.1)
(0.1875 1.8125 -0.1)
(0.2 1.8125 -0.1)
(0.2125 1.8125 -0.1)
(0.225 1.8125 -0.1)
(0.2375 1.8125 -0.1)
(0.25 1.8125 -0.1)
(0.2625 1.8125 -0.1)
(0.275 1.8125 -0.1)
(0.2875 1.8125 -0.1)
(0.3 1.8125 -0.1)
(0.3125 1.8125 -0.1)
(0.325 1.8125 -0.1)
(0.3375 1.8125 -0.1)
(0.35 1.8125 -0.1)
(0.3625 1.8125 -0.1)
(0.375 1.8125 -0.1)
(0.3875 1.8125 -0.1)
(0.4 1.8125 -0.1)
(0.4125 1.8125 -0.1)
(0.425 1.8125 -0.1)
(0.4375 1.8125 -0.1)
(0.45 1.8125 -0.1)
(0.4625 1.8125 -0.1)
(0.475 1.8125 -0.1)
(0.4875 1.8125 -0.1)
(0.5 1.8125 -0.1)
(0.5125 1.8125 -0.1)
(0.525 1.8125 -0.1)
(0.5375 1.8125 -0.1)
(0.55 1.8125 -0.1)
(0.5625 1.8125 -0.1)
(0.575 1.8125 -0.1)
(0.5875 1.8125 -0.1)
(0.6 1.8125 -0.1)
(0.6125 1.8125 -0.1)
(0.625 1.8125 -0.1)
(0.6375 1.8125 -0.1)
(0.65 1.8125 -0.1)
(0.6625 1.8125 -0.1)
(0.675 1.8125 -0.1)
(0.6875 1.8125 -0.1)
(0.7 1.8125 -0.1)
(0.7125 1.8125 -0.1)
(0.725 1.8125 -0.1)
(0.7375 1.8125 -0.1)
(0.75 1.8125 -0.1)
(0.7625 1.8125 -0.1)
(0.775 1.8125 -0.1)
(0.7875 1.8125 -0.1)
(0.8 1.8125 -0.1)
(0.8125 1.8125 -0.1)
(0.825 1.8125 -0.1)
(0.8375 1.8125 -0.1)
(0.85 1.8125 -0.1)
(0.8625 1.8125 -0.1)
(0.875 1.8125 -0.1)
(0.8875 1.8125 -0.1)
(0.9 1.8125 -0.1)
(0.9125 1.8125 -0.1)
(0.925 1.8125 -0.1)
(0.9375 1.8125 -0.1)
(0.95 1.8125 -0.1)
(0.9625 1.8125 -0.1)
(0.975 1.8125 -0.1)
(0.9875 1.8125 -0.1)
(1 1.8125 -0.1)
(0 1.825 -0.1)
(0.0125 1.825 -0.1)
(0.025 1.825 -0.1)
(0.0375 1.825 -0.1)
(0.05 1.825 -0.1)
(0.0625 1.825 -0.1)
(0.075 1.825 -0.1)
(0.0875 1.825 -0.1)
(0.1 1.825 -0.1)
(0.1125 1.825 -0.1)
(0.125 1.825 -0.1)
(0.1375 1.825 -0.1)
(0.15 1.825 -0.1)
(0.1625 1.825 -0.1)
(0.175 1.825 -0.1)
(0.1875 1.825 -0.1)
(0.2 1.825 -0.1)
(0.2125 1.825 -0.1)
(0.225 1.825 -0.1)
(0.2375 1.825 -0.1)
(0.25 1.825 -0.1)
(0.2625 1.825 -0.1)
(0.275 1.825 -0.1)
(0.2875 1.825 -0.1)
(0.3 1.825 -0.1)
(0.3125 1.825 -0.1)
(0.325 1.825 -0.1)
(0.3375 1.825 -0.1)
(0.35 1.825 -0.1)
(0.3625 1.825 -0.1)
(0.375 1.825 -0.1)
(0.3875 1.825 -0.1)
(0.4 1.825 -0.1)
(0.4125 1.825 -0.1)
(0.425 1.825 -0.1)
(0.4375 1.825 -0.1)
(0.45 1.825 -0.1)
(0.4625 1.825 -0.1)
(0.475 1.825 -0.1)
(0.4875 1.825 -0.1)
(0.5 1.825 -0.1)
(0.5125 1.825 -0.1)
(0.525 1.825 -0.1)
(0.5375 1.825 -0.1)
(0.55 1.825 -0.1)
(0.5625 1.825 -0.1)
(0.575 1.825 -0.1)
(0.5875 1.825 -0.1)
(0.6 1.825 -0.1)
(0.6125 1.825 -0.1)
(0.625 1.825 -0.1)
(0.6375 1.825 -0.1)
(0.65 1.825 -0.1)
(0.6625 1.825 -0.1)
(0.675 1.825 -0.1)
(0.6875 1.825 -0.1)
(0.7 1.825 -0.1)
(0.7125 1.825 -0.1)
(0.725 1.825 -0.1)
(0.7375 1.825 -0.1)
(0.75 1.825 -0.1)
(0.7625 1.825 -0.1)
(0.775 1.825 -0.1)
(0.7875 1.825 -0.1)
(0.8 1.825 -0.1)
(0.8125 1.825 -0.1)
(0.825 1.825 -0.1)
(0.8375 1.825 -0.1)
(0.85 1.825 -0.1)
(0.8625 1.825 -0.1)
(0.875 1.825 -0.1)
(0.8875 1.825 -0.1)
(0.9 1.825 -0.1)
(0.9125 1.825 -0.1)
(0.925 1.825 -0.1)
(0.9375 1.825 -0.1)
(0.95 1.825 -0.1)
(0.9625 1.825 -0.1)
(0.975 1.825 -0.1)
(0.9875 1.825 -0.1)
(1 1.825 -0.1)
(0 1.8375 -0.1)
(0.0125 1.8375 -0.1)
(0.025 1.8375 -0.1)
(0.0375 1.8375 -0.1)
(0.05 1.8375 -0.1)
(0.0625 1.8375 -0.1)
(0.075 1.8375 -0.1)
(0.0875 1.8375 -0.1)
(0.1 1.8375 -0.1)
(0.1125 1.8375 -0.1)
(0.125 1.8375 -0.1)
(0.1375 1.8375 -0.1)
(0.15 1.8375 -0.1)
(0.1625 1.8375 -0.1)
(0.175 1.8375 -0.1)
(0.1875 1.8375 -0.1)
(0.2 1.8375 -0.1)
(0.2125 1.8375 -0.1)
(0.225 1.8375 -0.1)
(0.2375 1.8375 -0.1)
(0.25 1.8375 -0.1)
(0.2625 1.8375 -0.1)
(0.275 1.8375 -0.1)
(0.2875 1.8375 -0.1)
(0.3 1.8375 -0.1)
(0.3125 1.8375 -0.1)
(0.325 1.8375 -0.1)
(0.3375 1.8375 -0.1)
(0.35 1.8375 -0.1)
(0.3625 1.8375 -0.1)
(0.375 1.8375 -0.1)
(0.3875 1.8375 -0.1)
(0.4 1.8375 -0.1)
(0.4125 1.8375 -0.1)
(0.425 1.8375 -0.1)
(0.4375 1.8375 -0.1)
(0.45 1.8375 -0.1)
(0.4625 1.8375 -0.1)
(0.475 1.8375 -0.1)
(0.4875 1.8375 -0.1)
(0.5 1.8375 -0.1)
(0.5125 1.8375 -0.1)
(0.525 1.8375 -0.1)
(0.5375 1.8375 -0.1)
(0.55 1.8375 -0.1)
(0.5625 1.8375 -0.1)
(0.575 1.8375 -0.1)
(0.5875 1.8375 -0.1)
(0.6 1.8375 -0.1)
(0.6125 1.8375 -0.1)
(0.625 1.8375 -0.1)
(0.6375 1.8375 -0.1)
(0.65 1.8375 -0.1)
(0.6625 1.8375 -0.1)
(0.675 1.8375 -0.1)
(0.6875 1.8375 -0.1)
(0.7 1.8375 -0.1)
(0.7125 1.8375 -0.1)
(0.725 1.8375 -0.1)
(0.7375 1.8375 -0.1)
(0.75 1.8375 -0.1)
(0.7625 1.8375 -0.1)
(0.775 1.8375 -0.1)
(0.7875 1.8375 -0.1)
(0.8 1.8375 -0.1)
(0.8125 1.8375 -0.1)
(0.825 1.8375 -0.1)
(0.8375 1.8375 -0.1)
(0.85 1.8375 -0.1)
(0.8625 1.8375 -0.1)
(0.875 1.8375 -0.1)
(0.8875 1.8375 -0.1)
(0.9 1.8375 -0.1)
(0.9125 1.8375 -0.1)
(0.925 1.8375 -0.1)
(0.9375 1.8375 -0.1)
(0.95 1.8375 -0.1)
(0.9625 1.8375 -0.1)
(0.975 1.8375 -0.1)
(0.9875 1.8375 -0.1)
(1 1.8375 -0.1)
(0 1.85 -0.1)
(0.0125 1.85 -0.1)
(0.025 1.85 -0.1)
(0.0375 1.85 -0.1)
(0.05 1.85 -0.1)
(0.0625 1.85 -0.1)
(0.075 1.85 -0.1)
(0.0875 1.85 -0.1)
(0.1 1.85 -0.1)
(0.1125 1.85 -0.1)
(0.125 1.85 -0.1)
(0.1375 1.85 -0.1)
(0.15 1.85 -0.1)
(0.1625 1.85 -0.1)
(0.175 1.85 -0.1)
(0.1875 1.85 -0.1)
(0.2 1.85 -0.1)
(0.2125 1.85 -0.1)
(0.225 1.85 -0.1)
(0.2375 1.85 -0.1)
(0.25 1.85 -0.1)
(0.2625 1.85 -0.1)
(0.275 1.85 -0.1)
(0.2875 1.85 -0.1)
(0.3 1.85 -0.1)
(0.3125 1.85 -0.1)
(0.325 1.85 -0.1)
(0.3375 1.85 -0.1)
(0.35 1.85 -0.1)
(0.3625 1.85 -0.1)
(0.375 1.85 -0.1)
(0.3875 1.85 -0.1)
(0.4 1.85 -0.1)
(0.4125 1.85 -0.1)
(0.425 1.85 -0.1)
(0.4375 1.85 -0.1)
(0.45 1.85 -0.1)
(0.4625 1.85 -0.1)
(0.475 1.85 -0.1)
(0.4875 1.85 -0.1)
(0.5 1.85 -0.1)
(0.5125 1.85 -0.1)
(0.525 1.85 -0.1)
(0.5375 1.85 -0.1)
(0.55 1.85 -0.1)
(0.5625 1.85 -0.1)
(0.575 1.85 -0.1)
(0.5875 1.85 -0.1)
(0.6 1.85 -0.1)
(0.6125 1.85 -0.1)
(0.625 1.85 -0.1)
(0.6375 1.85 -0.1)
(0.65 1.85 -0.1)
(0.6625 1.85 -0.1)
(0.675 1.85 -0.1)
(0.6875 1.85 -0.1)
(0.7 1.85 -0.1)
(0.7125 1.85 -0.1)
(0.725 1.85 -0.1)
(0.7375 1.85 -0.1)
(0.75 1.85 -0.1)
(0.7625 1.85 -0.1)
(0.775 1.85 -0.1)
(0.7875 1.85 -0.1)
(0.8 1.85 -0.1)
(0.8125 1.85 -0.1)
(0.825 1.85 -0.1)
(0.8375 1.85 -0.1)
(0.85 1.85 -0.1)
(0.8625 1.85 -0.1)
(0.875 1.85 -0.1)
(0.8875 1.85 -0.1)
(0.9 1.85 -0.1)
(0.9125 1.85 -0.1)
(0.925 1.85 -0.1)
(0.9375 1.85 -0.1)
(0.95 1.85 -0.1)
(0.9625 1.85 -0.1)
(0.975 1.85 -0.1)
(0.9875 1.85 -0.1)
(1 1.85 -0.1)
(0 1.8625 -0.1)
(0.0125 1.8625 -0.1)
(0.025 1.8625 -0.1)
(0.0375 1.8625 -0.1)
(0.05 1.8625 -0.1)
(0.0625 1.8625 -0.1)
(0.075 1.8625 -0.1)
(0.0875 1.8625 -0.1)
(0.1 1.8625 -0.1)
(0.1125 1.8625 -0.1)
(0.125 1.8625 -0.1)
(0.1375 1.8625 -0.1)
(0.15 1.8625 -0.1)
(0.1625 1.8625 -0.1)
(0.175 1.8625 -0.1)
(0.1875 1.8625 -0.1)
(0.2 1.8625 -0.1)
(0.2125 1.8625 -0.1)
(0.225 1.8625 -0.1)
(0.2375 1.8625 -0.1)
(0.25 1.8625 -0.1)
(0.2625 1.8625 -0.1)
(0.275 1.8625 -0.1)
(0.2875 1.8625 -0.1)
(0.3 1.8625 -0.1)
(0.3125 1.8625 -0.1)
(0.325 1.8625 -0.1)
(0.3375 1.8625 -0.1)
(0.35 1.8625 -0.1)
(0.3625 1.8625 -0.1)
(0.375 1.8625 -0.1)
(0.3875 1.8625 -0.1)
(0.4 1.8625 -0.1)
(0.4125 1.8625 -0.1)
(0.425 1.8625 -0.1)
(0.4375 1.8625 -0.1)
(0.45 1.8625 -0.1)
(0.4625 1.8625 -0.1)
(0.475 1.8625 -0.1)
(0.4875 1.8625 -0.1)
(0.5 1.8625 -0.1)
(0.5125 1.8625 -0.1)
(0.525 1.8625 -0.1)
(0.5375 1.8625 -0.1)
(0.55 1.8625 -0.1)
(0.5625 1.8625 -0.1)
(0.575 1.8625 -0.1)
(0.5875 1.8625 -0.1)
(0.6 1.8625 -0.1)
(0.6125 1.8625 -0.1)
(0.625 1.8625 -0.1)
(0.6375 1.8625 -0.1)
(0.65 1.8625 -0.1)
(0.6625 1.8625 -0.1)
(0.675 1.8625 -0.1)
(0.6875 1.8625 -0.1)
(0.7 1.8625 -0.1)
(0.7125 1.8625 -0.1)
(0.725 1.8625 -0.1)
(0.7375 1.8625 -0.1)
(0.75 1.8625 -0.1)
(0.7625 1.8625 -0.1)
(0.775 1.8625 -0.1)
(0.7875 1.8625 -0.1)
(0.8 1.8625 -0.1)
(0.8125 1.8625 -0.1)
(0.825 1.8625 -0.1)
(0.8375 1.8625 -0.1)
(0.85 1.8625 -0.1)
(0.8625 1.8625 -0.1)
(0.875 1.8625 -0.1)
(0.8875 1.8625 -0.1)
(0.9 1.8625 -0.1)
(0.9125 1.8625 -0.1)
(0.925 1.8625 -0.1)
(0.9375 1.8625 -0.1)
(0.95 1.8625 -0.1)
(0.9625 1.8625 -0.1)
(0.975 1.8625 -0.1)
(0.9875 1.8625 -0.1)
(1 1.8625 -0.1)
(0 1.875 -0.1)
(0.0125 1.875 -0.1)
(0.025 1.875 -0.1)
(0.0375 1.875 -0.1)
(0.05 1.875 -0.1)
(0.0625 1.875 -0.1)
(0.075 1.875 -0.1)
(0.0875 1.875 -0.1)
(0.1 1.875 -0.1)
(0.1125 1.875 -0.1)
(0.125 1.875 -0.1)
(0.1375 1.875 -0.1)
(0.15 1.875 -0.1)
(0.1625 1.875 -0.1)
(0.175 1.875 -0.1)
(0.1875 1.875 -0.1)
(0.2 1.875 -0.1)
(0.2125 1.875 -0.1)
(0.225 1.875 -0.1)
(0.2375 1.875 -0.1)
(0.25 1.875 -0.1)
(0.2625 1.875 -0.1)
(0.275 1.875 -0.1)
(0.2875 1.875 -0.1)
(0.3 1.875 -0.1)
(0.3125 1.875 -0.1)
(0.325 1.875 -0.1)
(0.3375 1.875 -0.1)
(0.35 1.875 -0.1)
(0.3625 1.875 -0.1)
(0.375 1.875 -0.1)
(0.3875 1.875 -0.1)
(0.4 1.875 -0.1)
(0.4125 1.875 -0.1)
(0.425 1.875 -0.1)
(0.4375 1.875 -0.1)
(0.45 1.875 -0.1)
(0.4625 1.875 -0.1)
(0.475 1.875 -0.1)
(0.4875 1.875 -0.1)
(0.5 1.875 -0.1)
(0.5125 1.875 -0.1)
(0.525 1.875 -0.1)
(0.5375 1.875 -0.1)
(0.55 1.875 -0.1)
(0.5625 1.875 -0.1)
(0.575 1.875 -0.1)
(0.5875 1.875 -0.1)
(0.6 1.875 -0.1)
(0.6125 1.875 -0.1)
(0.625 1.875 -0.1)
(0.6375 1.875 -0.1)
(0.65 1.875 -0.1)
(0.6625 1.875 -0.1)
(0.675 1.875 -0.1)
(0.6875 1.875 -0.1)
(0.7 1.875 -0.1)
(0.7125 1.875 -0.1)
(0.725 1.875 -0.1)
(0.7375 1.875 -0.1)
(0.75 1.875 -0.1)
(0.7625 1.875 -0.1)
(0.775 1.875 -0.1)
(0.7875 1.875 -0.1)
(0.8 1.875 -0.1)
(0.8125 1.875 -0.1)
(0.825 1.875 -0.1)
(0.8375 1.875 -0.1)
(0.85 1.875 -0.1)
(0.8625 1.875 -0.1)
(0.875 1.875 -0.1)
(0.8875 1.875 -0.1)
(0.9 1.875 -0.1)
(0.9125 1.875 -0.1)
(0.925 1.875 -0.1)
(0.9375 1.875 -0.1)
(0.95 1.875 -0.1)
(0.9625 1.875 -0.1)
(0.975 1.875 -0.1)
(0.9875 1.875 -0.1)
(1 1.875 -0.1)
(0 1.8875 -0.1)
(0.0125 1.8875 -0.1)
(0.025 1.8875 -0.1)
(0.0375 1.8875 -0.1)
(0.05 1.8875 -0.1)
(0.0625 1.8875 -0.1)
(0.075 1.8875 -0.1)
(0.0875 1.8875 -0.1)
(0.1 1.8875 -0.1)
(0.1125 1.8875 -0.1)
(0.125 1.8875 -0.1)
(0.1375 1.8875 -0.1)
(0.15 1.8875 -0.1)
(0.1625 1.8875 -0.1)
(0.175 1.8875 -0.1)
(0.1875 1.8875 -0.1)
(0.2 1.8875 -0.1)
(0.2125 1.8875 -0.1)
(0.225 1.8875 -0.1)
(0.2375 1.8875 -0.1)
(0.25 1.8875 -0.1)
(0.2625 1.8875 -0.1)
(0.275 1.8875 -0.1)
(0.2875 1.8875 -0.1)
(0.3 1.8875 -0.1)
(0.3125 1.8875 -0.1)
(0.325 1.8875 -0.1)
(0.3375 1.8875 -0.1)
(0.35 1.8875 -0.1)
(0.3625 1.8875 -0.1)
(0.375 1.8875 -0.1)
(0.3875 1.8875 -0.1)
(0.4 1.8875 -0.1)
(0.4125 1.8875 -0.1)
(0.425 1.8875 -0.1)
(0.4375 1.8875 -0.1)
(0.45 1.8875 -0.1)
(0.4625 1.8875 -0.1)
(0.475 1.8875 -0.1)
(0.4875 1.8875 -0.1)
(0.5 1.8875 -0.1)
(0.5125 1.8875 -0.1)
(0.525 1.8875 -0.1)
(0.5375 1.8875 -0.1)
(0.55 1.8875 -0.1)
(0.5625 1.8875 -0.1)
(0.575 1.8875 -0.1)
(0.5875 1.8875 -0.1)
(0.6 1.8875 -0.1)
(0.6125 1.8875 -0.1)
(0.625 1.8875 -0.1)
(0.6375 1.8875 -0.1)
(0.65 1.8875 -0.1)
(0.6625 1.8875 -0.1)
(0.675 1.8875 -0.1)
(0.6875 1.8875 -0.1)
(0.7 1.8875 -0.1)
(0.7125 1.8875 -0.1)
(0.725 1.8875 -0.1)
(0.7375 1.8875 -0.1)
(0.75 1.8875 -0.1)
(0.7625 1.8875 -0.1)
(0.775 1.8875 -0.1)
(0.7875 1.8875 -0.1)
(0.8 1.8875 -0.1)
(0.8125 1.8875 -0.1)
(0.825 1.8875 -0.1)
(0.8375 1.8875 -0.1)
(0.85 1.8875 -0.1)
(0.8625 1.8875 -0.1)
(0.875 1.8875 -0.1)
(0.8875 1.8875 -0.1)
(0.9 1.8875 -0.1)
(0.9125 1.8875 -0.1)
(0.925 1.8875 -0.1)
(0.9375 1.8875 -0.1)
(0.95 1.8875 -0.1)
(0.9625 1.8875 -0.1)
(0.975 1.8875 -0.1)
(0.9875 1.8875 -0.1)
(1 1.8875 -0.1)
(0 1.9 -0.1)
(0.0125 1.9 -0.1)
(0.025 1.9 -0.1)
(0.0375 1.9 -0.1)
(0.05 1.9 -0.1)
(0.0625 1.9 -0.1)
(0.075 1.9 -0.1)
(0.0875 1.9 -0.1)
(0.1 1.9 -0.1)
(0.1125 1.9 -0.1)
(0.125 1.9 -0.1)
(0.1375 1.9 -0.1)
(0.15 1.9 -0.1)
(0.1625 1.9 -0.1)
(0.175 1.9 -0.1)
(0.1875 1.9 -0.1)
(0.2 1.9 -0.1)
(0.2125 1.9 -0.1)
(0.225 1.9 -0.1)
(0.2375 1.9 -0.1)
(0.25 1.9 -0.1)
(0.2625 1.9 -0.1)
(0.275 1.9 -0.1)
(0.2875 1.9 -0.1)
(0.3 1.9 -0.1)
(0.3125 1.9 -0.1)
(0.325 1.9 -0.1)
(0.3375 1.9 -0.1)
(0.35 1.9 -0.1)
(0.3625 1.9 -0.1)
(0.375 1.9 -0.1)
(0.3875 1.9 -0.1)
(0.4 1.9 -0.1)
(0.4125 1.9 -0.1)
(0.425 1.9 -0.1)
(0.4375 1.9 -0.1)
(0.45 1.9 -0.1)
(0.4625 1.9 -0.1)
(0.475 1.9 -0.1)
(0.4875 1.9 -0.1)
(0.5 1.9 -0.1)
(0.5125 1.9 -0.1)
(0.525 1.9 -0.1)
(0.5375 1.9 -0.1)
(0.55 1.9 -0.1)
(0.5625 1.9 -0.1)
(0.575 1.9 -0.1)
(0.5875 1.9 -0.1)
(0.6 1.9 -0.1)
(0.6125 1.9 -0.1)
(0.625 1.9 -0.1)
(0.6375 1.9 -0.1)
(0.65 1.9 -0.1)
(0.6625 1.9 -0.1)
(0.675 1.9 -0.1)
(0.6875 1.9 -0.1)
(0.7 1.9 -0.1)
(0.7125 1.9 -0.1)
(0.725 1.9 -0.1)
(0.7375 1.9 -0.1)
(0.75 1.9 -0.1)
(0.7625 1.9 -0.1)
(0.775 1.9 -0.1)
(0.7875 1.9 -0.1)
(0.8 1.9 -0.1)
(0.8125 1.9 -0.1)
(0.825 1.9 -0.1)
(0.8375 1.9 -0.1)
(0.85 1.9 -0.1)
(0.8625 1.9 -0.1)
(0.875 1.9 -0.1)
(0.8875 1.9 -0.1)
(0.9 1.9 -0.1)
(0.9125 1.9 -0.1)
(0.925 1.9 -0.1)
(0.9375 1.9 -0.1)
(0.95 1.9 -0.1)
(0.9625 1.9 -0.1)
(0.975 1.9 -0.1)
(0.9875 1.9 -0.1)
(1 1.9 -0.1)
(0 1.9125 -0.1)
(0.0125 1.9125 -0.1)
(0.025 1.9125 -0.1)
(0.0375 1.9125 -0.1)
(0.05 1.9125 -0.1)
(0.0625 1.9125 -0.1)
(0.075 1.9125 -0.1)
(0.0875 1.9125 -0.1)
(0.1 1.9125 -0.1)
(0.1125 1.9125 -0.1)
(0.125 1.9125 -0.1)
(0.1375 1.9125 -0.1)
(0.15 1.9125 -0.1)
(0.1625 1.9125 -0.1)
(0.175 1.9125 -0.1)
(0.1875 1.9125 -0.1)
(0.2 1.9125 -0.1)
(0.2125 1.9125 -0.1)
(0.225 1.9125 -0.1)
(0.2375 1.9125 -0.1)
(0.25 1.9125 -0.1)
(0.2625 1.9125 -0.1)
(0.275 1.9125 -0.1)
(0.2875 1.9125 -0.1)
(0.3 1.9125 -0.1)
(0.3125 1.9125 -0.1)
(0.325 1.9125 -0.1)
(0.3375 1.9125 -0.1)
(0.35 1.9125 -0.1)
(0.3625 1.9125 -0.1)
(0.375 1.9125 -0.1)
(0.3875 1.9125 -0.1)
(0.4 1.9125 -0.1)
(0.4125 1.9125 -0.1)
(0.425 1.9125 -0.1)
(0.4375 1.9125 -0.1)
(0.45 1.9125 -0.1)
(0.4625 1.9125 -0.1)
(0.475 1.9125 -0.1)
(0.4875 1.9125 -0.1)
(0.5 1.9125 -0.1)
(0.5125 1.9125 -0.1)
(0.525 1.9125 -0.1)
(0.5375 1.9125 -0.1)
(0.55 1.9125 -0.1)
(0.5625 1.9125 -0.1)
(0.575 1.9125 -0.1)
(0.5875 1.9125 -0.1)
(0.6 1.9125 -0.1)
(0.6125 1.9125 -0.1)
(0.625 1.9125 -0.1)
(0.6375 1.9125 -0.1)
(0.65 1.9125 -0.1)
(0.6625 1.9125 -0.1)
(0.675 1.9125 -0.1)
(0.6875 1.9125 -0.1)
(0.7 1.9125 -0.1)
(0.7125 1.9125 -0.1)
(0.725 1.9125 -0.1)
(0.7375 1.9125 -0.1)
(0.75 1.9125 -0.1)
(0.7625 1.9125 -0.1)
(0.775 1.9125 -0.1)
(0.7875 1.9125 -0.1)
(0.8 1.9125 -0.1)
(0.8125 1.9125 -0.1)
(0.825 1.9125 -0.1)
(0.8375 1.9125 -0.1)
(0.85 1.9125 -0.1)
(0.8625 1.9125 -0.1)
(0.875 1.9125 -0.1)
(0.8875 1.9125 -0.1)
(0.9 1.9125 -0.1)
(0.9125 1.9125 -0.1)
(0.925 1.9125 -0.1)
(0.9375 1.9125 -0.1)
(0.95 1.9125 -0.1)
(0.9625 1.9125 -0.1)
(0.975 1.9125 -0.1)
(0.9875 1.9125 -0.1)
(1 1.9125 -0.1)
(0 1.925 -0.1)
(0.0125 1.925 -0.1)
(0.025 1.925 -0.1)
(0.0375 1.925 -0.1)
(0.05 1.925 -0.1)
(0.0625 1.925 -0.1)
(0.075 1.925 -0.1)
(0.0875 1.925 -0.1)
(0.1 1.925 -0.1)
(0.1125 1.925 -0.1)
(0.125 1.925 -0.1)
(0.1375 1.925 -0.1)
(0.15 1.925 -0.1)
(0.1625 1.925 -0.1)
(0.175 1.925 -0.1)
(0.1875 1.925 -0.1)
(0.2 1.925 -0.1)
(0.2125 1.925 -0.1)
(0.225 1.925 -0.1)
(0.2375 1.925 -0.1)
(0.25 1.925 -0.1)
(0.2625 1.925 -0.1)
(0.275 1.925 -0.1)
(0.2875 1.925 -0.1)
(0.3 1.925 -0.1)
(0.3125 1.925 -0.1)
(0.325 1.925 -0.1)
(0.3375 1.925 -0.1)
(0.35 1.925 -0.1)
(0.3625 1.925 -0.1)
(0.375 1.925 -0.1)
(0.3875 1.925 -0.1)
(0.4 1.925 -0.1)
(0.4125 1.925 -0.1)
(0.425 1.925 -0.1)
(0.4375 1.925 -0.1)
(0.45 1.925 -0.1)
(0.4625 1.925 -0.1)
(0.475 1.925 -0.1)
(0.4875 1.925 -0.1)
(0.5 1.925 -0.1)
(0.5125 1.925 -0.1)
(0.525 1.925 -0.1)
(0.5375 1.925 -0.1)
(0.55 1.925 -0.1)
(0.5625 1.925 -0.1)
(0.575 1.925 -0.1)
(0.5875 1.925 -0.1)
(0.6 1.925 -0.1)
(0.6125 1.925 -0.1)
(0.625 1.925 -0.1)
(0.6375 1.925 -0.1)
(0.65 1.925 -0.1)
(0.6625 1.925 -0.1)
(0.675 1.925 -0.1)
(0.6875 1.925 -0.1)
(0.7 1.925 -0.1)
(0.7125 1.925 -0.1)
(0.725 1.925 -0.1)
(0.7375 1.925 -0.1)
(0.75 1.925 -0.1)
(0.7625 1.925 -0.1)
(0.775 1.925 -0.1)
(0.7875 1.925 -0.1)
(0.8 1.925 -0.1)
(0.8125 1.925 -0.1)
(0.825 1.925 -0.1)
(0.8375 1.925 -0.1)
(0.85 1.925 -0.1)
(0.8625 1.925 -0.1)
(0.875 1.925 -0.1)
(0.8875 1.925 -0.1)
(0.9 1.925 -0.1)
(0.9125 1.925 -0.1)
(0.925 1.925 -0.1)
(0.9375 1.925 -0.1)
(0.95 1.925 -0.1)
(0.9625 1.925 -0.1)
(0.975 1.925 -0.1)
(0.9875 1.925 -0.1)
(1 1.925 -0.1)
(0 1.9375 -0.1)
(0.0125 1.9375 -0.1)
(0.025 1.9375 -0.1)
(0.0375 1.9375 -0.1)
(0.05 1.9375 -0.1)
(0.0625 1.9375 -0.1)
(0.075 1.9375 -0.1)
(0.0875 1.9375 -0.1)
(0.1 1.9375 -0.1)
(0.1125 1.9375 -0.1)
(0.125 1.9375 -0.1)
(0.1375 1.9375 -0.1)
(0.15 1.9375 -0.1)
(0.1625 1.9375 -0.1)
(0.175 1.9375 -0.1)
(0.1875 1.9375 -0.1)
(0.2 1.9375 -0.1)
(0.2125 1.9375 -0.1)
(0.225 1.9375 -0.1)
(0.2375 1.9375 -0.1)
(0.25 1.9375 -0.1)
(0.2625 1.9375 -0.1)
(0.275 1.9375 -0.1)
(0.2875 1.9375 -0.1)
(0.3 1.9375 -0.1)
(0.3125 1.9375 -0.1)
(0.325 1.9375 -0.1)
(0.3375 1.9375 -0.1)
(0.35 1.9375 -0.1)
(0.3625 1.9375 -0.1)
(0.375 1.9375 -0.1)
(0.3875 1.9375 -0.1)
(0.4 1.9375 -0.1)
(0.4125 1.9375 -0.1)
(0.425 1.9375 -0.1)
(0.4375 1.9375 -0.1)
(0.45 1.9375 -0.1)
(0.4625 1.9375 -0.1)
(0.475 1.9375 -0.1)
(0.4875 1.9375 -0.1)
(0.5 1.9375 -0.1)
(0.5125 1.9375 -0.1)
(0.525 1.9375 -0.1)
(0.5375 1.9375 -0.1)
(0.55 1.9375 -0.1)
(0.5625 1.9375 -0.1)
(0.575 1.9375 -0.1)
(0.5875 1.9375 -0.1)
(0.6 1.9375 -0.1)
(0.6125 1.9375 -0.1)
(0.625 1.9375 -0.1)
(0.6375 1.9375 -0.1)
(0.65 1.9375 -0.1)
(0.6625 1.9375 -0.1)
(0.675 1.9375 -0.1)
(0.6875 1.9375 -0.1)
(0.7 1.9375 -0.1)
(0.7125 1.9375 -0.1)
(0.725 1.9375 -0.1)
(0.7375 1.9375 -0.1)
(0.75 1.9375 -0.1)
(0.7625 1.9375 -0.1)
(0.775 1.9375 -0.1)
(0.7875 1.9375 -0.1)
(0.8 1.9375 -0.1)
(0.8125 1.9375 -0.1)
(0.825 1.9375 -0.1)
(0.8375 1.9375 -0.1)
(0.85 1.9375 -0.1)
(0.8625 1.9375 -0.1)
(0.875 1.9375 -0.1)
(0.8875 1.9375 -0.1)
(0.9 1.9375 -0.1)
(0.9125 1.9375 -0.1)
(0.925 1.9375 -0.1)
(0.9375 1.9375 -0.1)
(0.95 1.9375 -0.1)
(0.9625 1.9375 -0.1)
(0.975 1.9375 -0.1)
(0.9875 1.9375 -0.1)
(1 1.9375 -0.1)
(0 1.95 -0.1)
(0.0125 1.95 -0.1)
(0.025 1.95 -0.1)
(0.0375 1.95 -0.1)
(0.05 1.95 -0.1)
(0.0625 1.95 -0.1)
(0.075 1.95 -0.1)
(0.0875 1.95 -0.1)
(0.1 1.95 -0.1)
(0.1125 1.95 -0.1)
(0.125 1.95 -0.1)
(0.1375 1.95 -0.1)
(0.15 1.95 -0.1)
(0.1625 1.95 -0.1)
(0.175 1.95 -0.1)
(0.1875 1.95 -0.1)
(0.2 1.95 -0.1)
(0.2125 1.95 -0.1)
(0.225 1.95 -0.1)
(0.2375 1.95 -0.1)
(0.25 1.95 -0.1)
(0.2625 1.95 -0.1)
(0.275 1.95 -0.1)
(0.2875 1.95 -0.1)
(0.3 1.95 -0.1)
(0.3125 1.95 -0.1)
(0.325 1.95 -0.1)
(0.3375 1.95 -0.1)
(0.35 1.95 -0.1)
(0.3625 1.95 -0.1)
(0.375 1.95 -0.1)
(0.3875 1.95 -0.1)
(0.4 1.95 -0.1)
(0.4125 1.95 -0.1)
(0.425 1.95 -0.1)
(0.4375 1.95 -0.1)
(0.45 1.95 -0.1)
(0.4625 1.95 -0.1)
(0.475 1.95 -0.1)
(0.4875 1.95 -0.1)
(0.5 1.95 -0.1)
(0.5125 1.95 -0.1)
(0.525 1.95 -0.1)
(0.5375 1.95 -0.1)
(0.55 1.95 -0.1)
(0.5625 1.95 -0.1)
(0.575 1.95 -0.1)
(0.5875 1.95 -0.1)
(0.6 1.95 -0.1)
(0.6125 1.95 -0.1)
(0.625 1.95 -0.1)
(0.6375 1.95 -0.1)
(0.65 1.95 -0.1)
(0.6625 1.95 -0.1)
(0.675 1.95 -0.1)
(0.6875 1.95 -0.1)
(0.7 1.95 -0.1)
(0.7125 1.95 -0.1)
(0.725 1.95 -0.1)
(0.7375 1.95 -0.1)
(0.75 1.95 -0.1)
(0.7625 1.95 -0.1)
(0.775 1.95 -0.1)
(0.7875 1.95 -0.1)
(0.8 1.95 -0.1)
(0.8125 1.95 -0.1)
(0.825 1.95 -0.1)
(0.8375 1.95 -0.1)
(0.85 1.95 -0.1)
(0.8625 1.95 -0.1)
(0.875 1.95 -0.1)
(0.8875 1.95 -0.1)
(0.9 1.95 -0.1)
(0.9125 1.95 -0.1)
(0.925 1.95 -0.1)
(0.9375 1.95 -0.1)
(0.95 1.95 -0.1)
(0.9625 1.95 -0.1)
(0.975 1.95 -0.1)
(0.9875 1.95 -0.1)
(1 1.95 -0.1)
(0 1.9625 -0.1)
(0.0125 1.9625 -0.1)
(0.025 1.9625 -0.1)
(0.0375 1.9625 -0.1)
(0.05 1.9625 -0.1)
(0.0625 1.9625 -0.1)
(0.075 1.9625 -0.1)
(0.0875 1.9625 -0.1)
(0.1 1.9625 -0.1)
(0.1125 1.9625 -0.1)
(0.125 1.9625 -0.1)
(0.1375 1.9625 -0.1)
(0.15 1.9625 -0.1)
(0.1625 1.9625 -0.1)
(0.175 1.9625 -0.1)
(0.1875 1.9625 -0.1)
(0.2 1.9625 -0.1)
(0.2125 1.9625 -0.1)
(0.225 1.9625 -0.1)
(0.2375 1.9625 -0.1)
(0.25 1.9625 -0.1)
(0.2625 1.9625 -0.1)
(0.275 1.9625 -0.1)
(0.2875 1.9625 -0.1)
(0.3 1.9625 -0.1)
(0.3125 1.9625 -0.1)
(0.325 1.9625 -0.1)
(0.3375 1.9625 -0.1)
(0.35 1.9625 -0.1)
(0.3625 1.9625 -0.1)
(0.375 1.9625 -0.1)
(0.3875 1.9625 -0.1)
(0.4 1.9625 -0.1)
(0.4125 1.9625 -0.1)
(0.425 1.9625 -0.1)
(0.4375 1.9625 -0.1)
(0.45 1.9625 -0.1)
(0.4625 1.9625 -0.1)
(0.475 1.9625 -0.1)
(0.4875 1.9625 -0.1)
(0.5 1.9625 -0.1)
(0.5125 1.9625 -0.1)
(0.525 1.9625 -0.1)
(0.5375 1.9625 -0.1)
(0.55 1.9625 -0.1)
(0.5625 1.9625 -0.1)
(0.575 1.9625 -0.1)
(0.5875 1.9625 -0.1)
(0.6 1.9625 -0.1)
(0.6125 1.9625 -0.1)
(0.625 1.9625 -0.1)
(0.6375 1.9625 -0.1)
(0.65 1.9625 -0.1)
(0.6625 1.9625 -0.1)
(0.675 1.9625 -0.1)
(0.6875 1.9625 -0.1)
(0.7 1.9625 -0.1)
(0.7125 1.9625 -0.1)
(0.725 1.9625 -0.1)
(0.7375 1.9625 -0.1)
(0.75 1.9625 -0.1)
(0.7625 1.9625 -0.1)
(0.775 1.9625 -0.1)
(0.7875 1.9625 -0.1)
(0.8 1.9625 -0.1)
(0.8125 1.9625 -0.1)
(0.825 1.9625 -0.1)
(0.8375 1.9625 -0.1)
(0.85 1.9625 -0.1)
(0.8625 1.9625 -0.1)
(0.875 1.9625 -0.1)
(0.8875 1.9625 -0.1)
(0.9 1.9625 -0.1)
(0.9125 1.9625 -0.1)
(0.925 1.9625 -0.1)
(0.9375 1.9625 -0.1)
(0.95 1.9625 -0.1)
(0.9625 1.9625 -0.1)
(0.975 1.9625 -0.1)
(0.9875 1.9625 -0.1)
(1 1.9625 -0.1)
(0 1.975 -0.1)
(0.0125 1.975 -0.1)
(0.025 1.975 -0.1)
(0.0375 1.975 -0.1)
(0.05 1.975 -0.1)
(0.0625 1.975 -0.1)
(0.075 1.975 -0.1)
(0.0875 1.975 -0.1)
(0.1 1.975 -0.1)
(0.1125 1.975 -0.1)
(0.125 1.975 -0.1)
(0.1375 1.975 -0.1)
(0.15 1.975 -0.1)
(0.1625 1.975 -0.1)
(0.175 1.975 -0.1)
(0.1875 1.975 -0.1)
(0.2 1.975 -0.1)
(0.2125 1.975 -0.1)
(0.225 1.975 -0.1)
(0.2375 1.975 -0.1)
(0.25 1.975 -0.1)
(0.2625 1.975 -0.1)
(0.275 1.975 -0.1)
(0.2875 1.975 -0.1)
(0.3 1.975 -0.1)
(0.3125 1.975 -0.1)
(0.325 1.975 -0.1)
(0.3375 1.975 -0.1)
(0.35 1.975 -0.1)
(0.3625 1.975 -0.1)
(0.375 1.975 -0.1)
(0.3875 1.975 -0.1)
(0.4 1.975 -0.1)
(0.4125 1.975 -0.1)
(0.425 1.975 -0.1)
(0.4375 1.975 -0.1)
(0.45 1.975 -0.1)
(0.4625 1.975 -0.1)
(0.475 1.975 -0.1)
(0.4875 1.975 -0.1)
(0.5 1.975 -0.1)
(0.5125 1.975 -0.1)
(0.525 1.975 -0.1)
(0.5375 1.975 -0.1)
(0.55 1.975 -0.1)
(0.5625 1.975 -0.1)
(0.575 1.975 -0.1)
(0.5875 1.975 -0.1)
(0.6 1.975 -0.1)
(0.6125 1.975 -0.1)
(0.625 1.975 -0.1)
(0.6375 1.975 -0.1)
(0.65 1.975 -0.1)
(0.6625 1.975 -0.1)
(0.675 1.975 -0.1)
(0.6875 1.975 -0.1)
(0.7 1.975 -0.1)
(0.7125 1.975 -0.1)
(0.725 1.975 -0.1)
(0.7375 1.975 -0.1)
(0.75 1.975 -0.1)
(0.7625 1.975 -0.1)
(0.775 1.975 -0.1)
(0.7875 1.975 -0.1)
(0.8 1.975 -0.1)
(0.8125 1.975 -0.1)
(0.825 1.975 -0.1)
(0.8375 1.975 -0.1)
(0.85 1.975 -0.1)
(0.8625 1.975 -0.1)
(0.875 1.975 -0.1)
(0.8875 1.975 -0.1)
(0.9 1.975 -0.1)
(0.9125 1.975 -0.1)
(0.925 1.975 -0.1)
(0.9375 1.975 -0.1)
(0.95 1.975 -0.1)
(0.9625 1.975 -0.1)
(0.975 1.975 -0.1)
(0.9875 1.975 -0.1)
(1 1.975 -0.1)
(0 1.9875 -0.1)
(0.0125 1.9875 -0.1)
(0.025 1.9875 -0.1)
(0.0375 1.9875 -0.1)
(0.05 1.9875 -0.1)
(0.0625 1.9875 -0.1)
(0.075 1.9875 -0.1)
(0.0875 1.9875 -0.1)
(0.1 1.9875 -0.1)
(0.1125 1.9875 -0.1)
(0.125 1.9875 -0.1)
(0.1375 1.9875 -0.1)
(0.15 1.9875 -0.1)
(0.1625 1.9875 -0.1)
(0.175 1.9875 -0.1)
(0.1875 1.9875 -0.1)
(0.2 1.9875 -0.1)
(0.2125 1.9875 -0.1)
(0.225 1.9875 -0.1)
(0.2375 1.9875 -0.1)
(0.25 1.9875 -0.1)
(0.2625 1.9875 -0.1)
(0.275 1.9875 -0.1)
(0.2875 1.9875 -0.1)
(0.3 1.9875 -0.1)
(0.3125 1.9875 -0.1)
(0.325 1.9875 -0.1)
(0.3375 1.9875 -0.1)
(0.35 1.9875 -0.1)
(0.3625 1.9875 -0.1)
(0.375 1.9875 -0.1)
(0.3875 1.9875 -0.1)
(0.4 1.9875 -0.1)
(0.4125 1.9875 -0.1)
(0.425 1.9875 -0.1)
(0.4375 1.9875 -0.1)
(0.45 1.9875 -0.1)
(0.4625 1.9875 -0.1)
(0.475 1.9875 -0.1)
(0.4875 1.9875 -0.1)
(0.5 1.9875 -0.1)
(0.5125 1.9875 -0.1)
(0.525 1.9875 -0.1)
(0.5375 1.9875 -0.1)
(0.55 1.9875 -0.1)
(0.5625 1.9875 -0.1)
(0.575 1.9875 -0.1)
(0.5875 1.9875 -0.1)
(0.6 1.9875 -0.1)
(0.6125 1.9875 -0.1)
(0.625 1.9875 -0.1)
(0.6375 1.9875 -0.1)
(0.65 1.9875 -0.1)
(0.6625 1.9875 -0.1)
(0.675 1.9875 -0.1)
(0.6875 1.9875 -0.1)
(0.7 1.9875 -0.1)
(0.7125 1.9875 -0.1)
(0.725 1.9875 -0.1)
(0.7375 1.9875 -0.1)
(0.75 1.9875 -0.1)
(0.7625 1.9875 -0.1)
(0.775 1.9875 -0.1)
(0.7875 1.9875 -0.1)
(0.8 1.9875 -0.1)
(0.8125 1.9875 -0.1)
(0.825 1.9875 -0.1)
(0.8375 1.9875 -0.1)
(0.85 1.9875 -0.1)
(0.8625 1.9875 -0.1)
(0.875 1.9875 -0.1)
(0.8875 1.9875 -0.1)
(0.9 1.9875 -0.1)
(0.9125 1.9875 -0.1)
(0.925 1.9875 -0.1)
(0.9375 1.9875 -0.1)
(0.95 1.9875 -0.1)
(0.9625 1.9875 -0.1)
(0.975 1.9875 -0.1)
(0.9875 1.9875 -0.1)
(1 1.9875 -0.1)
(0 2 -0.1)
(0.0125 2 -0.1)
(0.025 2 -0.1)
(0.0375 2 -0.1)
(0.05 2 -0.1)
(0.0625 2 -0.1)
(0.075 2 -0.1)
(0.0875 2 -0.1)
(0.1 2 -0.1)
(0.1125 2 -0.1)
(0.125 2 -0.1)
(0.1375 2 -0.1)
(0.15 2 -0.1)
(0.1625 2 -0.1)
(0.175 2 -0.1)
(0.1875 2 -0.1)
(0.2 2 -0.1)
(0.2125 2 -0.1)
(0.225 2 -0.1)
(0.2375 2 -0.1)
(0.25 2 -0.1)
(0.2625 2 -0.1)
(0.275 2 -0.1)
(0.2875 2 -0.1)
(0.3 2 -0.1)
(0.3125 2 -0.1)
(0.325 2 -0.1)
(0.3375 2 -0.1)
(0.35 2 -0.1)
(0.3625 2 -0.1)
(0.375 2 -0.1)
(0.3875 2 -0.1)
(0.4 2 -0.1)
(0.4125 2 -0.1)
(0.425 2 -0.1)
(0.4375 2 -0.1)
(0.45 2 -0.1)
(0.4625 2 -0.1)
(0.475 2 -0.1)
(0.4875 2 -0.1)
(0.5 2 -0.1)
(0.5125 2 -0.1)
(0.525 2 -0.1)
(0.5375 2 -0.1)
(0.55 2 -0.1)
(0.5625 2 -0.1)
(0.575 2 -0.1)
(0.5875 2 -0.1)
(0.6 2 -0.1)
(0.6125 2 -0.1)
(0.625 2 -0.1)
(0.6375 2 -0.1)
(0.65 2 -0.1)
(0.6625 2 -0.1)
(0.675 2 -0.1)
(0.6875 2 -0.1)
(0.7 2 -0.1)
(0.7125 2 -0.1)
(0.725 2 -0.1)
(0.7375 2 -0.1)
(0.75 2 -0.1)
(0.7625 2 -0.1)
(0.775 2 -0.1)
(0.7875 2 -0.1)
(0.8 2 -0.1)
(0.8125 2 -0.1)
(0.825 2 -0.1)
(0.8375 2 -0.1)
(0.85 2 -0.1)
(0.8625 2 -0.1)
(0.875 2 -0.1)
(0.8875 2 -0.1)
(0.9 2 -0.1)
(0.9125 2 -0.1)
(0.925 2 -0.1)
(0.9375 2 -0.1)
(0.95 2 -0.1)
(0.9625 2 -0.1)
(0.975 2 -0.1)
(0.9875 2 -0.1)
(1 2 -0.1)
(0 0 0.1)
(0.0125 0 0.1)
(0.025 0 0.1)
(0.0375 0 0.1)
(0.05 0 0.1)
(0.0625 0 0.1)
(0.075 0 0.1)
(0.0875 0 0.1)
(0.1 0 0.1)
(0.1125 0 0.1)
(0.125 0 0.1)
(0.1375 0 0.1)
(0.15 0 0.1)
(0.1625 0 0.1)
(0.175 0 0.1)
(0.1875 0 0.1)
(0.2 0 0.1)
(0.2125 0 0.1)
(0.225 0 0.1)
(0.2375 0 0.1)
(0.25 0 0.1)
(0.2625 0 0.1)
(0.275 0 0.1)
(0.2875 0 0.1)
(0.3 0 0.1)
(0.3125 0 0.1)
(0.325 0 0.1)
(0.3375 0 0.1)
(0.35 0 0.1)
(0.3625 0 0.1)
(0.375 0 0.1)
(0.3875 0 0.1)
(0.4 0 0.1)
(0.4125 0 0.1)
(0.425 0 0.1)
(0.4375 0 0.1)
(0.45 0 0.1)
(0.4625 0 0.1)
(0.475 0 0.1)
(0.4875 0 0.1)
(0.5 0 0.1)
(0.5125 0 0.1)
(0.525 0 0.1)
(0.5375 0 0.1)
(0.55 0 0.1)
(0.5625 0 0.1)
(0.575 0 0.1)
(0.5875 0 0.1)
(0.6 0 0.1)
(0.6125 0 0.1)
(0.625 0 0.1)
(0.6375 0 0.1)
(0.65 0 0.1)
(0.6625 0 0.1)
(0.675 0 0.1)
(0.6875 0 0.1)
(0.7 0 0.1)
(0.7125 0 0.1)
(0.725 0 0.1)
(0.7375 0 0.1)
(0.75 0 0.1)
(0.7625 0 0.1)
(0.775 0 0.1)
(0.7875 0 0.1)
(0.8 0 0.1)
(0.8125 0 0.1)
(0.825 0 0.1)
(0.8375 0 0.1)
(0.85 0 0.1)
(0.8625 0 0.1)
(0.875 0 0.1)
(0.8875 0 0.1)
(0.9 0 0.1)
(0.9125 0 0.1)
(0.925 0 0.1)
(0.9375 0 0.1)
(0.95 0 0.1)
(0.9625 0 0.1)
(0.975 0 0.1)
(0.9875 0 0.1)
(1 0 0.1)
(0 0.0125 0.1)
(0.0125 0.0125 0.1)
(0.025 0.0125 0.1)
(0.0375 0.0125 0.1)
(0.05 0.0125 0.1)
(0.0625 0.0125 0.1)
(0.075 0.0125 0.1)
(0.0875 0.0125 0.1)
(0.1 0.0125 0.1)
(0.1125 0.0125 0.1)
(0.125 0.0125 0.1)
(0.1375 0.0125 0.1)
(0.15 0.0125 0.1)
(0.1625 0.0125 0.1)
(0.175 0.0125 0.1)
(0.1875 0.0125 0.1)
(0.2 0.0125 0.1)
(0.2125 0.0125 0.1)
(0.225 0.0125 0.1)
(0.2375 0.0125 0.1)
(0.25 0.0125 0.1)
(0.2625 0.0125 0.1)
(0.275 0.0125 0.1)
(0.2875 0.0125 0.1)
(0.3 0.0125 0.1)
(0.3125 0.0125 0.1)
(0.325 0.0125 0.1)
(0.3375 0.0125 0.1)
(0.35 0.0125 0.1)
(0.3625 0.0125 0.1)
(0.375 0.0125 0.1)
(0.3875 0.0125 0.1)
(0.4 0.0125 0.1)
(0.4125 0.0125 0.1)
(0.425 0.0125 0.1)
(0.4375 0.0125 0.1)
(0.45 0.0125 0.1)
(0.4625 0.0125 0.1)
(0.475 0.0125 0.1)
(0.4875 0.0125 0.1)
(0.5 0.0125 0.1)
(0.5125 0.0125 0.1)
(0.525 0.0125 0.1)
(0.5375 0.0125 0.1)
(0.55 0.0125 0.1)
(0.5625 0.0125 0.1)
(0.575 0.0125 0.1)
(0.5875 0.0125 0.1)
(0.6 0.0125 0.1)
(0.6125 0.0125 0.1)
(0.625 0.0125 0.1)
(0.6375 0.0125 0.1)
(0.65 0.0125 0.1)
(0.6625 0.0125 0.1)
(0.675 0.0125 0.1)
(0.6875 0.0125 0.1)
(0.7 0.0125 0.1)
(0.7125 0.0125 0.1)
(0.725 0.0125 0.1)
(0.7375 0.0125 0.1)
(0.75 0.0125 0.1)
(0.7625 0.0125 0.1)
(0.775 0.0125 0.1)
(0.7875 0.0125 0.1)
(0.8 0.0125 0.1)
(0.8125 0.0125 0.1)
(0.825 0.0125 0.1)
(0.8375 0.0125 0.1)
(0.85 0.0125 0.1)
(0.8625 0.0125 0.1)
(0.875 0.0125 0.1)
(0.8875 0.0125 0.1)
(0.9 0.0125 0.1)
(0.9125 0.0125 0.1)
(0.925 0.0125 0.1)
(0.9375 0.0125 0.1)
(0.95 0.0125 0.1)
(0.9625 0.0125 0.1)
(0.975 0.0125 0.1)
(0.9875 0.0125 0.1)
(1 0.0125 0.1)
(0 0.025 0.1)
(0.0125 0.025 0.1)
(0.025 0.025 0.1)
(0.0375 0.025 0.1)
(0.05 0.025 0.1)
(0.0625 0.025 0.1)
(0.075 0.025 0.1)
(0.0875 0.025 0.1)
(0.1 0.025 0.1)
(0.1125 0.025 0.1)
(0.125 0.025 0.1)
(0.1375 0.025 0.1)
(0.15 0.025 0.1)
(0.1625 0.025 0.1)
(0.175 0.025 0.1)
(0.1875 0.025 0.1)
(0.2 0.025 0.1)
(0.2125 0.025 0.1)
(0.225 0.025 0.1)
(0.2375 0.025 0.1)
(0.25 0.025 0.1)
(0.2625 0.025 0.1)
(0.275 0.025 0.1)
(0.2875 0.025 0.1)
(0.3 0.025 0.1)
(0.3125 0.025 0.1)
(0.325 0.025 0.1)
(0.3375 0.025 0.1)
(0.35 0.025 0.1)
(0.3625 0.025 0.1)
(0.375 0.025 0.1)
(0.3875 0.025 0.1)
(0.4 0.025 0.1)
(0.4125 0.025 0.1)
(0.425 0.025 0.1)
(0.4375 0.025 0.1)
(0.45 0.025 0.1)
(0.4625 0.025 0.1)
(0.475 0.025 0.1)
(0.4875 0.025 0.1)
(0.5 0.025 0.1)
(0.5125 0.025 0.1)
(0.525 0.025 0.1)
(0.5375 0.025 0.1)
(0.55 0.025 0.1)
(0.5625 0.025 0.1)
(0.575 0.025 0.1)
(0.5875 0.025 0.1)
(0.6 0.025 0.1)
(0.6125 0.025 0.1)
(0.625 0.025 0.1)
(0.6375 0.025 0.1)
(0.65 0.025 0.1)
(0.6625 0.025 0.1)
(0.675 0.025 0.1)
(0.6875 0.025 0.1)
(0.7 0.025 0.1)
(0.7125 0.025 0.1)
(0.725 0.025 0.1)
(0.7375 0.025 0.1)
(0.75 0.025 0.1)
(0.7625 0.025 0.1)
(0.775 0.025 0.1)
(0.7875 0.025 0.1)
(0.8 0.025 0.1)
(0.8125 0.025 0.1)
(0.825 0.025 0.1)
(0.8375 0.025 0.1)
(0.85 0.025 0.1)
(0.8625 0.025 0.1)
(0.875 0.025 0.1)
(0.8875 0.025 0.1)
(0.9 0.025 0.1)
(0.9125 0.025 0.1)
(0.925 0.025 0.1)
(0.9375 0.025 0.1)
(0.95 0.025 0.1)
(0.9625 0.025 0.1)
(0.975 0.025 0.1)
(0.9875 0.025 0.1)
(1 0.025 0.1)
(0 0.0375 0.1)
(0.0125 0.0375 0.1)
(0.025 0.0375 0.1)
(0.0375 0.0375 0.1)
(0.05 0.0375 0.1)
(0.0625 0.0375 0.1)
(0.075 0.0375 0.1)
(0.0875 0.0375 0.1)
(0.1 0.0375 0.1)
(0.1125 0.0375 0.1)
(0.125 0.0375 0.1)
(0.1375 0.0375 0.1)
(0.15 0.0375 0.1)
(0.1625 0.0375 0.1)
(0.175 0.0375 0.1)
(0.1875 0.0375 0.1)
(0.2 0.0375 0.1)
(0.2125 0.0375 0.1)
(0.225 0.0375 0.1)
(0.2375 0.0375 0.1)
(0.25 0.0375 0.1)
(0.2625 0.0375 0.1)
(0.275 0.0375 0.1)
(0.2875 0.0375 0.1)
(0.3 0.0375 0.1)
(0.3125 0.0375 0.1)
(0.325 0.0375 0.1)
(0.3375 0.0375 0.1)
(0.35 0.0375 0.1)
(0.3625 0.0375 0.1)
(0.375 0.0375 0.1)
(0.3875 0.0375 0.1)
(0.4 0.0375 0.1)
(0.4125 0.0375 0.1)
(0.425 0.0375 0.1)
(0.4375 0.0375 0.1)
(0.45 0.0375 0.1)
(0.4625 0.0375 0.1)
(0.475 0.0375 0.1)
(0.4875 0.0375 0.1)
(0.5 0.0375 0.1)
(0.5125 0.0375 0.1)
(0.525 0.0375 0.1)
(0.5375 0.0375 0.1)
(0.55 0.0375 0.1)
(0.5625 0.0375 0.1)
(0.575 0.0375 0.1)
(0.5875 0.0375 0.1)
(0.6 0.0375 0.1)
(0.6125 0.0375 0.1)
(0.625 0.0375 0.1)
(0.6375 0.0375 0.1)
(0.65 0.0375 0.1)
(0.6625 0.0375 0.1)
(0.675 0.0375 0.1)
(0.6875 0.0375 0.1)
(0.7 0.0375 0.1)
(0.7125 0.0375 0.1)
(0.725 0.0375 0.1)
(0.7375 0.0375 0.1)
(0.75 0.0375 0.1)
(0.7625 0.0375 0.1)
(0.775 0.0375 0.1)
(0.7875 0.0375 0.1)
(0.8 0.0375 0.1)
(0.8125 0.0375 0.1)
(0.825 0.0375 0.1)
(0.8375 0.0375 0.1)
(0.85 0.0375 0.1)
(0.8625 0.0375 0.1)
(0.875 0.0375 0.1)
(0.8875 0.0375 0.1)
(0.9 0.0375 0.1)
(0.9125 0.0375 0.1)
(0.925 0.0375 0.1)
(0.9375 0.0375 0.1)
(0.95 0.0375 0.1)
(0.9625 0.0375 0.1)
(0.975 0.0375 0.1)
(0.9875 0.0375 0.1)
(1 0.0375 0.1)
(0 0.05 0.1)
(0.0125 0.05 0.1)
(0.025 0.05 0.1)
(0.0375 0.05 0.1)
(0.05 0.05 0.1)
(0.0625 0.05 0.1)
(0.075 0.05 0.1)
(0.0875 0.05 0.1)
(0.1 0.05 0.1)
(0.1125 0.05 0.1)
(0.125 0.05 0.1)
(0.1375 0.05 0.1)
(0.15 0.05 0.1)
(0.1625 0.05 0.1)
(0.175 0.05 0.1)
(0.1875 0.05 0.1)
(0.2 0.05 0.1)
(0.2125 0.05 0.1)
(0.225 0.05 0.1)
(0.2375 0.05 0.1)
(0.25 0.05 0.1)
(0.2625 0.05 0.1)
(0.275 0.05 0.1)
(0.2875 0.05 0.1)
(0.3 0.05 0.1)
(0.3125 0.05 0.1)
(0.325 0.05 0.1)
(0.3375 0.05 0.1)
(0.35 0.05 0.1)
(0.3625 0.05 0.1)
(0.375 0.05 0.1)
(0.3875 0.05 0.1)
(0.4 0.05 0.1)
(0.4125 0.05 0.1)
(0.425 0.05 0.1)
(0.4375 0.05 0.1)
(0.45 0.05 0.1)
(0.4625 0.05 0.1)
(0.475 0.05 0.1)
(0.4875 0.05 0.1)
(0.5 0.05 0.1)
(0.5125 0.05 0.1)
(0.525 0.05 0.1)
(0.5375 0.05 0.1)
(0.55 0.05 0.1)
(0.5625 0.05 0.1)
(0.575 0.05 0.1)
(0.5875 0.05 0.1)
(0.6 0.05 0.1)
(0.6125 0.05 0.1)
(0.625 0.05 0.1)
(0.6375 0.05 0.1)
(0.65 0.05 0.1)
(0.6625 0.05 0.1)
(0.675 0.05 0.1)
(0.6875 0.05 0.1)
(0.7 0.05 0.1)
(0.7125 0.05 0.1)
(0.725 0.05 0.1)
(0.7375 0.05 0.1)
(0.75 0.05 0.1)
(0.7625 0.05 0.1)
(0.775 0.05 0.1)
(0.7875 0.05 0.1)
(0.8 0.05 0.1)
(0.8125 0.05 0.1)
(0.825 0.05 0.1)
(0.8375 0.05 0.1)
(0.85 0.05 0.1)
(0.8625 0.05 0.1)
(0.875 0.05 0.1)
(0.8875 0.05 0.1)
(0.9 0.05 0.1)
(0.9125 0.05 0.1)
(0.925 0.05 0.1)
(0.9375 0.05 0.1)
(0.95 0.05 0.1)
(0.9625 0.05 0.1)
(0.975 0.05 0.1)
(0.9875 0.05 0.1)
(1 0.05 0.1)
(0 0.0625 0.1)
(0.0125 0.0625 0.1)
(0.025 0.0625 0.1)
(0.0375 0.0625 0.1)
(0.05 0.0625 0.1)
(0.0625 0.0625 0.1)
(0.075 0.0625 0.1)
(0.0875 0.0625 0.1)
(0.1 0.0625 0.1)
(0.1125 0.0625 0.1)
(0.125 0.0625 0.1)
(0.1375 0.0625 0.1)
(0.15 0.0625 0.1)
(0.1625 0.0625 0.1)
(0.175 0.0625 0.1)
(0.1875 0.0625 0.1)
(0.2 0.0625 0.1)
(0.2125 0.0625 0.1)
(0.225 0.0625 0.1)
(0.2375 0.0625 0.1)
(0.25 0.0625 0.1)
(0.2625 0.0625 0.1)
(0.275 0.0625 0.1)
(0.2875 0.0625 0.1)
(0.3 0.0625 0.1)
(0.3125 0.0625 0.1)
(0.325 0.0625 0.1)
(0.3375 0.0625 0.1)
(0.35 0.0625 0.1)
(0.3625 0.0625 0.1)
(0.375 0.0625 0.1)
(0.3875 0.0625 0.1)
(0.4 0.0625 0.1)
(0.4125 0.0625 0.1)
(0.425 0.0625 0.1)
(0.4375 0.0625 0.1)
(0.45 0.0625 0.1)
(0.4625 0.0625 0.1)
(0.475 0.0625 0.1)
(0.4875 0.0625 0.1)
(0.5 0.0625 0.1)
(0.5125 0.0625 0.1)
(0.525 0.0625 0.1)
(0.5375 0.0625 0.1)
(0.55 0.0625 0.1)
(0.5625 0.0625 0.1)
(0.575 0.0625 0.1)
(0.5875 0.0625 0.1)
(0.6 0.0625 0.1)
(0.6125 0.0625 0.1)
(0.625 0.0625 0.1)
(0.6375 0.0625 0.1)
(0.65 0.0625 0.1)
(0.6625 0.0625 0.1)
(0.675 0.0625 0.1)
(0.6875 0.0625 0.1)
(0.7 0.0625 0.1)
(0.7125 0.0625 0.1)
(0.725 0.0625 0.1)
(0.7375 0.0625 0.1)
(0.75 0.0625 0.1)
(0.7625 0.0625 0.1)
(0.775 0.0625 0.1)
(0.7875 0.0625 0.1)
(0.8 0.0625 0.1)
(0.8125 0.0625 0.1)
(0.825 0.0625 0.1)
(0.8375 0.0625 0.1)
(0.85 0.0625 0.1)
(0.8625 0.0625 0.1)
(0.875 0.0625 0.1)
(0.8875 0.0625 0.1)
(0.9 0.0625 0.1)
(0.9125 0.0625 0.1)
(0.925 0.0625 0.1)
(0.9375 0.0625 0.1)
(0.95 0.0625 0.1)
(0.9625 0.0625 0.1)
(0.975 0.0625 0.1)
(0.9875 0.0625 0.1)
(1 0.0625 0.1)
(0 0.075 0.1)
(0.0125 0.075 0.1)
(0.025 0.075 0.1)
(0.0375 0.075 0.1)
(0.05 0.075 0.1)
(0.0625 0.075 0.1)
(0.075 0.075 0.1)
(0.0875 0.075 0.1)
(0.1 0.075 0.1)
(0.1125 0.075 0.1)
(0.125 0.075 0.1)
(0.1375 0.075 0.1)
(0.15 0.075 0.1)
(0.1625 0.075 0.1)
(0.175 0.075 0.1)
(0.1875 0.075 0.1)
(0.2 0.075 0.1)
(0.2125 0.075 0.1)
(0.225 0.075 0.1)
(0.2375 0.075 0.1)
(0.25 0.075 0.1)
(0.2625 0.075 0.1)
(0.275 0.075 0.1)
(0.2875 0.075 0.1)
(0.3 0.075 0.1)
(0.3125 0.075 0.1)
(0.325 0.075 0.1)
(0.3375 0.075 0.1)
(0.35 0.075 0.1)
(0.3625 0.075 0.1)
(0.375 0.075 0.1)
(0.3875 0.075 0.1)
(0.4 0.075 0.1)
(0.4125 0.075 0.1)
(0.425 0.075 0.1)
(0.4375 0.075 0.1)
(0.45 0.075 0.1)
(0.4625 0.075 0.1)
(0.475 0.075 0.1)
(0.4875 0.075 0.1)
(0.5 0.075 0.1)
(0.5125 0.075 0.1)
(0.525 0.075 0.1)
(0.5375 0.075 0.1)
(0.55 0.075 0.1)
(0.5625 0.075 0.1)
(0.575 0.075 0.1)
(0.5875 0.075 0.1)
(0.6 0.075 0.1)
(0.6125 0.075 0.1)
(0.625 0.075 0.1)
(0.6375 0.075 0.1)
(0.65 0.075 0.1)
(0.6625 0.075 0.1)
(0.675 0.075 0.1)
(0.6875 0.075 0.1)
(0.7 0.075 0.1)
(0.7125 0.075 0.1)
(0.725 0.075 0.1)
(0.7375 0.075 0.1)
(0.75 0.075 0.1)
(0.7625 0.075 0.1)
(0.775 0.075 0.1)
(0.7875 0.075 0.1)
(0.8 0.075 0.1)
(0.8125 0.075 0.1)
(0.825 0.075 0.1)
(0.8375 0.075 0.1)
(0.85 0.075 0.1)
(0.8625 0.075 0.1)
(0.875 0.075 0.1)
(0.8875 0.075 0.1)
(0.9 0.075 0.1)
(0.9125 0.075 0.1)
(0.925 0.075 0.1)
(0.9375 0.075 0.1)
(0.95 0.075 0.1)
(0.9625 0.075 0.1)
(0.975 0.075 0.1)
(0.9875 0.075 0.1)
(1 0.075 0.1)
(0 0.0875 0.1)
(0.0125 0.0875 0.1)
(0.025 0.0875 0.1)
(0.0375 0.0875 0.1)
(0.05 0.0875 0.1)
(0.0625 0.0875 0.1)
(0.075 0.0875 0.1)
(0.0875 0.0875 0.1)
(0.1 0.0875 0.1)
(0.1125 0.0875 0.1)
(0.125 0.0875 0.1)
(0.1375 0.0875 0.1)
(0.15 0.0875 0.1)
(0.1625 0.0875 0.1)
(0.175 0.0875 0.1)
(0.1875 0.0875 0.1)
(0.2 0.0875 0.1)
(0.2125 0.0875 0.1)
(0.225 0.0875 0.1)
(0.2375 0.0875 0.1)
(0.25 0.0875 0.1)
(0.2625 0.0875 0.1)
(0.275 0.0875 0.1)
(0.2875 0.0875 0.1)
(0.3 0.0875 0.1)
(0.3125 0.0875 0.1)
(0.325 0.0875 0.1)
(0.3375 0.0875 0.1)
(0.35 0.0875 0.1)
(0.3625 0.0875 0.1)
(0.375 0.0875 0.1)
(0.3875 0.0875 0.1)
(0.4 0.0875 0.1)
(0.4125 0.0875 0.1)
(0.425 0.0875 0.1)
(0.4375 0.0875 0.1)
(0.45 0.0875 0.1)
(0.4625 0.0875 0.1)
(0.475 0.0875 0.1)
(0.4875 0.0875 0.1)
(0.5 0.0875 0.1)
(0.5125 0.0875 0.1)
(0.525 0.0875 0.1)
(0.5375 0.0875 0.1)
(0.55 0.0875 0.1)
(0.5625 0.0875 0.1)
(0.575 0.0875 0.1)
(0.5875 0.0875 0.1)
(0.6 0.0875 0.1)
(0.6125 0.0875 0.1)
(0.625 0.0875 0.1)
(0.6375 0.0875 0.1)
(0.65 0.0875 0.1)
(0.6625 0.0875 0.1)
(0.675 0.0875 0.1)
(0.6875 0.0875 0.1)
(0.7 0.0875 0.1)
(0.7125 0.0875 0.1)
(0.725 0.0875 0.1)
(0.7375 0.0875 0.1)
(0.75 0.0875 0.1)
(0.7625 0.0875 0.1)
(0.775 0.0875 0.1)
(0.7875 0.0875 0.1)
(0.8 0.0875 0.1)
(0.8125 0.0875 0.1)
(0.825 0.0875 0.1)
(0.8375 0.0875 0.1)
(0.85 0.0875 0.1)
(0.8625 0.0875 0.1)
(0.875 0.0875 0.1)
(0.8875 0.0875 0.1)
(0.9 0.0875 0.1)
(0.9125 0.0875 0.1)
(0.925 0.0875 0.1)
(0.9375 0.0875 0.1)
(0.95 0.0875 0.1)
(0.9625 0.0875 0.1)
(0.975 0.0875 0.1)
(0.9875 0.0875 0.1)
(1 0.0875 0.1)
(0 0.1 0.1)
(0.0125 0.1 0.1)
(0.025 0.1 0.1)
(0.0375 0.1 0.1)
(0.05 0.1 0.1)
(0.0625 0.1 0.1)
(0.075 0.1 0.1)
(0.0875 0.1 0.1)
(0.1 0.1 0.1)
(0.1125 0.1 0.1)
(0.125 0.1 0.1)
(0.1375 0.1 0.1)
(0.15 0.1 0.1)
(0.1625 0.1 0.1)
(0.175 0.1 0.1)
(0.1875 0.1 0.1)
(0.2 0.1 0.1)
(0.2125 0.1 0.1)
(0.225 0.1 0.1)
(0.2375 0.1 0.1)
(0.25 0.1 0.1)
(0.2625 0.1 0.1)
(0.275 0.1 0.1)
(0.2875 0.1 0.1)
(0.3 0.1 0.1)
(0.3125 0.1 0.1)
(0.325 0.1 0.1)
(0.3375 0.1 0.1)
(0.35 0.1 0.1)
(0.3625 0.1 0.1)
(0.375 0.1 0.1)
(0.3875 0.1 0.1)
(0.4 0.1 0.1)
(0.4125 0.1 0.1)
(0.425 0.1 0.1)
(0.4375 0.1 0.1)
(0.45 0.1 0.1)
(0.4625 0.1 0.1)
(0.475 0.1 0.1)
(0.4875 0.1 0.1)
(0.5 0.1 0.1)
(0.5125 0.1 0.1)
(0.525 0.1 0.1)
(0.5375 0.1 0.1)
(0.55 0.1 0.1)
(0.5625 0.1 0.1)
(0.575 0.1 0.1)
(0.5875 0.1 0.1)
(0.6 0.1 0.1)
(0.6125 0.1 0.1)
(0.625 0.1 0.1)
(0.6375 0.1 0.1)
(0.65 0.1 0.1)
(0.6625 0.1 0.1)
(0.675 0.1 0.1)
(0.6875 0.1 0.1)
(0.7 0.1 0.1)
(0.7125 0.1 0.1)
(0.725 0.1 0.1)
(0.7375 0.1 0.1)
(0.75 0.1 0.1)
(0.7625 0.1 0.1)
(0.775 0.1 0.1)
(0.7875 0.1 0.1)
(0.8 0.1 0.1)
(0.8125 0.1 0.1)
(0.825 0.1 0.1)
(0.8375 0.1 0.1)
(0.85 0.1 0.1)
(0.8625 0.1 0.1)
(0.875 0.1 0.1)
(0.8875 0.1 0.1)
(0.9 0.1 0.1)
(0.9125 0.1 0.1)
(0.925 0.1 0.1)
(0.9375 0.1 0.1)
(0.95 0.1 0.1)
(0.9625 0.1 0.1)
(0.975 0.1 0.1)
(0.9875 0.1 0.1)
(1 0.1 0.1)
(0 0.1125 0.1)
(0.0125 0.1125 0.1)
(0.025 0.1125 0.1)
(0.0375 0.1125 0.1)
(0.05 0.1125 0.1)
(0.0625 0.1125 0.1)
(0.075 0.1125 0.1)
(0.0875 0.1125 0.1)
(0.1 0.1125 0.1)
(0.1125 0.1125 0.1)
(0.125 0.1125 0.1)
(0.1375 0.1125 0.1)
(0.15 0.1125 0.1)
(0.1625 0.1125 0.1)
(0.175 0.1125 0.1)
(0.1875 0.1125 0.1)
(0.2 0.1125 0.1)
(0.2125 0.1125 0.1)
(0.225 0.1125 0.1)
(0.2375 0.1125 0.1)
(0.25 0.1125 0.1)
(0.2625 0.1125 0.1)
(0.275 0.1125 0.1)
(0.2875 0.1125 0.1)
(0.3 0.1125 0.1)
(0.3125 0.1125 0.1)
(0.325 0.1125 0.1)
(0.3375 0.1125 0.1)
(0.35 0.1125 0.1)
(0.3625 0.1125 0.1)
(0.375 0.1125 0.1)
(0.3875 0.1125 0.1)
(0.4 0.1125 0.1)
(0.4125 0.1125 0.1)
(0.425 0.1125 0.1)
(0.4375 0.1125 0.1)
(0.45 0.1125 0.1)
(0.4625 0.1125 0.1)
(0.475 0.1125 0.1)
(0.4875 0.1125 0.1)
(0.5 0.1125 0.1)
(0.5125 0.1125 0.1)
(0.525 0.1125 0.1)
(0.5375 0.1125 0.1)
(0.55 0.1125 0.1)
(0.5625 0.1125 0.1)
(0.575 0.1125 0.1)
(0.5875 0.1125 0.1)
(0.6 0.1125 0.1)
(0.6125 0.1125 0.1)
(0.625 0.1125 0.1)
(0.6375 0.1125 0.1)
(0.65 0.1125 0.1)
(0.6625 0.1125 0.1)
(0.675 0.1125 0.1)
(0.6875 0.1125 0.1)
(0.7 0.1125 0.1)
(0.7125 0.1125 0.1)
(0.725 0.1125 0.1)
(0.7375 0.1125 0.1)
(0.75 0.1125 0.1)
(0.7625 0.1125 0.1)
(0.775 0.1125 0.1)
(0.7875 0.1125 0.1)
(0.8 0.1125 0.1)
(0.8125 0.1125 0.1)
(0.825 0.1125 0.1)
(0.8375 0.1125 0.1)
(0.85 0.1125 0.1)
(0.8625 0.1125 0.1)
(0.875 0.1125 0.1)
(0.8875 0.1125 0.1)
(0.9 0.1125 0.1)
(0.9125 0.1125 0.1)
(0.925 0.1125 0.1)
(0.9375 0.1125 0.1)
(0.95 0.1125 0.1)
(0.9625 0.1125 0.1)
(0.975 0.1125 0.1)
(0.9875 0.1125 0.1)
(1 0.1125 0.1)
(0 0.125 0.1)
(0.0125 0.125 0.1)
(0.025 0.125 0.1)
(0.0375 0.125 0.1)
(0.05 0.125 0.1)
(0.0625 0.125 0.1)
(0.075 0.125 0.1)
(0.0875 0.125 0.1)
(0.1 0.125 0.1)
(0.1125 0.125 0.1)
(0.125 0.125 0.1)
(0.1375 0.125 0.1)
(0.15 0.125 0.1)
(0.1625 0.125 0.1)
(0.175 0.125 0.1)
(0.1875 0.125 0.1)
(0.2 0.125 0.1)
(0.2125 0.125 0.1)
(0.225 0.125 0.1)
(0.2375 0.125 0.1)
(0.25 0.125 0.1)
(0.2625 0.125 0.1)
(0.275 0.125 0.1)
(0.2875 0.125 0.1)
(0.3 0.125 0.1)
(0.3125 0.125 0.1)
(0.325 0.125 0.1)
(0.3375 0.125 0.1)
(0.35 0.125 0.1)
(0.3625 0.125 0.1)
(0.375 0.125 0.1)
(0.3875 0.125 0.1)
(0.4 0.125 0.1)
(0.4125 0.125 0.1)
(0.425 0.125 0.1)
(0.4375 0.125 0.1)
(0.45 0.125 0.1)
(0.4625 0.125 0.1)
(0.475 0.125 0.1)
(0.4875 0.125 0.1)
(0.5 0.125 0.1)
(0.5125 0.125 0.1)
(0.525 0.125 0.1)
(0.5375 0.125 0.1)
(0.55 0.125 0.1)
(0.5625 0.125 0.1)
(0.575 0.125 0.1)
(0.5875 0.125 0.1)
(0.6 0.125 0.1)
(0.6125 0.125 0.1)
(0.625 0.125 0.1)
(0.6375 0.125 0.1)
(0.65 0.125 0.1)
(0.6625 0.125 0.1)
(0.675 0.125 0.1)
(0.6875 0.125 0.1)
(0.7 0.125 0.1)
(0.7125 0.125 0.1)
(0.725 0.125 0.1)
(0.7375 0.125 0.1)
(0.75 0.125 0.1)
(0.7625 0.125 0.1)
(0.775 0.125 0.1)
(0.7875 0.125 0.1)
(0.8 0.125 0.1)
(0.8125 0.125 0.1)
(0.825 0.125 0.1)
(0.8375 0.125 0.1)
(0.85 0.125 0.1)
(0.8625 0.125 0.1)
(0.875 0.125 0.1)
(0.8875 0.125 0.1)
(0.9 0.125 0.1)
(0.9125 0.125 0.1)
(0.925 0.125 0.1)
(0.9375 0.125 0.1)
(0.95 0.125 0.1)
(0.9625 0.125 0.1)
(0.975 0.125 0.1)
(0.9875 0.125 0.1)
(1 0.125 0.1)
(0 0.1375 0.1)
(0.0125 0.1375 0.1)
(0.025 0.1375 0.1)
(0.0375 0.1375 0.1)
(0.05 0.1375 0.1)
(0.0625 0.1375 0.1)
(0.075 0.1375 0.1)
(0.0875 0.1375 0.1)
(0.1 0.1375 0.1)
(0.1125 0.1375 0.1)
(0.125 0.1375 0.1)
(0.1375 0.1375 0.1)
(0.15 0.1375 0.1)
(0.1625 0.1375 0.1)
(0.175 0.1375 0.1)
(0.1875 0.1375 0.1)
(0.2 0.1375 0.1)
(0.2125 0.1375 0.1)
(0.225 0.1375 0.1)
(0.2375 0.1375 0.1)
(0.25 0.1375 0.1)
(0.2625 0.1375 0.1)
(0.275 0.1375 0.1)
(0.2875 0.1375 0.1)
(0.3 0.1375 0.1)
(0.3125 0.1375 0.1)
(0.325 0.1375 0.1)
(0.3375 0.1375 0.1)
(0.35 0.1375 0.1)
(0.3625 0.1375 0.1)
(0.375 0.1375 0.1)
(0.3875 0.1375 0.1)
(0.4 0.1375 0.1)
(0.4125 0.1375 0.1)
(0.425 0.1375 0.1)
(0.4375 0.1375 0.1)
(0.45 0.1375 0.1)
(0.4625 0.1375 0.1)
(0.475 0.1375 0.1)
(0.4875 0.1375 0.1)
(0.5 0.1375 0.1)
(0.5125 0.1375 0.1)
(0.525 0.1375 0.1)
(0.5375 0.1375 0.1)
(0.55 0.1375 0.1)
(0.5625 0.1375 0.1)
(0.575 0.1375 0.1)
(0.5875 0.1375 0.1)
(0.6 0.1375 0.1)
(0.6125 0.1375 0.1)
(0.625 0.1375 0.1)
(0.6375 0.1375 0.1)
(0.65 0.1375 0.1)
(0.6625 0.1375 0.1)
(0.675 0.1375 0.1)
(0.6875 0.1375 0.1)
(0.7 0.1375 0.1)
(0.7125 0.1375 0.1)
(0.725 0.1375 0.1)
(0.7375 0.1375 0.1)
(0.75 0.1375 0.1)
(0.7625 0.1375 0.1)
(0.775 0.1375 0.1)
(0.7875 0.1375 0.1)
(0.8 0.1375 0.1)
(0.8125 0.1375 0.1)
(0.825 0.1375 0.1)
(0.8375 0.1375 0.1)
(0.85 0.1375 0.1)
(0.8625 0.1375 0.1)
(0.875 0.1375 0.1)
(0.8875 0.1375 0.1)
(0.9 0.1375 0.1)
(0.9125 0.1375 0.1)
(0.925 0.1375 0.1)
(0.9375 0.1375 0.1)
(0.95 0.1375 0.1)
(0.9625 0.1375 0.1)
(0.975 0.1375 0.1)
(0.9875 0.1375 0.1)
(1 0.1375 0.1)
(0 0.15 0.1)
(0.0125 0.15 0.1)
(0.025 0.15 0.1)
(0.0375 0.15 0.1)
(0.05 0.15 0.1)
(0.0625 0.15 0.1)
(0.075 0.15 0.1)
(0.0875 0.15 0.1)
(0.1 0.15 0.1)
(0.1125 0.15 0.1)
(0.125 0.15 0.1)
(0.1375 0.15 0.1)
(0.15 0.15 0.1)
(0.1625 0.15 0.1)
(0.175 0.15 0.1)
(0.1875 0.15 0.1)
(0.2 0.15 0.1)
(0.2125 0.15 0.1)
(0.225 0.15 0.1)
(0.2375 0.15 0.1)
(0.25 0.15 0.1)
(0.2625 0.15 0.1)
(0.275 0.15 0.1)
(0.2875 0.15 0.1)
(0.3 0.15 0.1)
(0.3125 0.15 0.1)
(0.325 0.15 0.1)
(0.3375 0.15 0.1)
(0.35 0.15 0.1)
(0.3625 0.15 0.1)
(0.375 0.15 0.1)
(0.3875 0.15 0.1)
(0.4 0.15 0.1)
(0.4125 0.15 0.1)
(0.425 0.15 0.1)
(0.4375 0.15 0.1)
(0.45 0.15 0.1)
(0.4625 0.15 0.1)
(0.475 0.15 0.1)
(0.4875 0.15 0.1)
(0.5 0.15 0.1)
(0.5125 0.15 0.1)
(0.525 0.15 0.1)
(0.5375 0.15 0.1)
(0.55 0.15 0.1)
(0.5625 0.15 0.1)
(0.575 0.15 0.1)
(0.5875 0.15 0.1)
(0.6 0.15 0.1)
(0.6125 0.15 0.1)
(0.625 0.15 0.1)
(0.6375 0.15 0.1)
(0.65 0.15 0.1)
(0.6625 0.15 0.1)
(0.675 0.15 0.1)
(0.6875 0.15 0.1)
(0.7 0.15 0.1)
(0.7125 0.15 0.1)
(0.725 0.15 0.1)
(0.7375 0.15 0.1)
(0.75 0.15 0.1)
(0.7625 0.15 0.1)
(0.775 0.15 0.1)
(0.7875 0.15 0.1)
(0.8 0.15 0.1)
(0.8125 0.15 0.1)
(0.825 0.15 0.1)
(0.8375 0.15 0.1)
(0.85 0.15 0.1)
(0.8625 0.15 0.1)
(0.875 0.15 0.1)
(0.8875 0.15 0.1)
(0.9 0.15 0.1)
(0.9125 0.15 0.1)
(0.925 0.15 0.1)
(0.9375 0.15 0.1)
(0.95 0.15 0.1)
(0.9625 0.15 0.1)
(0.975 0.15 0.1)
(0.9875 0.15 0.1)
(1 0.15 0.1)
(0 0.1625 0.1)
(0.0125 0.1625 0.1)
(0.025 0.1625 0.1)
(0.0375 0.1625 0.1)
(0.05 0.1625 0.1)
(0.0625 0.1625 0.1)
(0.075 0.1625 0.1)
(0.0875 0.1625 0.1)
(0.1 0.1625 0.1)
(0.1125 0.1625 0.1)
(0.125 0.1625 0.1)
(0.1375 0.1625 0.1)
(0.15 0.1625 0.1)
(0.1625 0.1625 0.1)
(0.175 0.1625 0.1)
(0.1875 0.1625 0.1)
(0.2 0.1625 0.1)
(0.2125 0.1625 0.1)
(0.225 0.1625 0.1)
(0.2375 0.1625 0.1)
(0.25 0.1625 0.1)
(0.2625 0.1625 0.1)
(0.275 0.1625 0.1)
(0.2875 0.1625 0.1)
(0.3 0.1625 0.1)
(0.3125 0.1625 0.1)
(0.325 0.1625 0.1)
(0.3375 0.1625 0.1)
(0.35 0.1625 0.1)
(0.3625 0.1625 0.1)
(0.375 0.1625 0.1)
(0.3875 0.1625 0.1)
(0.4 0.1625 0.1)
(0.4125 0.1625 0.1)
(0.425 0.1625 0.1)
(0.4375 0.1625 0.1)
(0.45 0.1625 0.1)
(0.4625 0.1625 0.1)
(0.475 0.1625 0.1)
(0.4875 0.1625 0.1)
(0.5 0.1625 0.1)
(0.5125 0.1625 0.1)
(0.525 0.1625 0.1)
(0.5375 0.1625 0.1)
(0.55 0.1625 0.1)
(0.5625 0.1625 0.1)
(0.575 0.1625 0.1)
(0.5875 0.1625 0.1)
(0.6 0.1625 0.1)
(0.6125 0.1625 0.1)
(0.625 0.1625 0.1)
(0.6375 0.1625 0.1)
(0.65 0.1625 0.1)
(0.6625 0.1625 0.1)
(0.675 0.1625 0.1)
(0.6875 0.1625 0.1)
(0.7 0.1625 0.1)
(0.7125 0.1625 0.1)
(0.725 0.1625 0.1)
(0.7375 0.1625 0.1)
(0.75 0.1625 0.1)
(0.7625 0.1625 0.1)
(0.775 0.1625 0.1)
(0.7875 0.1625 0.1)
(0.8 0.1625 0.1)
(0.8125 0.1625 0.1)
(0.825 0.1625 0.1)
(0.8375 0.1625 0.1)
(0.85 0.1625 0.1)
(0.8625 0.1625 0.1)
(0.875 0.1625 0.1)
(0.8875 0.1625 0.1)
(0.9 0.1625 0.1)
(0.9125 0.1625 0.1)
(0.925 0.1625 0.1)
(0.9375 0.1625 0.1)
(0.95 0.1625 0.1)
(0.9625 0.1625 0.1)
(0.975 0.1625 0.1)
(0.9875 0.1625 0.1)
(1 0.1625 0.1)
(0 0.175 0.1)
(0.0125 0.175 0.1)
(0.025 0.175 0.1)
(0.0375 0.175 0.1)
(0.05 0.175 0.1)
(0.0625 0.175 0.1)
(0.075 0.175 0.1)
(0.0875 0.175 0.1)
(0.1 0.175 0.1)
(0.1125 0.175 0.1)
(0.125 0.175 0.1)
(0.1375 0.175 0.1)
(0.15 0.175 0.1)
(0.1625 0.175 0.1)
(0.175 0.175 0.1)
(0.1875 0.175 0.1)
(0.2 0.175 0.1)
(0.2125 0.175 0.1)
(0.225 0.175 0.1)
(0.2375 0.175 0.1)
(0.25 0.175 0.1)
(0.2625 0.175 0.1)
(0.275 0.175 0.1)
(0.2875 0.175 0.1)
(0.3 0.175 0.1)
(0.3125 0.175 0.1)
(0.325 0.175 0.1)
(0.3375 0.175 0.1)
(0.35 0.175 0.1)
(0.3625 0.175 0.1)
(0.375 0.175 0.1)
(0.3875 0.175 0.1)
(0.4 0.175 0.1)
(0.4125 0.175 0.1)
(0.425 0.175 0.1)
(0.4375 0.175 0.1)
(0.45 0.175 0.1)
(0.4625 0.175 0.1)
(0.475 0.175 0.1)
(0.4875 0.175 0.1)
(0.5 0.175 0.1)
(0.5125 0.175 0.1)
(0.525 0.175 0.1)
(0.5375 0.175 0.1)
(0.55 0.175 0.1)
(0.5625 0.175 0.1)
(0.575 0.175 0.1)
(0.5875 0.175 0.1)
(0.6 0.175 0.1)
(0.6125 0.175 0.1)
(0.625 0.175 0.1)
(0.6375 0.175 0.1)
(0.65 0.175 0.1)
(0.6625 0.175 0.1)
(0.675 0.175 0.1)
(0.6875 0.175 0.1)
(0.7 0.175 0.1)
(0.7125 0.175 0.1)
(0.725 0.175 0.1)
(0.7375 0.175 0.1)
(0.75 0.175 0.1)
(0.7625 0.175 0.1)
(0.775 0.175 0.1)
(0.7875 0.175 0.1)
(0.8 0.175 0.1)
(0.8125 0.175 0.1)
(0.825 0.175 0.1)
(0.8375 0.175 0.1)
(0.85 0.175 0.1)
(0.8625 0.175 0.1)
(0.875 0.175 0.1)
(0.8875 0.175 0.1)
(0.9 0.175 0.1)
(0.9125 0.175 0.1)
(0.925 0.175 0.1)
(0.9375 0.175 0.1)
(0.95 0.175 0.1)
(0.9625 0.175 0.1)
(0.975 0.175 0.1)
(0.9875 0.175 0.1)
(1 0.175 0.1)
(0 0.1875 0.1)
(0.0125 0.1875 0.1)
(0.025 0.1875 0.1)
(0.0375 0.1875 0.1)
(0.05 0.1875 0.1)
(0.0625 0.1875 0.1)
(0.075 0.1875 0.1)
(0.0875 0.1875 0.1)
(0.1 0.1875 0.1)
(0.1125 0.1875 0.1)
(0.125 0.1875 0.1)
(0.1375 0.1875 0.1)
(0.15 0.1875 0.1)
(0.1625 0.1875 0.1)
(0.175 0.1875 0.1)
(0.1875 0.1875 0.1)
(0.2 0.1875 0.1)
(0.2125 0.1875 0.1)
(0.225 0.1875 0.1)
(0.2375 0.1875 0.1)
(0.25 0.1875 0.1)
(0.2625 0.1875 0.1)
(0.275 0.1875 0.1)
(0.2875 0.1875 0.1)
(0.3 0.1875 0.1)
(0.3125 0.1875 0.1)
(0.325 0.1875 0.1)
(0.3375 0.1875 0.1)
(0.35 0.1875 0.1)
(0.3625 0.1875 0.1)
(0.375 0.1875 0.1)
(0.3875 0.1875 0.1)
(0.4 0.1875 0.1)
(0.4125 0.1875 0.1)
(0.425 0.1875 0.1)
(0.4375 0.1875 0.1)
(0.45 0.1875 0.1)
(0.4625 0.1875 0.1)
(0.475 0.1875 0.1)
(0.4875 0.1875 0.1)
(0.5 0.1875 0.1)
(0.5125 0.1875 0.1)
(0.525 0.1875 0.1)
(0.5375 0.1875 0.1)
(0.55 0.1875 0.1)
(0.5625 0.1875 0.1)
(0.575 0.1875 0.1)
(0.5875 0.1875 0.1)
(0.6 0.1875 0.1)
(0.6125 0.1875 0.1)
(0.625 0.1875 0.1)
(0.6375 0.1875 0.1)
(0.65 0.1875 0.1)
(0.6625 0.1875 0.1)
(0.675 0.1875 0.1)
(0.6875 0.1875 0.1)
(0.7 0.1875 0.1)
(0.7125 0.1875 0.1)
(0.725 0.1875 0.1)
(0.7375 0.1875 0.1)
(0.75 0.1875 0.1)
(0.7625 0.1875 0.1)
(0.775 0.1875 0.1)
(0.7875 0.1875 0.1)
(0.8 0.1875 0.1)
(0.8125 0.1875 0.1)
(0.825 0.1875 0.1)
(0.8375 0.1875 0.1)
(0.85 0.1875 0.1)
(0.8625 0.1875 0.1)
(0.875 0.1875 0.1)
(0.8875 0.1875 0.1)
(0.9 0.1875 0.1)
(0.9125 0.1875 0.1)
(0.925 0.1875 0.1)
(0.9375 0.1875 0.1)
(0.95 0.1875 0.1)
(0.9625 0.1875 0.1)
(0.975 0.1875 0.1)
(0.9875 0.1875 0.1)
(1 0.1875 0.1)
(0 0.2 0.1)
(0.0125 0.2 0.1)
(0.025 0.2 0.1)
(0.0375 0.2 0.1)
(0.05 0.2 0.1)
(0.0625 0.2 0.1)
(0.075 0.2 0.1)
(0.0875 0.2 0.1)
(0.1 0.2 0.1)
(0.1125 0.2 0.1)
(0.125 0.2 0.1)
(0.1375 0.2 0.1)
(0.15 0.2 0.1)
(0.1625 0.2 0.1)
(0.175 0.2 0.1)
(0.1875 0.2 0.1)
(0.2 0.2 0.1)
(0.2125 0.2 0.1)
(0.225 0.2 0.1)
(0.2375 0.2 0.1)
(0.25 0.2 0.1)
(0.2625 0.2 0.1)
(0.275 0.2 0.1)
(0.2875 0.2 0.1)
(0.3 0.2 0.1)
(0.3125 0.2 0.1)
(0.325 0.2 0.1)
(0.3375 0.2 0.1)
(0.35 0.2 0.1)
(0.3625 0.2 0.1)
(0.375 0.2 0.1)
(0.3875 0.2 0.1)
(0.4 0.2 0.1)
(0.4125 0.2 0.1)
(0.425 0.2 0.1)
(0.4375 0.2 0.1)
(0.45 0.2 0.1)
(0.4625 0.2 0.1)
(0.475 0.2 0.1)
(0.4875 0.2 0.1)
(0.5 0.2 0.1)
(0.5125 0.2 0.1)
(0.525 0.2 0.1)
(0.5375 0.2 0.1)
(0.55 0.2 0.1)
(0.5625 0.2 0.1)
(0.575 0.2 0.1)
(0.5875 0.2 0.1)
(0.6 0.2 0.1)
(0.6125 0.2 0.1)
(0.625 0.2 0.1)
(0.6375 0.2 0.1)
(0.65 0.2 0.1)
(0.6625 0.2 0.1)
(0.675 0.2 0.1)
(0.6875 0.2 0.1)
(0.7 0.2 0.1)
(0.7125 0.2 0.1)
(0.725 0.2 0.1)
(0.7375 0.2 0.1)
(0.75 0.2 0.1)
(0.7625 0.2 0.1)
(0.775 0.2 0.1)
(0.7875 0.2 0.1)
(0.8 0.2 0.1)
(0.8125 0.2 0.1)
(0.825 0.2 0.1)
(0.8375 0.2 0.1)
(0.85 0.2 0.1)
(0.8625 0.2 0.1)
(0.875 0.2 0.1)
(0.8875 0.2 0.1)
(0.9 0.2 0.1)
(0.9125 0.2 0.1)
(0.925 0.2 0.1)
(0.9375 0.2 0.1)
(0.95 0.2 0.1)
(0.9625 0.2 0.1)
(0.975 0.2 0.1)
(0.9875 0.2 0.1)
(1 0.2 0.1)
(0 0.2125 0.1)
(0.0125 0.2125 0.1)
(0.025 0.2125 0.1)
(0.0375 0.2125 0.1)
(0.05 0.2125 0.1)
(0.0625 0.2125 0.1)
(0.075 0.2125 0.1)
(0.0875 0.2125 0.1)
(0.1 0.2125 0.1)
(0.1125 0.2125 0.1)
(0.125 0.2125 0.1)
(0.1375 0.2125 0.1)
(0.15 0.2125 0.1)
(0.1625 0.2125 0.1)
(0.175 0.2125 0.1)
(0.1875 0.2125 0.1)
(0.2 0.2125 0.1)
(0.2125 0.2125 0.1)
(0.225 0.2125 0.1)
(0.2375 0.2125 0.1)
(0.25 0.2125 0.1)
(0.2625 0.2125 0.1)
(0.275 0.2125 0.1)
(0.2875 0.2125 0.1)
(0.3 0.2125 0.1)
(0.3125 0.2125 0.1)
(0.325 0.2125 0.1)
(0.3375 0.2125 0.1)
(0.35 0.2125 0.1)
(0.3625 0.2125 0.1)
(0.375 0.2125 0.1)
(0.3875 0.2125 0.1)
(0.4 0.2125 0.1)
(0.4125 0.2125 0.1)
(0.425 0.2125 0.1)
(0.4375 0.2125 0.1)
(0.45 0.2125 0.1)
(0.4625 0.2125 0.1)
(0.475 0.2125 0.1)
(0.4875 0.2125 0.1)
(0.5 0.2125 0.1)
(0.5125 0.2125 0.1)
(0.525 0.2125 0.1)
(0.5375 0.2125 0.1)
(0.55 0.2125 0.1)
(0.5625 0.2125 0.1)
(0.575 0.2125 0.1)
(0.5875 0.2125 0.1)
(0.6 0.2125 0.1)
(0.6125 0.2125 0.1)
(0.625 0.2125 0.1)
(0.6375 0.2125 0.1)
(0.65 0.2125 0.1)
(0.6625 0.2125 0.1)
(0.675 0.2125 0.1)
(0.6875 0.2125 0.1)
(0.7 0.2125 0.1)
(0.7125 0.2125 0.1)
(0.725 0.2125 0.1)
(0.7375 0.2125 0.1)
(0.75 0.2125 0.1)
(0.7625 0.2125 0.1)
(0.775 0.2125 0.1)
(0.7875 0.2125 0.1)
(0.8 0.2125 0.1)
(0.8125 0.2125 0.1)
(0.825 0.2125 0.1)
(0.8375 0.2125 0.1)
(0.85 0.2125 0.1)
(0.8625 0.2125 0.1)
(0.875 0.2125 0.1)
(0.8875 0.2125 0.1)
(0.9 0.2125 0.1)
(0.9125 0.2125 0.1)
(0.925 0.2125 0.1)
(0.9375 0.2125 0.1)
(0.95 0.2125 0.1)
(0.9625 0.2125 0.1)
(0.975 0.2125 0.1)
(0.9875 0.2125 0.1)
(1 0.2125 0.1)
(0 0.225 0.1)
(0.0125 0.225 0.1)
(0.025 0.225 0.1)
(0.0375 0.225 0.1)
(0.05 0.225 0.1)
(0.0625 0.225 0.1)
(0.075 0.225 0.1)
(0.0875 0.225 0.1)
(0.1 0.225 0.1)
(0.1125 0.225 0.1)
(0.125 0.225 0.1)
(0.1375 0.225 0.1)
(0.15 0.225 0.1)
(0.1625 0.225 0.1)
(0.175 0.225 0.1)
(0.1875 0.225 0.1)
(0.2 0.225 0.1)
(0.2125 0.225 0.1)
(0.225 0.225 0.1)
(0.2375 0.225 0.1)
(0.25 0.225 0.1)
(0.2625 0.225 0.1)
(0.275 0.225 0.1)
(0.2875 0.225 0.1)
(0.3 0.225 0.1)
(0.3125 0.225 0.1)
(0.325 0.225 0.1)
(0.3375 0.225 0.1)
(0.35 0.225 0.1)
(0.3625 0.225 0.1)
(0.375 0.225 0.1)
(0.3875 0.225 0.1)
(0.4 0.225 0.1)
(0.4125 0.225 0.1)
(0.425 0.225 0.1)
(0.4375 0.225 0.1)
(0.45 0.225 0.1)
(0.4625 0.225 0.1)
(0.475 0.225 0.1)
(0.4875 0.225 0.1)
(0.5 0.225 0.1)
(0.5125 0.225 0.1)
(0.525 0.225 0.1)
(0.5375 0.225 0.1)
(0.55 0.225 0.1)
(0.5625 0.225 0.1)
(0.575 0.225 0.1)
(0.5875 0.225 0.1)
(0.6 0.225 0.1)
(0.6125 0.225 0.1)
(0.625 0.225 0.1)
(0.6375 0.225 0.1)
(0.65 0.225 0.1)
(0.6625 0.225 0.1)
(0.675 0.225 0.1)
(0.6875 0.225 0.1)
(0.7 0.225 0.1)
(0.7125 0.225 0.1)
(0.725 0.225 0.1)
(0.7375 0.225 0.1)
(0.75 0.225 0.1)
(0.7625 0.225 0.1)
(0.775 0.225 0.1)
(0.7875 0.225 0.1)
(0.8 0.225 0.1)
(0.8125 0.225 0.1)
(0.825 0.225 0.1)
(0.8375 0.225 0.1)
(0.85 0.225 0.1)
(0.8625 0.225 0.1)
(0.875 0.225 0.1)
(0.8875 0.225 0.1)
(0.9 0.225 0.1)
(0.9125 0.225 0.1)
(0.925 0.225 0.1)
(0.9375 0.225 0.1)
(0.95 0.225 0.1)
(0.9625 0.225 0.1)
(0.975 0.225 0.1)
(0.9875 0.225 0.1)
(1 0.225 0.1)
(0 0.2375 0.1)
(0.0125 0.2375 0.1)
(0.025 0.2375 0.1)
(0.0375 0.2375 0.1)
(0.05 0.2375 0.1)
(0.0625 0.2375 0.1)
(0.075 0.2375 0.1)
(0.0875 0.2375 0.1)
(0.1 0.2375 0.1)
(0.1125 0.2375 0.1)
(0.125 0.2375 0.1)
(0.1375 0.2375 0.1)
(0.15 0.2375 0.1)
(0.1625 0.2375 0.1)
(0.175 0.2375 0.1)
(0.1875 0.2375 0.1)
(0.2 0.2375 0.1)
(0.2125 0.2375 0.1)
(0.225 0.2375 0.1)
(0.2375 0.2375 0.1)
(0.25 0.2375 0.1)
(0.2625 0.2375 0.1)
(0.275 0.2375 0.1)
(0.2875 0.2375 0.1)
(0.3 0.2375 0.1)
(0.3125 0.2375 0.1)
(0.325 0.2375 0.1)
(0.3375 0.2375 0.1)
(0.35 0.2375 0.1)
(0.3625 0.2375 0.1)
(0.375 0.2375 0.1)
(0.3875 0.2375 0.1)
(0.4 0.2375 0.1)
(0.4125 0.2375 0.1)
(0.425 0.2375 0.1)
(0.4375 0.2375 0.1)
(0.45 0.2375 0.1)
(0.4625 0.2375 0.1)
(0.475 0.2375 0.1)
(0.4875 0.2375 0.1)
(0.5 0.2375 0.1)
(0.5125 0.2375 0.1)
(0.525 0.2375 0.1)
(0.5375 0.2375 0.1)
(0.55 0.2375 0.1)
(0.5625 0.2375 0.1)
(0.575 0.2375 0.1)
(0.5875 0.2375 0.1)
(0.6 0.2375 0.1)
(0.6125 0.2375 0.1)
(0.625 0.2375 0.1)
(0.6375 0.2375 0.1)
(0.65 0.2375 0.1)
(0.6625 0.2375 0.1)
(0.675 0.2375 0.1)
(0.6875 0.2375 0.1)
(0.7 0.2375 0.1)
(0.7125 0.2375 0.1)
(0.725 0.2375 0.1)
(0.7375 0.2375 0.1)
(0.75 0.2375 0.1)
(0.7625 0.2375 0.1)
(0.775 0.2375 0.1)
(0.7875 0.2375 0.1)
(0.8 0.2375 0.1)
(0.8125 0.2375 0.1)
(0.825 0.2375 0.1)
(0.8375 0.2375 0.1)
(0.85 0.2375 0.1)
(0.8625 0.2375 0.1)
(0.875 0.2375 0.1)
(0.8875 0.2375 0.1)
(0.9 0.2375 0.1)
(0.9125 0.2375 0.1)
(0.925 0.2375 0.1)
(0.9375 0.2375 0.1)
(0.95 0.2375 0.1)
(0.9625 0.2375 0.1)
(0.975 0.2375 0.1)
(0.9875 0.2375 0.1)
(1 0.2375 0.1)
(0 0.25 0.1)
(0.0125 0.25 0.1)
(0.025 0.25 0.1)
(0.0375 0.25 0.1)
(0.05 0.25 0.1)
(0.0625 0.25 0.1)
(0.075 0.25 0.1)
(0.0875 0.25 0.1)
(0.1 0.25 0.1)
(0.1125 0.25 0.1)
(0.125 0.25 0.1)
(0.1375 0.25 0.1)
(0.15 0.25 0.1)
(0.1625 0.25 0.1)
(0.175 0.25 0.1)
(0.1875 0.25 0.1)
(0.2 0.25 0.1)
(0.2125 0.25 0.1)
(0.225 0.25 0.1)
(0.2375 0.25 0.1)
(0.25 0.25 0.1)
(0.2625 0.25 0.1)
(0.275 0.25 0.1)
(0.2875 0.25 0.1)
(0.3 0.25 0.1)
(0.3125 0.25 0.1)
(0.325 0.25 0.1)
(0.3375 0.25 0.1)
(0.35 0.25 0.1)
(0.3625 0.25 0.1)
(0.375 0.25 0.1)
(0.3875 0.25 0.1)
(0.4 0.25 0.1)
(0.4125 0.25 0.1)
(0.425 0.25 0.1)
(0.4375 0.25 0.1)
(0.45 0.25 0.1)
(0.4625 0.25 0.1)
(0.475 0.25 0.1)
(0.4875 0.25 0.1)
(0.5 0.25 0.1)
(0.5125 0.25 0.1)
(0.525 0.25 0.1)
(0.5375 0.25 0.1)
(0.55 0.25 0.1)
(0.5625 0.25 0.1)
(0.575 0.25 0.1)
(0.5875 0.25 0.1)
(0.6 0.25 0.1)
(0.6125 0.25 0.1)
(0.625 0.25 0.1)
(0.6375 0.25 0.1)
(0.65 0.25 0.1)
(0.6625 0.25 0.1)
(0.675 0.25 0.1)
(0.6875 0.25 0.1)
(0.7 0.25 0.1)
(0.7125 0.25 0.1)
(0.725 0.25 0.1)
(0.7375 0.25 0.1)
(0.75 0.25 0.1)
(0.7625 0.25 0.1)
(0.775 0.25 0.1)
(0.7875 0.25 0.1)
(0.8 0.25 0.1)
(0.8125 0.25 0.1)
(0.825 0.25 0.1)
(0.8375 0.25 0.1)
(0.85 0.25 0.1)
(0.8625 0.25 0.1)
(0.875 0.25 0.1)
(0.8875 0.25 0.1)
(0.9 0.25 0.1)
(0.9125 0.25 0.1)
(0.925 0.25 0.1)
(0.9375 0.25 0.1)
(0.95 0.25 0.1)
(0.9625 0.25 0.1)
(0.975 0.25 0.1)
(0.9875 0.25 0.1)
(1 0.25 0.1)
(0 0.2625 0.1)
(0.0125 0.2625 0.1)
(0.025 0.2625 0.1)
(0.0375 0.2625 0.1)
(0.05 0.2625 0.1)
(0.0625 0.2625 0.1)
(0.075 0.2625 0.1)
(0.0875 0.2625 0.1)
(0.1 0.2625 0.1)
(0.1125 0.2625 0.1)
(0.125 0.2625 0.1)
(0.1375 0.2625 0.1)
(0.15 0.2625 0.1)
(0.1625 0.2625 0.1)
(0.175 0.2625 0.1)
(0.1875 0.2625 0.1)
(0.2 0.2625 0.1)
(0.2125 0.2625 0.1)
(0.225 0.2625 0.1)
(0.2375 0.2625 0.1)
(0.25 0.2625 0.1)
(0.2625 0.2625 0.1)
(0.275 0.2625 0.1)
(0.2875 0.2625 0.1)
(0.3 0.2625 0.1)
(0.3125 0.2625 0.1)
(0.325 0.2625 0.1)
(0.3375 0.2625 0.1)
(0.35 0.2625 0.1)
(0.3625 0.2625 0.1)
(0.375 0.2625 0.1)
(0.3875 0.2625 0.1)
(0.4 0.2625 0.1)
(0.4125 0.2625 0.1)
(0.425 0.2625 0.1)
(0.4375 0.2625 0.1)
(0.45 0.2625 0.1)
(0.4625 0.2625 0.1)
(0.475 0.2625 0.1)
(0.4875 0.2625 0.1)
(0.5 0.2625 0.1)
(0.5125 0.2625 0.1)
(0.525 0.2625 0.1)
(0.5375 0.2625 0.1)
(0.55 0.2625 0.1)
(0.5625 0.2625 0.1)
(0.575 0.2625 0.1)
(0.5875 0.2625 0.1)
(0.6 0.2625 0.1)
(0.6125 0.2625 0.1)
(0.625 0.2625 0.1)
(0.6375 0.2625 0.1)
(0.65 0.2625 0.1)
(0.6625 0.2625 0.1)
(0.675 0.2625 0.1)
(0.6875 0.2625 0.1)
(0.7 0.2625 0.1)
(0.7125 0.2625 0.1)
(0.725 0.2625 0.1)
(0.7375 0.2625 0.1)
(0.75 0.2625 0.1)
(0.7625 0.2625 0.1)
(0.775 0.2625 0.1)
(0.7875 0.2625 0.1)
(0.8 0.2625 0.1)
(0.8125 0.2625 0.1)
(0.825 0.2625 0.1)
(0.8375 0.2625 0.1)
(0.85 0.2625 0.1)
(0.8625 0.2625 0.1)
(0.875 0.2625 0.1)
(0.8875 0.2625 0.1)
(0.9 0.2625 0.1)
(0.9125 0.2625 0.1)
(0.925 0.2625 0.1)
(0.9375 0.2625 0.1)
(0.95 0.2625 0.1)
(0.9625 0.2625 0.1)
(0.975 0.2625 0.1)
(0.9875 0.2625 0.1)
(1 0.2625 0.1)
(0 0.275 0.1)
(0.0125 0.275 0.1)
(0.025 0.275 0.1)
(0.0375 0.275 0.1)
(0.05 0.275 0.1)
(0.0625 0.275 0.1)
(0.075 0.275 0.1)
(0.0875 0.275 0.1)
(0.1 0.275 0.1)
(0.1125 0.275 0.1)
(0.125 0.275 0.1)
(0.1375 0.275 0.1)
(0.15 0.275 0.1)
(0.1625 0.275 0.1)
(0.175 0.275 0.1)
(0.1875 0.275 0.1)
(0.2 0.275 0.1)
(0.2125 0.275 0.1)
(0.225 0.275 0.1)
(0.2375 0.275 0.1)
(0.25 0.275 0.1)
(0.2625 0.275 0.1)
(0.275 0.275 0.1)
(0.2875 0.275 0.1)
(0.3 0.275 0.1)
(0.3125 0.275 0.1)
(0.325 0.275 0.1)
(0.3375 0.275 0.1)
(0.35 0.275 0.1)
(0.3625 0.275 0.1)
(0.375 0.275 0.1)
(0.3875 0.275 0.1)
(0.4 0.275 0.1)
(0.4125 0.275 0.1)
(0.425 0.275 0.1)
(0.4375 0.275 0.1)
(0.45 0.275 0.1)
(0.4625 0.275 0.1)
(0.475 0.275 0.1)
(0.4875 0.275 0.1)
(0.5 0.275 0.1)
(0.5125 0.275 0.1)
(0.525 0.275 0.1)
(0.5375 0.275 0.1)
(0.55 0.275 0.1)
(0.5625 0.275 0.1)
(0.575 0.275 0.1)
(0.5875 0.275 0.1)
(0.6 0.275 0.1)
(0.6125 0.275 0.1)
(0.625 0.275 0.1)
(0.6375 0.275 0.1)
(0.65 0.275 0.1)
(0.6625 0.275 0.1)
(0.675 0.275 0.1)
(0.6875 0.275 0.1)
(0.7 0.275 0.1)
(0.7125 0.275 0.1)
(0.725 0.275 0.1)
(0.7375 0.275 0.1)
(0.75 0.275 0.1)
(0.7625 0.275 0.1)
(0.775 0.275 0.1)
(0.7875 0.275 0.1)
(0.8 0.275 0.1)
(0.8125 0.275 0.1)
(0.825 0.275 0.1)
(0.8375 0.275 0.1)
(0.85 0.275 0.1)
(0.8625 0.275 0.1)
(0.875 0.275 0.1)
(0.8875 0.275 0.1)
(0.9 0.275 0.1)
(0.9125 0.275 0.1)
(0.925 0.275 0.1)
(0.9375 0.275 0.1)
(0.95 0.275 0.1)
(0.9625 0.275 0.1)
(0.975 0.275 0.1)
(0.9875 0.275 0.1)
(1 0.275 0.1)
(0 0.2875 0.1)
(0.0125 0.2875 0.1)
(0.025 0.2875 0.1)
(0.0375 0.2875 0.1)
(0.05 0.2875 0.1)
(0.0625 0.2875 0.1)
(0.075 0.2875 0.1)
(0.0875 0.2875 0.1)
(0.1 0.2875 0.1)
(0.1125 0.2875 0.1)
(0.125 0.2875 0.1)
(0.1375 0.2875 0.1)
(0.15 0.2875 0.1)
(0.1625 0.2875 0.1)
(0.175 0.2875 0.1)
(0.1875 0.2875 0.1)
(0.2 0.2875 0.1)
(0.2125 0.2875 0.1)
(0.225 0.2875 0.1)
(0.2375 0.2875 0.1)
(0.25 0.2875 0.1)
(0.2625 0.2875 0.1)
(0.275 0.2875 0.1)
(0.2875 0.2875 0.1)
(0.3 0.2875 0.1)
(0.3125 0.2875 0.1)
(0.325 0.2875 0.1)
(0.3375 0.2875 0.1)
(0.35 0.2875 0.1)
(0.3625 0.2875 0.1)
(0.375 0.2875 0.1)
(0.3875 0.2875 0.1)
(0.4 0.2875 0.1)
(0.4125 0.2875 0.1)
(0.425 0.2875 0.1)
(0.4375 0.2875 0.1)
(0.45 0.2875 0.1)
(0.4625 0.2875 0.1)
(0.475 0.2875 0.1)
(0.4875 0.2875 0.1)
(0.5 0.2875 0.1)
(0.5125 0.2875 0.1)
(0.525 0.2875 0.1)
(0.5375 0.2875 0.1)
(0.55 0.2875 0.1)
(0.5625 0.2875 0.1)
(0.575 0.2875 0.1)
(0.5875 0.2875 0.1)
(0.6 0.2875 0.1)
(0.6125 0.2875 0.1)
(0.625 0.2875 0.1)
(0.6375 0.2875 0.1)
(0.65 0.2875 0.1)
(0.6625 0.2875 0.1)
(0.675 0.2875 0.1)
(0.6875 0.2875 0.1)
(0.7 0.2875 0.1)
(0.7125 0.2875 0.1)
(0.725 0.2875 0.1)
(0.7375 0.2875 0.1)
(0.75 0.2875 0.1)
(0.7625 0.2875 0.1)
(0.775 0.2875 0.1)
(0.7875 0.2875 0.1)
(0.8 0.2875 0.1)
(0.8125 0.2875 0.1)
(0.825 0.2875 0.1)
(0.8375 0.2875 0.1)
(0.85 0.2875 0.1)
(0.8625 0.2875 0.1)
(0.875 0.2875 0.1)
(0.8875 0.2875 0.1)
(0.9 0.2875 0.1)
(0.9125 0.2875 0.1)
(0.925 0.2875 0.1)
(0.9375 0.2875 0.1)
(0.95 0.2875 0.1)
(0.9625 0.2875 0.1)
(0.975 0.2875 0.1)
(0.9875 0.2875 0.1)
(1 0.2875 0.1)
(0 0.3 0.1)
(0.0125 0.3 0.1)
(0.025 0.3 0.1)
(0.0375 0.3 0.1)
(0.05 0.3 0.1)
(0.0625 0.3 0.1)
(0.075 0.3 0.1)
(0.0875 0.3 0.1)
(0.1 0.3 0.1)
(0.1125 0.3 0.1)
(0.125 0.3 0.1)
(0.1375 0.3 0.1)
(0.15 0.3 0.1)
(0.1625 0.3 0.1)
(0.175 0.3 0.1)
(0.1875 0.3 0.1)
(0.2 0.3 0.1)
(0.2125 0.3 0.1)
(0.225 0.3 0.1)
(0.2375 0.3 0.1)
(0.25 0.3 0.1)
(0.2625 0.3 0.1)
(0.275 0.3 0.1)
(0.2875 0.3 0.1)
(0.3 0.3 0.1)
(0.3125 0.3 0.1)
(0.325 0.3 0.1)
(0.3375 0.3 0.1)
(0.35 0.3 0.1)
(0.3625 0.3 0.1)
(0.375 0.3 0.1)
(0.3875 0.3 0.1)
(0.4 0.3 0.1)
(0.4125 0.3 0.1)
(0.425 0.3 0.1)
(0.4375 0.3 0.1)
(0.45 0.3 0.1)
(0.4625 0.3 0.1)
(0.475 0.3 0.1)
(0.4875 0.3 0.1)
(0.5 0.3 0.1)
(0.5125 0.3 0.1)
(0.525 0.3 0.1)
(0.5375 0.3 0.1)
(0.55 0.3 0.1)
(0.5625 0.3 0.1)
(0.575 0.3 0.1)
(0.5875 0.3 0.1)
(0.6 0.3 0.1)
(0.6125 0.3 0.1)
(0.625 0.3 0.1)
(0.6375 0.3 0.1)
(0.65 0.3 0.1)
(0.6625 0.3 0.1)
(0.675 0.3 0.1)
(0.6875 0.3 0.1)
(0.7 0.3 0.1)
(0.7125 0.3 0.1)
(0.725 0.3 0.1)
(0.7375 0.3 0.1)
(0.75 0.3 0.1)
(0.7625 0.3 0.1)
(0.775 0.3 0.1)
(0.7875 0.3 0.1)
(0.8 0.3 0.1)
(0.8125 0.3 0.1)
(0.825 0.3 0.1)
(0.8375 0.3 0.1)
(0.85 0.3 0.1)
(0.8625 0.3 0.1)
(0.875 0.3 0.1)
(0.8875 0.3 0.1)
(0.9 0.3 0.1)
(0.9125 0.3 0.1)
(0.925 0.3 0.1)
(0.9375 0.3 0.1)
(0.95 0.3 0.1)
(0.9625 0.3 0.1)
(0.975 0.3 0.1)
(0.9875 0.3 0.1)
(1 0.3 0.1)
(0 0.3125 0.1)
(0.0125 0.3125 0.1)
(0.025 0.3125 0.1)
(0.0375 0.3125 0.1)
(0.05 0.3125 0.1)
(0.0625 0.3125 0.1)
(0.075 0.3125 0.1)
(0.0875 0.3125 0.1)
(0.1 0.3125 0.1)
(0.1125 0.3125 0.1)
(0.125 0.3125 0.1)
(0.1375 0.3125 0.1)
(0.15 0.3125 0.1)
(0.1625 0.3125 0.1)
(0.175 0.3125 0.1)
(0.1875 0.3125 0.1)
(0.2 0.3125 0.1)
(0.2125 0.3125 0.1)
(0.225 0.3125 0.1)
(0.2375 0.3125 0.1)
(0.25 0.3125 0.1)
(0.2625 0.3125 0.1)
(0.275 0.3125 0.1)
(0.2875 0.3125 0.1)
(0.3 0.3125 0.1)
(0.3125 0.3125 0.1)
(0.325 0.3125 0.1)
(0.3375 0.3125 0.1)
(0.35 0.3125 0.1)
(0.3625 0.3125 0.1)
(0.375 0.3125 0.1)
(0.3875 0.3125 0.1)
(0.4 0.3125 0.1)
(0.4125 0.3125 0.1)
(0.425 0.3125 0.1)
(0.4375 0.3125 0.1)
(0.45 0.3125 0.1)
(0.4625 0.3125 0.1)
(0.475 0.3125 0.1)
(0.4875 0.3125 0.1)
(0.5 0.3125 0.1)
(0.5125 0.3125 0.1)
(0.525 0.3125 0.1)
(0.5375 0.3125 0.1)
(0.55 0.3125 0.1)
(0.5625 0.3125 0.1)
(0.575 0.3125 0.1)
(0.5875 0.3125 0.1)
(0.6 0.3125 0.1)
(0.6125 0.3125 0.1)
(0.625 0.3125 0.1)
(0.6375 0.3125 0.1)
(0.65 0.3125 0.1)
(0.6625 0.3125 0.1)
(0.675 0.3125 0.1)
(0.6875 0.3125 0.1)
(0.7 0.3125 0.1)
(0.7125 0.3125 0.1)
(0.725 0.3125 0.1)
(0.7375 0.3125 0.1)
(0.75 0.3125 0.1)
(0.7625 0.3125 0.1)
(0.775 0.3125 0.1)
(0.7875 0.3125 0.1)
(0.8 0.3125 0.1)
(0.8125 0.3125 0.1)
(0.825 0.3125 0.1)
(0.8375 0.3125 0.1)
(0.85 0.3125 0.1)
(0.8625 0.3125 0.1)
(0.875 0.3125 0.1)
(0.8875 0.3125 0.1)
(0.9 0.3125 0.1)
(0.9125 0.3125 0.1)
(0.925 0.3125 0.1)
(0.9375 0.3125 0.1)
(0.95 0.3125 0.1)
(0.9625 0.3125 0.1)
(0.975 0.3125 0.1)
(0.9875 0.3125 0.1)
(1 0.3125 0.1)
(0 0.325 0.1)
(0.0125 0.325 0.1)
(0.025 0.325 0.1)
(0.0375 0.325 0.1)
(0.05 0.325 0.1)
(0.0625 0.325 0.1)
(0.075 0.325 0.1)
(0.0875 0.325 0.1)
(0.1 0.325 0.1)
(0.1125 0.325 0.1)
(0.125 0.325 0.1)
(0.1375 0.325 0.1)
(0.15 0.325 0.1)
(0.1625 0.325 0.1)
(0.175 0.325 0.1)
(0.1875 0.325 0.1)
(0.2 0.325 0.1)
(0.2125 0.325 0.1)
(0.225 0.325 0.1)
(0.2375 0.325 0.1)
(0.25 0.325 0.1)
(0.2625 0.325 0.1)
(0.275 0.325 0.1)
(0.2875 0.325 0.1)
(0.3 0.325 0.1)
(0.3125 0.325 0.1)
(0.325 0.325 0.1)
(0.3375 0.325 0.1)
(0.35 0.325 0.1)
(0.3625 0.325 0.1)
(0.375 0.325 0.1)
(0.3875 0.325 0.1)
(0.4 0.325 0.1)
(0.4125 0.325 0.1)
(0.425 0.325 0.1)
(0.4375 0.325 0.1)
(0.45 0.325 0.1)
(0.4625 0.325 0.1)
(0.475 0.325 0.1)
(0.4875 0.325 0.1)
(0.5 0.325 0.1)
(0.5125 0.325 0.1)
(0.525 0.325 0.1)
(0.5375 0.325 0.1)
(0.55 0.325 0.1)
(0.5625 0.325 0.1)
(0.575 0.325 0.1)
(0.5875 0.325 0.1)
(0.6 0.325 0.1)
(0.6125 0.325 0.1)
(0.625 0.325 0.1)
(0.6375 0.325 0.1)
(0.65 0.325 0.1)
(0.6625 0.325 0.1)
(0.675 0.325 0.1)
(0.6875 0.325 0.1)
(0.7 0.325 0.1)
(0.7125 0.325 0.1)
(0.725 0.325 0.1)
(0.7375 0.325 0.1)
(0.75 0.325 0.1)
(0.7625 0.325 0.1)
(0.775 0.325 0.1)
(0.7875 0.325 0.1)
(0.8 0.325 0.1)
(0.8125 0.325 0.1)
(0.825 0.325 0.1)
(0.8375 0.325 0.1)
(0.85 0.325 0.1)
(0.8625 0.325 0.1)
(0.875 0.325 0.1)
(0.8875 0.325 0.1)
(0.9 0.325 0.1)
(0.9125 0.325 0.1)
(0.925 0.325 0.1)
(0.9375 0.325 0.1)
(0.95 0.325 0.1)
(0.9625 0.325 0.1)
(0.975 0.325 0.1)
(0.9875 0.325 0.1)
(1 0.325 0.1)
(0 0.3375 0.1)
(0.0125 0.3375 0.1)
(0.025 0.3375 0.1)
(0.0375 0.3375 0.1)
(0.05 0.3375 0.1)
(0.0625 0.3375 0.1)
(0.075 0.3375 0.1)
(0.0875 0.3375 0.1)
(0.1 0.3375 0.1)
(0.1125 0.3375 0.1)
(0.125 0.3375 0.1)
(0.1375 0.3375 0.1)
(0.15 0.3375 0.1)
(0.1625 0.3375 0.1)
(0.175 0.3375 0.1)
(0.1875 0.3375 0.1)
(0.2 0.3375 0.1)
(0.2125 0.3375 0.1)
(0.225 0.3375 0.1)
(0.2375 0.3375 0.1)
(0.25 0.3375 0.1)
(0.2625 0.3375 0.1)
(0.275 0.3375 0.1)
(0.2875 0.3375 0.1)
(0.3 0.3375 0.1)
(0.3125 0.3375 0.1)
(0.325 0.3375 0.1)
(0.3375 0.3375 0.1)
(0.35 0.3375 0.1)
(0.3625 0.3375 0.1)
(0.375 0.3375 0.1)
(0.3875 0.3375 0.1)
(0.4 0.3375 0.1)
(0.4125 0.3375 0.1)
(0.425 0.3375 0.1)
(0.4375 0.3375 0.1)
(0.45 0.3375 0.1)
(0.4625 0.3375 0.1)
(0.475 0.3375 0.1)
(0.4875 0.3375 0.1)
(0.5 0.3375 0.1)
(0.5125 0.3375 0.1)
(0.525 0.3375 0.1)
(0.5375 0.3375 0.1)
(0.55 0.3375 0.1)
(0.5625 0.3375 0.1)
(0.575 0.3375 0.1)
(0.5875 0.3375 0.1)
(0.6 0.3375 0.1)
(0.6125 0.3375 0.1)
(0.625 0.3375 0.1)
(0.6375 0.3375 0.1)
(0.65 0.3375 0.1)
(0.6625 0.3375 0.1)
(0.675 0.3375 0.1)
(0.6875 0.3375 0.1)
(0.7 0.3375 0.1)
(0.7125 0.3375 0.1)
(0.725 0.3375 0.1)
(0.7375 0.3375 0.1)
(0.75 0.3375 0.1)
(0.7625 0.3375 0.1)
(0.775 0.3375 0.1)
(0.7875 0.3375 0.1)
(0.8 0.3375 0.1)
(0.8125 0.3375 0.1)
(0.825 0.3375 0.1)
(0.8375 0.3375 0.1)
(0.85 0.3375 0.1)
(0.8625 0.3375 0.1)
(0.875 0.3375 0.1)
(0.8875 0.3375 0.1)
(0.9 0.3375 0.1)
(0.9125 0.3375 0.1)
(0.925 0.3375 0.1)
(0.9375 0.3375 0.1)
(0.95 0.3375 0.1)
(0.9625 0.3375 0.1)
(0.975 0.3375 0.1)
(0.9875 0.3375 0.1)
(1 0.3375 0.1)
(0 0.35 0.1)
(0.0125 0.35 0.1)
(0.025 0.35 0.1)
(0.0375 0.35 0.1)
(0.05 0.35 0.1)
(0.0625 0.35 0.1)
(0.075 0.35 0.1)
(0.0875 0.35 0.1)
(0.1 0.35 0.1)
(0.1125 0.35 0.1)
(0.125 0.35 0.1)
(0.1375 0.35 0.1)
(0.15 0.35 0.1)
(0.1625 0.35 0.1)
(0.175 0.35 0.1)
(0.1875 0.35 0.1)
(0.2 0.35 0.1)
(0.2125 0.35 0.1)
(0.225 0.35 0.1)
(0.2375 0.35 0.1)
(0.25 0.35 0.1)
(0.2625 0.35 0.1)
(0.275 0.35 0.1)
(0.2875 0.35 0.1)
(0.3 0.35 0.1)
(0.3125 0.35 0.1)
(0.325 0.35 0.1)
(0.3375 0.35 0.1)
(0.35 0.35 0.1)
(0.3625 0.35 0.1)
(0.375 0.35 0.1)
(0.3875 0.35 0.1)
(0.4 0.35 0.1)
(0.4125 0.35 0.1)
(0.425 0.35 0.1)
(0.4375 0.35 0.1)
(0.45 0.35 0.1)
(0.4625 0.35 0.1)
(0.475 0.35 0.1)
(0.4875 0.35 0.1)
(0.5 0.35 0.1)
(0.5125 0.35 0.1)
(0.525 0.35 0.1)
(0.5375 0.35 0.1)
(0.55 0.35 0.1)
(0.5625 0.35 0.1)
(0.575 0.35 0.1)
(0.5875 0.35 0.1)
(0.6 0.35 0.1)
(0.6125 0.35 0.1)
(0.625 0.35 0.1)
(0.6375 0.35 0.1)
(0.65 0.35 0.1)
(0.6625 0.35 0.1)
(0.675 0.35 0.1)
(0.6875 0.35 0.1)
(0.7 0.35 0.1)
(0.7125 0.35 0.1)
(0.725 0.35 0.1)
(0.7375 0.35 0.1)
(0.75 0.35 0.1)
(0.7625 0.35 0.1)
(0.775 0.35 0.1)
(0.7875 0.35 0.1)
(0.8 0.35 0.1)
(0.8125 0.35 0.1)
(0.825 0.35 0.1)
(0.8375 0.35 0.1)
(0.85 0.35 0.1)
(0.8625 0.35 0.1)
(0.875 0.35 0.1)
(0.8875 0.35 0.1)
(0.9 0.35 0.1)
(0.9125 0.35 0.1)
(0.925 0.35 0.1)
(0.9375 0.35 0.1)
(0.95 0.35 0.1)
(0.9625 0.35 0.1)
(0.975 0.35 0.1)
(0.9875 0.35 0.1)
(1 0.35 0.1)
(0 0.3625 0.1)
(0.0125 0.3625 0.1)
(0.025 0.3625 0.1)
(0.0375 0.3625 0.1)
(0.05 0.3625 0.1)
(0.0625 0.3625 0.1)
(0.075 0.3625 0.1)
(0.0875 0.3625 0.1)
(0.1 0.3625 0.1)
(0.1125 0.3625 0.1)
(0.125 0.3625 0.1)
(0.1375 0.3625 0.1)
(0.15 0.3625 0.1)
(0.1625 0.3625 0.1)
(0.175 0.3625 0.1)
(0.1875 0.3625 0.1)
(0.2 0.3625 0.1)
(0.2125 0.3625 0.1)
(0.225 0.3625 0.1)
(0.2375 0.3625 0.1)
(0.25 0.3625 0.1)
(0.2625 0.3625 0.1)
(0.275 0.3625 0.1)
(0.2875 0.3625 0.1)
(0.3 0.3625 0.1)
(0.3125 0.3625 0.1)
(0.325 0.3625 0.1)
(0.3375 0.3625 0.1)
(0.35 0.3625 0.1)
(0.3625 0.3625 0.1)
(0.375 0.3625 0.1)
(0.3875 0.3625 0.1)
(0.4 0.3625 0.1)
(0.4125 0.3625 0.1)
(0.425 0.3625 0.1)
(0.4375 0.3625 0.1)
(0.45 0.3625 0.1)
(0.4625 0.3625 0.1)
(0.475 0.3625 0.1)
(0.4875 0.3625 0.1)
(0.5 0.3625 0.1)
(0.5125 0.3625 0.1)
(0.525 0.3625 0.1)
(0.5375 0.3625 0.1)
(0.55 0.3625 0.1)
(0.5625 0.3625 0.1)
(0.575 0.3625 0.1)
(0.5875 0.3625 0.1)
(0.6 0.3625 0.1)
(0.6125 0.3625 0.1)
(0.625 0.3625 0.1)
(0.6375 0.3625 0.1)
(0.65 0.3625 0.1)
(0.6625 0.3625 0.1)
(0.675 0.3625 0.1)
(0.6875 0.3625 0.1)
(0.7 0.3625 0.1)
(0.7125 0.3625 0.1)
(0.725 0.3625 0.1)
(0.7375 0.3625 0.1)
(0.75 0.3625 0.1)
(0.7625 0.3625 0.1)
(0.775 0.3625 0.1)
(0.7875 0.3625 0.1)
(0.8 0.3625 0.1)
(0.8125 0.3625 0.1)
(0.825 0.3625 0.1)
(0.8375 0.3625 0.1)
(0.85 0.3625 0.1)
(0.8625 0.3625 0.1)
(0.875 0.3625 0.1)
(0.8875 0.3625 0.1)
(0.9 0.3625 0.1)
(0.9125 0.3625 0.1)
(0.925 0.3625 0.1)
(0.9375 0.3625 0.1)
(0.95 0.3625 0.1)
(0.9625 0.3625 0.1)
(0.975 0.3625 0.1)
(0.9875 0.3625 0.1)
(1 0.3625 0.1)
(0 0.375 0.1)
(0.0125 0.375 0.1)
(0.025 0.375 0.1)
(0.0375 0.375 0.1)
(0.05 0.375 0.1)
(0.0625 0.375 0.1)
(0.075 0.375 0.1)
(0.0875 0.375 0.1)
(0.1 0.375 0.1)
(0.1125 0.375 0.1)
(0.125 0.375 0.1)
(0.1375 0.375 0.1)
(0.15 0.375 0.1)
(0.1625 0.375 0.1)
(0.175 0.375 0.1)
(0.1875 0.375 0.1)
(0.2 0.375 0.1)
(0.2125 0.375 0.1)
(0.225 0.375 0.1)
(0.2375 0.375 0.1)
(0.25 0.375 0.1)
(0.2625 0.375 0.1)
(0.275 0.375 0.1)
(0.2875 0.375 0.1)
(0.3 0.375 0.1)
(0.3125 0.375 0.1)
(0.325 0.375 0.1)
(0.3375 0.375 0.1)
(0.35 0.375 0.1)
(0.3625 0.375 0.1)
(0.375 0.375 0.1)
(0.3875 0.375 0.1)
(0.4 0.375 0.1)
(0.4125 0.375 0.1)
(0.425 0.375 0.1)
(0.4375 0.375 0.1)
(0.45 0.375 0.1)
(0.4625 0.375 0.1)
(0.475 0.375 0.1)
(0.4875 0.375 0.1)
(0.5 0.375 0.1)
(0.5125 0.375 0.1)
(0.525 0.375 0.1)
(0.5375 0.375 0.1)
(0.55 0.375 0.1)
(0.5625 0.375 0.1)
(0.575 0.375 0.1)
(0.5875 0.375 0.1)
(0.6 0.375 0.1)
(0.6125 0.375 0.1)
(0.625 0.375 0.1)
(0.6375 0.375 0.1)
(0.65 0.375 0.1)
(0.6625 0.375 0.1)
(0.675 0.375 0.1)
(0.6875 0.375 0.1)
(0.7 0.375 0.1)
(0.7125 0.375 0.1)
(0.725 0.375 0.1)
(0.7375 0.375 0.1)
(0.75 0.375 0.1)
(0.7625 0.375 0.1)
(0.775 0.375 0.1)
(0.7875 0.375 0.1)
(0.8 0.375 0.1)
(0.8125 0.375 0.1)
(0.825 0.375 0.1)
(0.8375 0.375 0.1)
(0.85 0.375 0.1)
(0.8625 0.375 0.1)
(0.875 0.375 0.1)
(0.8875 0.375 0.1)
(0.9 0.375 0.1)
(0.9125 0.375 0.1)
(0.925 0.375 0.1)
(0.9375 0.375 0.1)
(0.95 0.375 0.1)
(0.9625 0.375 0.1)
(0.975 0.375 0.1)
(0.9875 0.375 0.1)
(1 0.375 0.1)
(0 0.3875 0.1)
(0.0125 0.3875 0.1)
(0.025 0.3875 0.1)
(0.0375 0.3875 0.1)
(0.05 0.3875 0.1)
(0.0625 0.3875 0.1)
(0.075 0.3875 0.1)
(0.0875 0.3875 0.1)
(0.1 0.3875 0.1)
(0.1125 0.3875 0.1)
(0.125 0.3875 0.1)
(0.1375 0.3875 0.1)
(0.15 0.3875 0.1)
(0.1625 0.3875 0.1)
(0.175 0.3875 0.1)
(0.1875 0.3875 0.1)
(0.2 0.3875 0.1)
(0.2125 0.3875 0.1)
(0.225 0.3875 0.1)
(0.2375 0.3875 0.1)
(0.25 0.3875 0.1)
(0.2625 0.3875 0.1)
(0.275 0.3875 0.1)
(0.2875 0.3875 0.1)
(0.3 0.3875 0.1)
(0.3125 0.3875 0.1)
(0.325 0.3875 0.1)
(0.3375 0.3875 0.1)
(0.35 0.3875 0.1)
(0.3625 0.3875 0.1)
(0.375 0.3875 0.1)
(0.3875 0.3875 0.1)
(0.4 0.3875 0.1)
(0.4125 0.3875 0.1)
(0.425 0.3875 0.1)
(0.4375 0.3875 0.1)
(0.45 0.3875 0.1)
(0.4625 0.3875 0.1)
(0.475 0.3875 0.1)
(0.4875 0.3875 0.1)
(0.5 0.3875 0.1)
(0.5125 0.3875 0.1)
(0.525 0.3875 0.1)
(0.5375 0.3875 0.1)
(0.55 0.3875 0.1)
(0.5625 0.3875 0.1)
(0.575 0.3875 0.1)
(0.5875 0.3875 0.1)
(0.6 0.3875 0.1)
(0.6125 0.3875 0.1)
(0.625 0.3875 0.1)
(0.6375 0.3875 0.1)
(0.65 0.3875 0.1)
(0.6625 0.3875 0.1)
(0.675 0.3875 0.1)
(0.6875 0.3875 0.1)
(0.7 0.3875 0.1)
(0.7125 0.3875 0.1)
(0.725 0.3875 0.1)
(0.7375 0.3875 0.1)
(0.75 0.3875 0.1)
(0.7625 0.3875 0.1)
(0.775 0.3875 0.1)
(0.7875 0.3875 0.1)
(0.8 0.3875 0.1)
(0.8125 0.3875 0.1)
(0.825 0.3875 0.1)
(0.8375 0.3875 0.1)
(0.85 0.3875 0.1)
(0.8625 0.3875 0.1)
(0.875 0.3875 0.1)
(0.8875 0.3875 0.1)
(0.9 0.3875 0.1)
(0.9125 0.3875 0.1)
(0.925 0.3875 0.1)
(0.9375 0.3875 0.1)
(0.95 0.3875 0.1)
(0.9625 0.3875 0.1)
(0.975 0.3875 0.1)
(0.9875 0.3875 0.1)
(1 0.3875 0.1)
(0 0.4 0.1)
(0.0125 0.4 0.1)
(0.025 0.4 0.1)
(0.0375 0.4 0.1)
(0.05 0.4 0.1)
(0.0625 0.4 0.1)
(0.075 0.4 0.1)
(0.0875 0.4 0.1)
(0.1 0.4 0.1)
(0.1125 0.4 0.1)
(0.125 0.4 0.1)
(0.1375 0.4 0.1)
(0.15 0.4 0.1)
(0.1625 0.4 0.1)
(0.175 0.4 0.1)
(0.1875 0.4 0.1)
(0.2 0.4 0.1)
(0.2125 0.4 0.1)
(0.225 0.4 0.1)
(0.2375 0.4 0.1)
(0.25 0.4 0.1)
(0.2625 0.4 0.1)
(0.275 0.4 0.1)
(0.2875 0.4 0.1)
(0.3 0.4 0.1)
(0.3125 0.4 0.1)
(0.325 0.4 0.1)
(0.3375 0.4 0.1)
(0.35 0.4 0.1)
(0.3625 0.4 0.1)
(0.375 0.4 0.1)
(0.3875 0.4 0.1)
(0.4 0.4 0.1)
(0.4125 0.4 0.1)
(0.425 0.4 0.1)
(0.4375 0.4 0.1)
(0.45 0.4 0.1)
(0.4625 0.4 0.1)
(0.475 0.4 0.1)
(0.4875 0.4 0.1)
(0.5 0.4 0.1)
(0.5125 0.4 0.1)
(0.525 0.4 0.1)
(0.5375 0.4 0.1)
(0.55 0.4 0.1)
(0.5625 0.4 0.1)
(0.575 0.4 0.1)
(0.5875 0.4 0.1)
(0.6 0.4 0.1)
(0.6125 0.4 0.1)
(0.625 0.4 0.1)
(0.6375 0.4 0.1)
(0.65 0.4 0.1)
(0.6625 0.4 0.1)
(0.675 0.4 0.1)
(0.6875 0.4 0.1)
(0.7 0.4 0.1)
(0.7125 0.4 0.1)
(0.725 0.4 0.1)
(0.7375 0.4 0.1)
(0.75 0.4 0.1)
(0.7625 0.4 0.1)
(0.775 0.4 0.1)
(0.7875 0.4 0.1)
(0.8 0.4 0.1)
(0.8125 0.4 0.1)
(0.825 0.4 0.1)
(0.8375 0.4 0.1)
(0.85 0.4 0.1)
(0.8625 0.4 0.1)
(0.875 0.4 0.1)
(0.8875 0.4 0.1)
(0.9 0.4 0.1)
(0.9125 0.4 0.1)
(0.925 0.4 0.1)
(0.9375 0.4 0.1)
(0.95 0.4 0.1)
(0.9625 0.4 0.1)
(0.975 0.4 0.1)
(0.9875 0.4 0.1)
(1 0.4 0.1)
(0 0.4125 0.1)
(0.0125 0.4125 0.1)
(0.025 0.4125 0.1)
(0.0375 0.4125 0.1)
(0.05 0.4125 0.1)
(0.0625 0.4125 0.1)
(0.075 0.4125 0.1)
(0.0875 0.4125 0.1)
(0.1 0.4125 0.1)
(0.1125 0.4125 0.1)
(0.125 0.4125 0.1)
(0.1375 0.4125 0.1)
(0.15 0.4125 0.1)
(0.1625 0.4125 0.1)
(0.175 0.4125 0.1)
(0.1875 0.4125 0.1)
(0.2 0.4125 0.1)
(0.2125 0.4125 0.1)
(0.225 0.4125 0.1)
(0.2375 0.4125 0.1)
(0.25 0.4125 0.1)
(0.2625 0.4125 0.1)
(0.275 0.4125 0.1)
(0.2875 0.4125 0.1)
(0.3 0.4125 0.1)
(0.3125 0.4125 0.1)
(0.325 0.4125 0.1)
(0.3375 0.4125 0.1)
(0.35 0.4125 0.1)
(0.3625 0.4125 0.1)
(0.375 0.4125 0.1)
(0.3875 0.4125 0.1)
(0.4 0.4125 0.1)
(0.4125 0.4125 0.1)
(0.425 0.4125 0.1)
(0.4375 0.4125 0.1)
(0.45 0.4125 0.1)
(0.4625 0.4125 0.1)
(0.475 0.4125 0.1)
(0.4875 0.4125 0.1)
(0.5 0.4125 0.1)
(0.5125 0.4125 0.1)
(0.525 0.4125 0.1)
(0.5375 0.4125 0.1)
(0.55 0.4125 0.1)
(0.5625 0.4125 0.1)
(0.575 0.4125 0.1)
(0.5875 0.4125 0.1)
(0.6 0.4125 0.1)
(0.6125 0.4125 0.1)
(0.625 0.4125 0.1)
(0.6375 0.4125 0.1)
(0.65 0.4125 0.1)
(0.6625 0.4125 0.1)
(0.675 0.4125 0.1)
(0.6875 0.4125 0.1)
(0.7 0.4125 0.1)
(0.7125 0.4125 0.1)
(0.725 0.4125 0.1)
(0.7375 0.4125 0.1)
(0.75 0.4125 0.1)
(0.7625 0.4125 0.1)
(0.775 0.4125 0.1)
(0.7875 0.4125 0.1)
(0.8 0.4125 0.1)
(0.8125 0.4125 0.1)
(0.825 0.4125 0.1)
(0.8375 0.4125 0.1)
(0.85 0.4125 0.1)
(0.8625 0.4125 0.1)
(0.875 0.4125 0.1)
(0.8875 0.4125 0.1)
(0.9 0.4125 0.1)
(0.9125 0.4125 0.1)
(0.925 0.4125 0.1)
(0.9375 0.4125 0.1)
(0.95 0.4125 0.1)
(0.9625 0.4125 0.1)
(0.975 0.4125 0.1)
(0.9875 0.4125 0.1)
(1 0.4125 0.1)
(0 0.425 0.1)
(0.0125 0.425 0.1)
(0.025 0.425 0.1)
(0.0375 0.425 0.1)
(0.05 0.425 0.1)
(0.0625 0.425 0.1)
(0.075 0.425 0.1)
(0.0875 0.425 0.1)
(0.1 0.425 0.1)
(0.1125 0.425 0.1)
(0.125 0.425 0.1)
(0.1375 0.425 0.1)
(0.15 0.425 0.1)
(0.1625 0.425 0.1)
(0.175 0.425 0.1)
(0.1875 0.425 0.1)
(0.2 0.425 0.1)
(0.2125 0.425 0.1)
(0.225 0.425 0.1)
(0.2375 0.425 0.1)
(0.25 0.425 0.1)
(0.2625 0.425 0.1)
(0.275 0.425 0.1)
(0.2875 0.425 0.1)
(0.3 0.425 0.1)
(0.3125 0.425 0.1)
(0.325 0.425 0.1)
(0.3375 0.425 0.1)
(0.35 0.425 0.1)
(0.3625 0.425 0.1)
(0.375 0.425 0.1)
(0.3875 0.425 0.1)
(0.4 0.425 0.1)
(0.4125 0.425 0.1)
(0.425 0.425 0.1)
(0.4375 0.425 0.1)
(0.45 0.425 0.1)
(0.4625 0.425 0.1)
(0.475 0.425 0.1)
(0.4875 0.425 0.1)
(0.5 0.425 0.1)
(0.5125 0.425 0.1)
(0.525 0.425 0.1)
(0.5375 0.425 0.1)
(0.55 0.425 0.1)
(0.5625 0.425 0.1)
(0.575 0.425 0.1)
(0.5875 0.425 0.1)
(0.6 0.425 0.1)
(0.6125 0.425 0.1)
(0.625 0.425 0.1)
(0.6375 0.425 0.1)
(0.65 0.425 0.1)
(0.6625 0.425 0.1)
(0.675 0.425 0.1)
(0.6875 0.425 0.1)
(0.7 0.425 0.1)
(0.7125 0.425 0.1)
(0.725 0.425 0.1)
(0.7375 0.425 0.1)
(0.75 0.425 0.1)
(0.7625 0.425 0.1)
(0.775 0.425 0.1)
(0.7875 0.425 0.1)
(0.8 0.425 0.1)
(0.8125 0.425 0.1)
(0.825 0.425 0.1)
(0.8375 0.425 0.1)
(0.85 0.425 0.1)
(0.8625 0.425 0.1)
(0.875 0.425 0.1)
(0.8875 0.425 0.1)
(0.9 0.425 0.1)
(0.9125 0.425 0.1)
(0.925 0.425 0.1)
(0.9375 0.425 0.1)
(0.95 0.425 0.1)
(0.9625 0.425 0.1)
(0.975 0.425 0.1)
(0.9875 0.425 0.1)
(1 0.425 0.1)
(0 0.4375 0.1)
(0.0125 0.4375 0.1)
(0.025 0.4375 0.1)
(0.0375 0.4375 0.1)
(0.05 0.4375 0.1)
(0.0625 0.4375 0.1)
(0.075 0.4375 0.1)
(0.0875 0.4375 0.1)
(0.1 0.4375 0.1)
(0.1125 0.4375 0.1)
(0.125 0.4375 0.1)
(0.1375 0.4375 0.1)
(0.15 0.4375 0.1)
(0.1625 0.4375 0.1)
(0.175 0.4375 0.1)
(0.1875 0.4375 0.1)
(0.2 0.4375 0.1)
(0.2125 0.4375 0.1)
(0.225 0.4375 0.1)
(0.2375 0.4375 0.1)
(0.25 0.4375 0.1)
(0.2625 0.4375 0.1)
(0.275 0.4375 0.1)
(0.2875 0.4375 0.1)
(0.3 0.4375 0.1)
(0.3125 0.4375 0.1)
(0.325 0.4375 0.1)
(0.3375 0.4375 0.1)
(0.35 0.4375 0.1)
(0.3625 0.4375 0.1)
(0.375 0.4375 0.1)
(0.3875 0.4375 0.1)
(0.4 0.4375 0.1)
(0.4125 0.4375 0.1)
(0.425 0.4375 0.1)
(0.4375 0.4375 0.1)
(0.45 0.4375 0.1)
(0.4625 0.4375 0.1)
(0.475 0.4375 0.1)
(0.4875 0.4375 0.1)
(0.5 0.4375 0.1)
(0.5125 0.4375 0.1)
(0.525 0.4375 0.1)
(0.5375 0.4375 0.1)
(0.55 0.4375 0.1)
(0.5625 0.4375 0.1)
(0.575 0.4375 0.1)
(0.5875 0.4375 0.1)
(0.6 0.4375 0.1)
(0.6125 0.4375 0.1)
(0.625 0.4375 0.1)
(0.6375 0.4375 0.1)
(0.65 0.4375 0.1)
(0.6625 0.4375 0.1)
(0.675 0.4375 0.1)
(0.6875 0.4375 0.1)
(0.7 0.4375 0.1)
(0.7125 0.4375 0.1)
(0.725 0.4375 0.1)
(0.7375 0.4375 0.1)
(0.75 0.4375 0.1)
(0.7625 0.4375 0.1)
(0.775 0.4375 0.1)
(0.7875 0.4375 0.1)
(0.8 0.4375 0.1)
(0.8125 0.4375 0.1)
(0.825 0.4375 0.1)
(0.8375 0.4375 0.1)
(0.85 0.4375 0.1)
(0.8625 0.4375 0.1)
(0.875 0.4375 0.1)
(0.8875 0.4375 0.1)
(0.9 0.4375 0.1)
(0.9125 0.4375 0.1)
(0.925 0.4375 0.1)
(0.9375 0.4375 0.1)
(0.95 0.4375 0.1)
(0.9625 0.4375 0.1)
(0.975 0.4375 0.1)
(0.9875 0.4375 0.1)
(1 0.4375 0.1)
(0 0.45 0.1)
(0.0125 0.45 0.1)
(0.025 0.45 0.1)
(0.0375 0.45 0.1)
(0.05 0.45 0.1)
(0.0625 0.45 0.1)
(0.075 0.45 0.1)
(0.0875 0.45 0.1)
(0.1 0.45 0.1)
(0.1125 0.45 0.1)
(0.125 0.45 0.1)
(0.1375 0.45 0.1)
(0.15 0.45 0.1)
(0.1625 0.45 0.1)
(0.175 0.45 0.1)
(0.1875 0.45 0.1)
(0.2 0.45 0.1)
(0.2125 0.45 0.1)
(0.225 0.45 0.1)
(0.2375 0.45 0.1)
(0.25 0.45 0.1)
(0.2625 0.45 0.1)
(0.275 0.45 0.1)
(0.2875 0.45 0.1)
(0.3 0.45 0.1)
(0.3125 0.45 0.1)
(0.325 0.45 0.1)
(0.3375 0.45 0.1)
(0.35 0.45 0.1)
(0.3625 0.45 0.1)
(0.375 0.45 0.1)
(0.3875 0.45 0.1)
(0.4 0.45 0.1)
(0.4125 0.45 0.1)
(0.425 0.45 0.1)
(0.4375 0.45 0.1)
(0.45 0.45 0.1)
(0.4625 0.45 0.1)
(0.475 0.45 0.1)
(0.4875 0.45 0.1)
(0.5 0.45 0.1)
(0.5125 0.45 0.1)
(0.525 0.45 0.1)
(0.5375 0.45 0.1)
(0.55 0.45 0.1)
(0.5625 0.45 0.1)
(0.575 0.45 0.1)
(0.5875 0.45 0.1)
(0.6 0.45 0.1)
(0.6125 0.45 0.1)
(0.625 0.45 0.1)
(0.6375 0.45 0.1)
(0.65 0.45 0.1)
(0.6625 0.45 0.1)
(0.675 0.45 0.1)
(0.6875 0.45 0.1)
(0.7 0.45 0.1)
(0.7125 0.45 0.1)
(0.725 0.45 0.1)
(0.7375 0.45 0.1)
(0.75 0.45 0.1)
(0.7625 0.45 0.1)
(0.775 0.45 0.1)
(0.7875 0.45 0.1)
(0.8 0.45 0.1)
(0.8125 0.45 0.1)
(0.825 0.45 0.1)
(0.8375 0.45 0.1)
(0.85 0.45 0.1)
(0.8625 0.45 0.1)
(0.875 0.45 0.1)
(0.8875 0.45 0.1)
(0.9 0.45 0.1)
(0.9125 0.45 0.1)
(0.925 0.45 0.1)
(0.9375 0.45 0.1)
(0.95 0.45 0.1)
(0.9625 0.45 0.1)
(0.975 0.45 0.1)
(0.9875 0.45 0.1)
(1 0.45 0.1)
(0 0.4625 0.1)
(0.0125 0.4625 0.1)
(0.025 0.4625 0.1)
(0.0375 0.4625 0.1)
(0.05 0.4625 0.1)
(0.0625 0.4625 0.1)
(0.075 0.4625 0.1)
(0.0875 0.4625 0.1)
(0.1 0.4625 0.1)
(0.1125 0.4625 0.1)
(0.125 0.4625 0.1)
(0.1375 0.4625 0.1)
(0.15 0.4625 0.1)
(0.1625 0.4625 0.1)
(0.175 0.4625 0.1)
(0.1875 0.4625 0.1)
(0.2 0.4625 0.1)
(0.2125 0.4625 0.1)
(0.225 0.4625 0.1)
(0.2375 0.4625 0.1)
(0.25 0.4625 0.1)
(0.2625 0.4625 0.1)
(0.275 0.4625 0.1)
(0.2875 0.4625 0.1)
(0.3 0.4625 0.1)
(0.3125 0.4625 0.1)
(0.325 0.4625 0.1)
(0.3375 0.4625 0.1)
(0.35 0.4625 0.1)
(0.3625 0.4625 0.1)
(0.375 0.4625 0.1)
(0.3875 0.4625 0.1)
(0.4 0.4625 0.1)
(0.4125 0.4625 0.1)
(0.425 0.4625 0.1)
(0.4375 0.4625 0.1)
(0.45 0.4625 0.1)
(0.4625 0.4625 0.1)
(0.475 0.4625 0.1)
(0.4875 0.4625 0.1)
(0.5 0.4625 0.1)
(0.5125 0.4625 0.1)
(0.525 0.4625 0.1)
(0.5375 0.4625 0.1)
(0.55 0.4625 0.1)
(0.5625 0.4625 0.1)
(0.575 0.4625 0.1)
(0.5875 0.4625 0.1)
(0.6 0.4625 0.1)
(0.6125 0.4625 0.1)
(0.625 0.4625 0.1)
(0.6375 0.4625 0.1)
(0.65 0.4625 0.1)
(0.6625 0.4625 0.1)
(0.675 0.4625 0.1)
(0.6875 0.4625 0.1)
(0.7 0.4625 0.1)
(0.7125 0.4625 0.1)
(0.725 0.4625 0.1)
(0.7375 0.4625 0.1)
(0.75 0.4625 0.1)
(0.7625 0.4625 0.1)
(0.775 0.4625 0.1)
(0.7875 0.4625 0.1)
(0.8 0.4625 0.1)
(0.8125 0.4625 0.1)
(0.825 0.4625 0.1)
(0.8375 0.4625 0.1)
(0.85 0.4625 0.1)
(0.8625 0.4625 0.1)
(0.875 0.4625 0.1)
(0.8875 0.4625 0.1)
(0.9 0.4625 0.1)
(0.9125 0.4625 0.1)
(0.925 0.4625 0.1)
(0.9375 0.4625 0.1)
(0.95 0.4625 0.1)
(0.9625 0.4625 0.1)
(0.975 0.4625 0.1)
(0.9875 0.4625 0.1)
(1 0.4625 0.1)
(0 0.475 0.1)
(0.0125 0.475 0.1)
(0.025 0.475 0.1)
(0.0375 0.475 0.1)
(0.05 0.475 0.1)
(0.0625 0.475 0.1)
(0.075 0.475 0.1)
(0.0875 0.475 0.1)
(0.1 0.475 0.1)
(0.1125 0.475 0.1)
(0.125 0.475 0.1)
(0.1375 0.475 0.1)
(0.15 0.475 0.1)
(0.1625 0.475 0.1)
(0.175 0.475 0.1)
(0.1875 0.475 0.1)
(0.2 0.475 0.1)
(0.2125 0.475 0.1)
(0.225 0.475 0.1)
(0.2375 0.475 0.1)
(0.25 0.475 0.1)
(0.2625 0.475 0.1)
(0.275 0.475 0.1)
(0.2875 0.475 0.1)
(0.3 0.475 0.1)
(0.3125 0.475 0.1)
(0.325 0.475 0.1)
(0.3375 0.475 0.1)
(0.35 0.475 0.1)
(0.3625 0.475 0.1)
(0.375 0.475 0.1)
(0.3875 0.475 0.1)
(0.4 0.475 0.1)
(0.4125 0.475 0.1)
(0.425 0.475 0.1)
(0.4375 0.475 0.1)
(0.45 0.475 0.1)
(0.4625 0.475 0.1)
(0.475 0.475 0.1)
(0.4875 0.475 0.1)
(0.5 0.475 0.1)
(0.5125 0.475 0.1)
(0.525 0.475 0.1)
(0.5375 0.475 0.1)
(0.55 0.475 0.1)
(0.5625 0.475 0.1)
(0.575 0.475 0.1)
(0.5875 0.475 0.1)
(0.6 0.475 0.1)
(0.6125 0.475 0.1)
(0.625 0.475 0.1)
(0.6375 0.475 0.1)
(0.65 0.475 0.1)
(0.6625 0.475 0.1)
(0.675 0.475 0.1)
(0.6875 0.475 0.1)
(0.7 0.475 0.1)
(0.7125 0.475 0.1)
(0.725 0.475 0.1)
(0.7375 0.475 0.1)
(0.75 0.475 0.1)
(0.7625 0.475 0.1)
(0.775 0.475 0.1)
(0.7875 0.475 0.1)
(0.8 0.475 0.1)
(0.8125 0.475 0.1)
(0.825 0.475 0.1)
(0.8375 0.475 0.1)
(0.85 0.475 0.1)
(0.8625 0.475 0.1)
(0.875 0.475 0.1)
(0.8875 0.475 0.1)
(0.9 0.475 0.1)
(0.9125 0.475 0.1)
(0.925 0.475 0.1)
(0.9375 0.475 0.1)
(0.95 0.475 0.1)
(0.9625 0.475 0.1)
(0.975 0.475 0.1)
(0.9875 0.475 0.1)
(1 0.475 0.1)
(0 0.4875 0.1)
(0.0125 0.4875 0.1)
(0.025 0.4875 0.1)
(0.0375 0.4875 0.1)
(0.05 0.4875 0.1)
(0.0625 0.4875 0.1)
(0.075 0.4875 0.1)
(0.0875 0.4875 0.1)
(0.1 0.4875 0.1)
(0.1125 0.4875 0.1)
(0.125 0.4875 0.1)
(0.1375 0.4875 0.1)
(0.15 0.4875 0.1)
(0.1625 0.4875 0.1)
(0.175 0.4875 0.1)
(0.1875 0.4875 0.1)
(0.2 0.4875 0.1)
(0.2125 0.4875 0.1)
(0.225 0.4875 0.1)
(0.2375 0.4875 0.1)
(0.25 0.4875 0.1)
(0.2625 0.4875 0.1)
(0.275 0.4875 0.1)
(0.2875 0.4875 0.1)
(0.3 0.4875 0.1)
(0.3125 0.4875 0.1)
(0.325 0.4875 0.1)
(0.3375 0.4875 0.1)
(0.35 0.4875 0.1)
(0.3625 0.4875 0.1)
(0.375 0.4875 0.1)
(0.3875 0.4875 0.1)
(0.4 0.4875 0.1)
(0.4125 0.4875 0.1)
(0.425 0.4875 0.1)
(0.4375 0.4875 0.1)
(0.45 0.4875 0.1)
(0.4625 0.4875 0.1)
(0.475 0.4875 0.1)
(0.4875 0.4875 0.1)
(0.5 0.4875 0.1)
(0.5125 0.4875 0.1)
(0.525 0.4875 0.1)
(0.5375 0.4875 0.1)
(0.55 0.4875 0.1)
(0.5625 0.4875 0.1)
(0.575 0.4875 0.1)
(0.5875 0.4875 0.1)
(0.6 0.4875 0.1)
(0.6125 0.4875 0.1)
(0.625 0.4875 0.1)
(0.6375 0.4875 0.1)
(0.65 0.4875 0.1)
(0.6625 0.4875 0.1)
(0.675 0.4875 0.1)
(0.6875 0.4875 0.1)
(0.7 0.4875 0.1)
(0.7125 0.4875 0.1)
(0.725 0.4875 0.1)
(0.7375 0.4875 0.1)
(0.75 0.4875 0.1)
(0.7625 0.4875 0.1)
(0.775 0.4875 0.1)
(0.7875 0.4875 0.1)
(0.8 0.4875 0.1)
(0.8125 0.4875 0.1)
(0.825 0.4875 0.1)
(0.8375 0.4875 0.1)
(0.85 0.4875 0.1)
(0.8625 0.4875 0.1)
(0.875 0.4875 0.1)
(0.8875 0.4875 0.1)
(0.9 0.4875 0.1)
(0.9125 0.4875 0.1)
(0.925 0.4875 0.1)
(0.9375 0.4875 0.1)
(0.95 0.4875 0.1)
(0.9625 0.4875 0.1)
(0.975 0.4875 0.1)
(0.9875 0.4875 0.1)
(1 0.4875 0.1)
(0 0.5 0.1)
(0.0125 0.5 0.1)
(0.025 0.5 0.1)
(0.0375 0.5 0.1)
(0.05 0.5 0.1)
(0.0625 0.5 0.1)
(0.075 0.5 0.1)
(0.0875 0.5 0.1)
(0.1 0.5 0.1)
(0.1125 0.5 0.1)
(0.125 0.5 0.1)
(0.1375 0.5 0.1)
(0.15 0.5 0.1)
(0.1625 0.5 0.1)
(0.175 0.5 0.1)
(0.1875 0.5 0.1)
(0.2 0.5 0.1)
(0.2125 0.5 0.1)
(0.225 0.5 0.1)
(0.2375 0.5 0.1)
(0.25 0.5 0.1)
(0.2625 0.5 0.1)
(0.275 0.5 0.1)
(0.2875 0.5 0.1)
(0.3 0.5 0.1)
(0.3125 0.5 0.1)
(0.325 0.5 0.1)
(0.3375 0.5 0.1)
(0.35 0.5 0.1)
(0.3625 0.5 0.1)
(0.375 0.5 0.1)
(0.3875 0.5 0.1)
(0.4 0.5 0.1)
(0.4125 0.5 0.1)
(0.425 0.5 0.1)
(0.4375 0.5 0.1)
(0.45 0.5 0.1)
(0.4625 0.5 0.1)
(0.475 0.5 0.1)
(0.4875 0.5 0.1)
(0.5 0.5 0.1)
(0.5125 0.5 0.1)
(0.525 0.5 0.1)
(0.5375 0.5 0.1)
(0.55 0.5 0.1)
(0.5625 0.5 0.1)
(0.575 0.5 0.1)
(0.5875 0.5 0.1)
(0.6 0.5 0.1)
(0.6125 0.5 0.1)
(0.625 0.5 0.1)
(0.6375 0.5 0.1)
(0.65 0.5 0.1)
(0.6625 0.5 0.1)
(0.675 0.5 0.1)
(0.6875 0.5 0.1)
(0.7 0.5 0.1)
(0.7125 0.5 0.1)
(0.725 0.5 0.1)
(0.7375 0.5 0.1)
(0.75 0.5 0.1)
(0.7625 0.5 0.1)
(0.775 0.5 0.1)
(0.7875 0.5 0.1)
(0.8 0.5 0.1)
(0.8125 0.5 0.1)
(0.825 0.5 0.1)
(0.8375 0.5 0.1)
(0.85 0.5 0.1)
(0.8625 0.5 0.1)
(0.875 0.5 0.1)
(0.8875 0.5 0.1)
(0.9 0.5 0.1)
(0.9125 0.5 0.1)
(0.925 0.5 0.1)
(0.9375 0.5 0.1)
(0.95 0.5 0.1)
(0.9625 0.5 0.1)
(0.975 0.5 0.1)
(0.9875 0.5 0.1)
(1 0.5 0.1)
(0 0.5125 0.1)
(0.0125 0.5125 0.1)
(0.025 0.5125 0.1)
(0.0375 0.5125 0.1)
(0.05 0.5125 0.1)
(0.0625 0.5125 0.1)
(0.075 0.5125 0.1)
(0.0875 0.5125 0.1)
(0.1 0.5125 0.1)
(0.1125 0.5125 0.1)
(0.125 0.5125 0.1)
(0.1375 0.5125 0.1)
(0.15 0.5125 0.1)
(0.1625 0.5125 0.1)
(0.175 0.5125 0.1)
(0.1875 0.5125 0.1)
(0.2 0.5125 0.1)
(0.2125 0.5125 0.1)
(0.225 0.5125 0.1)
(0.2375 0.5125 0.1)
(0.25 0.5125 0.1)
(0.2625 0.5125 0.1)
(0.275 0.5125 0.1)
(0.2875 0.5125 0.1)
(0.3 0.5125 0.1)
(0.3125 0.5125 0.1)
(0.325 0.5125 0.1)
(0.3375 0.5125 0.1)
(0.35 0.5125 0.1)
(0.3625 0.5125 0.1)
(0.375 0.5125 0.1)
(0.3875 0.5125 0.1)
(0.4 0.5125 0.1)
(0.4125 0.5125 0.1)
(0.425 0.5125 0.1)
(0.4375 0.5125 0.1)
(0.45 0.5125 0.1)
(0.4625 0.5125 0.1)
(0.475 0.5125 0.1)
(0.4875 0.5125 0.1)
(0.5 0.5125 0.1)
(0.5125 0.5125 0.1)
(0.525 0.5125 0.1)
(0.5375 0.5125 0.1)
(0.55 0.5125 0.1)
(0.5625 0.5125 0.1)
(0.575 0.5125 0.1)
(0.5875 0.5125 0.1)
(0.6 0.5125 0.1)
(0.6125 0.5125 0.1)
(0.625 0.5125 0.1)
(0.6375 0.5125 0.1)
(0.65 0.5125 0.1)
(0.6625 0.5125 0.1)
(0.675 0.5125 0.1)
(0.6875 0.5125 0.1)
(0.7 0.5125 0.1)
(0.7125 0.5125 0.1)
(0.725 0.5125 0.1)
(0.7375 0.5125 0.1)
(0.75 0.5125 0.1)
(0.7625 0.5125 0.1)
(0.775 0.5125 0.1)
(0.7875 0.5125 0.1)
(0.8 0.5125 0.1)
(0.8125 0.5125 0.1)
(0.825 0.5125 0.1)
(0.8375 0.5125 0.1)
(0.85 0.5125 0.1)
(0.8625 0.5125 0.1)
(0.875 0.5125 0.1)
(0.8875 0.5125 0.1)
(0.9 0.5125 0.1)
(0.9125 0.5125 0.1)
(0.925 0.5125 0.1)
(0.9375 0.5125 0.1)
(0.95 0.5125 0.1)
(0.9625 0.5125 0.1)
(0.975 0.5125 0.1)
(0.9875 0.5125 0.1)
(1 0.5125 0.1)
(0 0.525 0.1)
(0.0125 0.525 0.1)
(0.025 0.525 0.1)
(0.0375 0.525 0.1)
(0.05 0.525 0.1)
(0.0625 0.525 0.1)
(0.075 0.525 0.1)
(0.0875 0.525 0.1)
(0.1 0.525 0.1)
(0.1125 0.525 0.1)
(0.125 0.525 0.1)
(0.1375 0.525 0.1)
(0.15 0.525 0.1)
(0.1625 0.525 0.1)
(0.175 0.525 0.1)
(0.1875 0.525 0.1)
(0.2 0.525 0.1)
(0.2125 0.525 0.1)
(0.225 0.525 0.1)
(0.2375 0.525 0.1)
(0.25 0.525 0.1)
(0.2625 0.525 0.1)
(0.275 0.525 0.1)
(0.2875 0.525 0.1)
(0.3 0.525 0.1)
(0.3125 0.525 0.1)
(0.325 0.525 0.1)
(0.3375 0.525 0.1)
(0.35 0.525 0.1)
(0.3625 0.525 0.1)
(0.375 0.525 0.1)
(0.3875 0.525 0.1)
(0.4 0.525 0.1)
(0.4125 0.525 0.1)
(0.425 0.525 0.1)
(0.4375 0.525 0.1)
(0.45 0.525 0.1)
(0.4625 0.525 0.1)
(0.475 0.525 0.1)
(0.4875 0.525 0.1)
(0.5 0.525 0.1)
(0.5125 0.525 0.1)
(0.525 0.525 0.1)
(0.5375 0.525 0.1)
(0.55 0.525 0.1)
(0.5625 0.525 0.1)
(0.575 0.525 0.1)
(0.5875 0.525 0.1)
(0.6 0.525 0.1)
(0.6125 0.525 0.1)
(0.625 0.525 0.1)
(0.6375 0.525 0.1)
(0.65 0.525 0.1)
(0.6625 0.525 0.1)
(0.675 0.525 0.1)
(0.6875 0.525 0.1)
(0.7 0.525 0.1)
(0.7125 0.525 0.1)
(0.725 0.525 0.1)
(0.7375 0.525 0.1)
(0.75 0.525 0.1)
(0.7625 0.525 0.1)
(0.775 0.525 0.1)
(0.7875 0.525 0.1)
(0.8 0.525 0.1)
(0.8125 0.525 0.1)
(0.825 0.525 0.1)
(0.8375 0.525 0.1)
(0.85 0.525 0.1)
(0.8625 0.525 0.1)
(0.875 0.525 0.1)
(0.8875 0.525 0.1)
(0.9 0.525 0.1)
(0.9125 0.525 0.1)
(0.925 0.525 0.1)
(0.9375 0.525 0.1)
(0.95 0.525 0.1)
(0.9625 0.525 0.1)
(0.975 0.525 0.1)
(0.9875 0.525 0.1)
(1 0.525 0.1)
(0 0.5375 0.1)
(0.0125 0.5375 0.1)
(0.025 0.5375 0.1)
(0.0375 0.5375 0.1)
(0.05 0.5375 0.1)
(0.0625 0.5375 0.1)
(0.075 0.5375 0.1)
(0.0875 0.5375 0.1)
(0.1 0.5375 0.1)
(0.1125 0.5375 0.1)
(0.125 0.5375 0.1)
(0.1375 0.5375 0.1)
(0.15 0.5375 0.1)
(0.1625 0.5375 0.1)
(0.175 0.5375 0.1)
(0.1875 0.5375 0.1)
(0.2 0.5375 0.1)
(0.2125 0.5375 0.1)
(0.225 0.5375 0.1)
(0.2375 0.5375 0.1)
(0.25 0.5375 0.1)
(0.2625 0.5375 0.1)
(0.275 0.5375 0.1)
(0.2875 0.5375 0.1)
(0.3 0.5375 0.1)
(0.3125 0.5375 0.1)
(0.325 0.5375 0.1)
(0.3375 0.5375 0.1)
(0.35 0.5375 0.1)
(0.3625 0.5375 0.1)
(0.375 0.5375 0.1)
(0.3875 0.5375 0.1)
(0.4 0.5375 0.1)
(0.4125 0.5375 0.1)
(0.425 0.5375 0.1)
(0.4375 0.5375 0.1)
(0.45 0.5375 0.1)
(0.4625 0.5375 0.1)
(0.475 0.5375 0.1)
(0.4875 0.5375 0.1)
(0.5 0.5375 0.1)
(0.5125 0.5375 0.1)
(0.525 0.5375 0.1)
(0.5375 0.5375 0.1)
(0.55 0.5375 0.1)
(0.5625 0.5375 0.1)
(0.575 0.5375 0.1)
(0.5875 0.5375 0.1)
(0.6 0.5375 0.1)
(0.6125 0.5375 0.1)
(0.625 0.5375 0.1)
(0.6375 0.5375 0.1)
(0.65 0.5375 0.1)
(0.6625 0.5375 0.1)
(0.675 0.5375 0.1)
(0.6875 0.5375 0.1)
(0.7 0.5375 0.1)
(0.7125 0.5375 0.1)
(0.725 0.5375 0.1)
(0.7375 0.5375 0.1)
(0.75 0.5375 0.1)
(0.7625 0.5375 0.1)
(0.775 0.5375 0.1)
(0.7875 0.5375 0.1)
(0.8 0.5375 0.1)
(0.8125 0.5375 0.1)
(0.825 0.5375 0.1)
(0.8375 0.5375 0.1)
(0.85 0.5375 0.1)
(0.8625 0.5375 0.1)
(0.875 0.5375 0.1)
(0.8875 0.5375 0.1)
(0.9 0.5375 0.1)
(0.9125 0.5375 0.1)
(0.925 0.5375 0.1)
(0.9375 0.5375 0.1)
(0.95 0.5375 0.1)
(0.9625 0.5375 0.1)
(0.975 0.5375 0.1)
(0.9875 0.5375 0.1)
(1 0.5375 0.1)
(0 0.55 0.1)
(0.0125 0.55 0.1)
(0.025 0.55 0.1)
(0.0375 0.55 0.1)
(0.05 0.55 0.1)
(0.0625 0.55 0.1)
(0.075 0.55 0.1)
(0.0875 0.55 0.1)
(0.1 0.55 0.1)
(0.1125 0.55 0.1)
(0.125 0.55 0.1)
(0.1375 0.55 0.1)
(0.15 0.55 0.1)
(0.1625 0.55 0.1)
(0.175 0.55 0.1)
(0.1875 0.55 0.1)
(0.2 0.55 0.1)
(0.2125 0.55 0.1)
(0.225 0.55 0.1)
(0.2375 0.55 0.1)
(0.25 0.55 0.1)
(0.2625 0.55 0.1)
(0.275 0.55 0.1)
(0.2875 0.55 0.1)
(0.3 0.55 0.1)
(0.3125 0.55 0.1)
(0.325 0.55 0.1)
(0.3375 0.55 0.1)
(0.35 0.55 0.1)
(0.3625 0.55 0.1)
(0.375 0.55 0.1)
(0.3875 0.55 0.1)
(0.4 0.55 0.1)
(0.4125 0.55 0.1)
(0.425 0.55 0.1)
(0.4375 0.55 0.1)
(0.45 0.55 0.1)
(0.4625 0.55 0.1)
(0.475 0.55 0.1)
(0.4875 0.55 0.1)
(0.5 0.55 0.1)
(0.5125 0.55 0.1)
(0.525 0.55 0.1)
(0.5375 0.55 0.1)
(0.55 0.55 0.1)
(0.5625 0.55 0.1)
(0.575 0.55 0.1)
(0.5875 0.55 0.1)
(0.6 0.55 0.1)
(0.6125 0.55 0.1)
(0.625 0.55 0.1)
(0.6375 0.55 0.1)
(0.65 0.55 0.1)
(0.6625 0.55 0.1)
(0.675 0.55 0.1)
(0.6875 0.55 0.1)
(0.7 0.55 0.1)
(0.7125 0.55 0.1)
(0.725 0.55 0.1)
(0.7375 0.55 0.1)
(0.75 0.55 0.1)
(0.7625 0.55 0.1)
(0.775 0.55 0.1)
(0.7875 0.55 0.1)
(0.8 0.55 0.1)
(0.8125 0.55 0.1)
(0.825 0.55 0.1)
(0.8375 0.55 0.1)
(0.85 0.55 0.1)
(0.8625 0.55 0.1)
(0.875 0.55 0.1)
(0.8875 0.55 0.1)
(0.9 0.55 0.1)
(0.9125 0.55 0.1)
(0.925 0.55 0.1)
(0.9375 0.55 0.1)
(0.95 0.55 0.1)
(0.9625 0.55 0.1)
(0.975 0.55 0.1)
(0.9875 0.55 0.1)
(1 0.55 0.1)
(0 0.5625 0.1)
(0.0125 0.5625 0.1)
(0.025 0.5625 0.1)
(0.0375 0.5625 0.1)
(0.05 0.5625 0.1)
(0.0625 0.5625 0.1)
(0.075 0.5625 0.1)
(0.0875 0.5625 0.1)
(0.1 0.5625 0.1)
(0.1125 0.5625 0.1)
(0.125 0.5625 0.1)
(0.1375 0.5625 0.1)
(0.15 0.5625 0.1)
(0.1625 0.5625 0.1)
(0.175 0.5625 0.1)
(0.1875 0.5625 0.1)
(0.2 0.5625 0.1)
(0.2125 0.5625 0.1)
(0.225 0.5625 0.1)
(0.2375 0.5625 0.1)
(0.25 0.5625 0.1)
(0.2625 0.5625 0.1)
(0.275 0.5625 0.1)
(0.2875 0.5625 0.1)
(0.3 0.5625 0.1)
(0.3125 0.5625 0.1)
(0.325 0.5625 0.1)
(0.3375 0.5625 0.1)
(0.35 0.5625 0.1)
(0.3625 0.5625 0.1)
(0.375 0.5625 0.1)
(0.3875 0.5625 0.1)
(0.4 0.5625 0.1)
(0.4125 0.5625 0.1)
(0.425 0.5625 0.1)
(0.4375 0.5625 0.1)
(0.45 0.5625 0.1)
(0.4625 0.5625 0.1)
(0.475 0.5625 0.1)
(0.4875 0.5625 0.1)
(0.5 0.5625 0.1)
(0.5125 0.5625 0.1)
(0.525 0.5625 0.1)
(0.5375 0.5625 0.1)
(0.55 0.5625 0.1)
(0.5625 0.5625 0.1)
(0.575 0.5625 0.1)
(0.5875 0.5625 0.1)
(0.6 0.5625 0.1)
(0.6125 0.5625 0.1)
(0.625 0.5625 0.1)
(0.6375 0.5625 0.1)
(0.65 0.5625 0.1)
(0.6625 0.5625 0.1)
(0.675 0.5625 0.1)
(0.6875 0.5625 0.1)
(0.7 0.5625 0.1)
(0.7125 0.5625 0.1)
(0.725 0.5625 0.1)
(0.7375 0.5625 0.1)
(0.75 0.5625 0.1)
(0.7625 0.5625 0.1)
(0.775 0.5625 0.1)
(0.7875 0.5625 0.1)
(0.8 0.5625 0.1)
(0.8125 0.5625 0.1)
(0.825 0.5625 0.1)
(0.8375 0.5625 0.1)
(0.85 0.5625 0.1)
(0.8625 0.5625 0.1)
(0.875 0.5625 0.1)
(0.8875 0.5625 0.1)
(0.9 0.5625 0.1)
(0.9125 0.5625 0.1)
(0.925 0.5625 0.1)
(0.9375 0.5625 0.1)
(0.95 0.5625 0.1)
(0.9625 0.5625 0.1)
(0.975 0.5625 0.1)
(0.9875 0.5625 0.1)
(1 0.5625 0.1)
(0 0.575 0.1)
(0.0125 0.575 0.1)
(0.025 0.575 0.1)
(0.0375 0.575 0.1)
(0.05 0.575 0.1)
(0.0625 0.575 0.1)
(0.075 0.575 0.1)
(0.0875 0.575 0.1)
(0.1 0.575 0.1)
(0.1125 0.575 0.1)
(0.125 0.575 0.1)
(0.1375 0.575 0.1)
(0.15 0.575 0.1)
(0.1625 0.575 0.1)
(0.175 0.575 0.1)
(0.1875 0.575 0.1)
(0.2 0.575 0.1)
(0.2125 0.575 0.1)
(0.225 0.575 0.1)
(0.2375 0.575 0.1)
(0.25 0.575 0.1)
(0.2625 0.575 0.1)
(0.275 0.575 0.1)
(0.2875 0.575 0.1)
(0.3 0.575 0.1)
(0.3125 0.575 0.1)
(0.325 0.575 0.1)
(0.3375 0.575 0.1)
(0.35 0.575 0.1)
(0.3625 0.575 0.1)
(0.375 0.575 0.1)
(0.3875 0.575 0.1)
(0.4 0.575 0.1)
(0.4125 0.575 0.1)
(0.425 0.575 0.1)
(0.4375 0.575 0.1)
(0.45 0.575 0.1)
(0.4625 0.575 0.1)
(0.475 0.575 0.1)
(0.4875 0.575 0.1)
(0.5 0.575 0.1)
(0.5125 0.575 0.1)
(0.525 0.575 0.1)
(0.5375 0.575 0.1)
(0.55 0.575 0.1)
(0.5625 0.575 0.1)
(0.575 0.575 0.1)
(0.5875 0.575 0.1)
(0.6 0.575 0.1)
(0.6125 0.575 0.1)
(0.625 0.575 0.1)
(0.6375 0.575 0.1)
(0.65 0.575 0.1)
(0.6625 0.575 0.1)
(0.675 0.575 0.1)
(0.6875 0.575 0.1)
(0.7 0.575 0.1)
(0.7125 0.575 0.1)
(0.725 0.575 0.1)
(0.7375 0.575 0.1)
(0.75 0.575 0.1)
(0.7625 0.575 0.1)
(0.775 0.575 0.1)
(0.7875 0.575 0.1)
(0.8 0.575 0.1)
(0.8125 0.575 0.1)
(0.825 0.575 0.1)
(0.8375 0.575 0.1)
(0.85 0.575 0.1)
(0.8625 0.575 0.1)
(0.875 0.575 0.1)
(0.8875 0.575 0.1)
(0.9 0.575 0.1)
(0.9125 0.575 0.1)
(0.925 0.575 0.1)
(0.9375 0.575 0.1)
(0.95 0.575 0.1)
(0.9625 0.575 0.1)
(0.975 0.575 0.1)
(0.9875 0.575 0.1)
(1 0.575 0.1)
(0 0.5875 0.1)
(0.0125 0.5875 0.1)
(0.025 0.5875 0.1)
(0.0375 0.5875 0.1)
(0.05 0.5875 0.1)
(0.0625 0.5875 0.1)
(0.075 0.5875 0.1)
(0.0875 0.5875 0.1)
(0.1 0.5875 0.1)
(0.1125 0.5875 0.1)
(0.125 0.5875 0.1)
(0.1375 0.5875 0.1)
(0.15 0.5875 0.1)
(0.1625 0.5875 0.1)
(0.175 0.5875 0.1)
(0.1875 0.5875 0.1)
(0.2 0.5875 0.1)
(0.2125 0.5875 0.1)
(0.225 0.5875 0.1)
(0.2375 0.5875 0.1)
(0.25 0.5875 0.1)
(0.2625 0.5875 0.1)
(0.275 0.5875 0.1)
(0.2875 0.5875 0.1)
(0.3 0.5875 0.1)
(0.3125 0.5875 0.1)
(0.325 0.5875 0.1)
(0.3375 0.5875 0.1)
(0.35 0.5875 0.1)
(0.3625 0.5875 0.1)
(0.375 0.5875 0.1)
(0.3875 0.5875 0.1)
(0.4 0.5875 0.1)
(0.4125 0.5875 0.1)
(0.425 0.5875 0.1)
(0.4375 0.5875 0.1)
(0.45 0.5875 0.1)
(0.4625 0.5875 0.1)
(0.475 0.5875 0.1)
(0.4875 0.5875 0.1)
(0.5 0.5875 0.1)
(0.5125 0.5875 0.1)
(0.525 0.5875 0.1)
(0.5375 0.5875 0.1)
(0.55 0.5875 0.1)
(0.5625 0.5875 0.1)
(0.575 0.5875 0.1)
(0.5875 0.5875 0.1)
(0.6 0.5875 0.1)
(0.6125 0.5875 0.1)
(0.625 0.5875 0.1)
(0.6375 0.5875 0.1)
(0.65 0.5875 0.1)
(0.6625 0.5875 0.1)
(0.675 0.5875 0.1)
(0.6875 0.5875 0.1)
(0.7 0.5875 0.1)
(0.7125 0.5875 0.1)
(0.725 0.5875 0.1)
(0.7375 0.5875 0.1)
(0.75 0.5875 0.1)
(0.7625 0.5875 0.1)
(0.775 0.5875 0.1)
(0.7875 0.5875 0.1)
(0.8 0.5875 0.1)
(0.8125 0.5875 0.1)
(0.825 0.5875 0.1)
(0.8375 0.5875 0.1)
(0.85 0.5875 0.1)
(0.8625 0.5875 0.1)
(0.875 0.5875 0.1)
(0.8875 0.5875 0.1)
(0.9 0.5875 0.1)
(0.9125 0.5875 0.1)
(0.925 0.5875 0.1)
(0.9375 0.5875 0.1)
(0.95 0.5875 0.1)
(0.9625 0.5875 0.1)
(0.975 0.5875 0.1)
(0.9875 0.5875 0.1)
(1 0.5875 0.1)
(0 0.6 0.1)
(0.0125 0.6 0.1)
(0.025 0.6 0.1)
(0.0375 0.6 0.1)
(0.05 0.6 0.1)
(0.0625 0.6 0.1)
(0.075 0.6 0.1)
(0.0875 0.6 0.1)
(0.1 0.6 0.1)
(0.1125 0.6 0.1)
(0.125 0.6 0.1)
(0.1375 0.6 0.1)
(0.15 0.6 0.1)
(0.1625 0.6 0.1)
(0.175 0.6 0.1)
(0.1875 0.6 0.1)
(0.2 0.6 0.1)
(0.2125 0.6 0.1)
(0.225 0.6 0.1)
(0.2375 0.6 0.1)
(0.25 0.6 0.1)
(0.2625 0.6 0.1)
(0.275 0.6 0.1)
(0.2875 0.6 0.1)
(0.3 0.6 0.1)
(0.3125 0.6 0.1)
(0.325 0.6 0.1)
(0.3375 0.6 0.1)
(0.35 0.6 0.1)
(0.3625 0.6 0.1)
(0.375 0.6 0.1)
(0.3875 0.6 0.1)
(0.4 0.6 0.1)
(0.4125 0.6 0.1)
(0.425 0.6 0.1)
(0.4375 0.6 0.1)
(0.45 0.6 0.1)
(0.4625 0.6 0.1)
(0.475 0.6 0.1)
(0.4875 0.6 0.1)
(0.5 0.6 0.1)
(0.5125 0.6 0.1)
(0.525 0.6 0.1)
(0.5375 0.6 0.1)
(0.55 0.6 0.1)
(0.5625 0.6 0.1)
(0.575 0.6 0.1)
(0.5875 0.6 0.1)
(0.6 0.6 0.1)
(0.6125 0.6 0.1)
(0.625 0.6 0.1)
(0.6375 0.6 0.1)
(0.65 0.6 0.1)
(0.6625 0.6 0.1)
(0.675 0.6 0.1)
(0.6875 0.6 0.1)
(0.7 0.6 0.1)
(0.7125 0.6 0.1)
(0.725 0.6 0.1)
(0.7375 0.6 0.1)
(0.75 0.6 0.1)
(0.7625 0.6 0.1)
(0.775 0.6 0.1)
(0.7875 0.6 0.1)
(0.8 0.6 0.1)
(0.8125 0.6 0.1)
(0.825 0.6 0.1)
(0.8375 0.6 0.1)
(0.85 0.6 0.1)
(0.8625 0.6 0.1)
(0.875 0.6 0.1)
(0.8875 0.6 0.1)
(0.9 0.6 0.1)
(0.9125 0.6 0.1)
(0.925 0.6 0.1)
(0.9375 0.6 0.1)
(0.95 0.6 0.1)
(0.9625 0.6 0.1)
(0.975 0.6 0.1)
(0.9875 0.6 0.1)
(1 0.6 0.1)
(0 0.6125 0.1)
(0.0125 0.6125 0.1)
(0.025 0.6125 0.1)
(0.0375 0.6125 0.1)
(0.05 0.6125 0.1)
(0.0625 0.6125 0.1)
(0.075 0.6125 0.1)
(0.0875 0.6125 0.1)
(0.1 0.6125 0.1)
(0.1125 0.6125 0.1)
(0.125 0.6125 0.1)
(0.1375 0.6125 0.1)
(0.15 0.6125 0.1)
(0.1625 0.6125 0.1)
(0.175 0.6125 0.1)
(0.1875 0.6125 0.1)
(0.2 0.6125 0.1)
(0.2125 0.6125 0.1)
(0.225 0.6125 0.1)
(0.2375 0.6125 0.1)
(0.25 0.6125 0.1)
(0.2625 0.6125 0.1)
(0.275 0.6125 0.1)
(0.2875 0.6125 0.1)
(0.3 0.6125 0.1)
(0.3125 0.6125 0.1)
(0.325 0.6125 0.1)
(0.3375 0.6125 0.1)
(0.35 0.6125 0.1)
(0.3625 0.6125 0.1)
(0.375 0.6125 0.1)
(0.3875 0.6125 0.1)
(0.4 0.6125 0.1)
(0.4125 0.6125 0.1)
(0.425 0.6125 0.1)
(0.4375 0.6125 0.1)
(0.45 0.6125 0.1)
(0.4625 0.6125 0.1)
(0.475 0.6125 0.1)
(0.4875 0.6125 0.1)
(0.5 0.6125 0.1)
(0.5125 0.6125 0.1)
(0.525 0.6125 0.1)
(0.5375 0.6125 0.1)
(0.55 0.6125 0.1)
(0.5625 0.6125 0.1)
(0.575 0.6125 0.1)
(0.5875 0.6125 0.1)
(0.6 0.6125 0.1)
(0.6125 0.6125 0.1)
(0.625 0.6125 0.1)
(0.6375 0.6125 0.1)
(0.65 0.6125 0.1)
(0.6625 0.6125 0.1)
(0.675 0.6125 0.1)
(0.6875 0.6125 0.1)
(0.7 0.6125 0.1)
(0.7125 0.6125 0.1)
(0.725 0.6125 0.1)
(0.7375 0.6125 0.1)
(0.75 0.6125 0.1)
(0.7625 0.6125 0.1)
(0.775 0.6125 0.1)
(0.7875 0.6125 0.1)
(0.8 0.6125 0.1)
(0.8125 0.6125 0.1)
(0.825 0.6125 0.1)
(0.8375 0.6125 0.1)
(0.85 0.6125 0.1)
(0.8625 0.6125 0.1)
(0.875 0.6125 0.1)
(0.8875 0.6125 0.1)
(0.9 0.6125 0.1)
(0.9125 0.6125 0.1)
(0.925 0.6125 0.1)
(0.9375 0.6125 0.1)
(0.95 0.6125 0.1)
(0.9625 0.6125 0.1)
(0.975 0.6125 0.1)
(0.9875 0.6125 0.1)
(1 0.6125 0.1)
(0 0.625 0.1)
(0.0125 0.625 0.1)
(0.025 0.625 0.1)
(0.0375 0.625 0.1)
(0.05 0.625 0.1)
(0.0625 0.625 0.1)
(0.075 0.625 0.1)
(0.0875 0.625 0.1)
(0.1 0.625 0.1)
(0.1125 0.625 0.1)
(0.125 0.625 0.1)
(0.1375 0.625 0.1)
(0.15 0.625 0.1)
(0.1625 0.625 0.1)
(0.175 0.625 0.1)
(0.1875 0.625 0.1)
(0.2 0.625 0.1)
(0.2125 0.625 0.1)
(0.225 0.625 0.1)
(0.2375 0.625 0.1)
(0.25 0.625 0.1)
(0.2625 0.625 0.1)
(0.275 0.625 0.1)
(0.2875 0.625 0.1)
(0.3 0.625 0.1)
(0.3125 0.625 0.1)
(0.325 0.625 0.1)
(0.3375 0.625 0.1)
(0.35 0.625 0.1)
(0.3625 0.625 0.1)
(0.375 0.625 0.1)
(0.3875 0.625 0.1)
(0.4 0.625 0.1)
(0.4125 0.625 0.1)
(0.425 0.625 0.1)
(0.4375 0.625 0.1)
(0.45 0.625 0.1)
(0.4625 0.625 0.1)
(0.475 0.625 0.1)
(0.4875 0.625 0.1)
(0.5 0.625 0.1)
(0.5125 0.625 0.1)
(0.525 0.625 0.1)
(0.5375 0.625 0.1)
(0.55 0.625 0.1)
(0.5625 0.625 0.1)
(0.575 0.625 0.1)
(0.5875 0.625 0.1)
(0.6 0.625 0.1)
(0.6125 0.625 0.1)
(0.625 0.625 0.1)
(0.6375 0.625 0.1)
(0.65 0.625 0.1)
(0.6625 0.625 0.1)
(0.675 0.625 0.1)
(0.6875 0.625 0.1)
(0.7 0.625 0.1)
(0.7125 0.625 0.1)
(0.725 0.625 0.1)
(0.7375 0.625 0.1)
(0.75 0.625 0.1)
(0.7625 0.625 0.1)
(0.775 0.625 0.1)
(0.7875 0.625 0.1)
(0.8 0.625 0.1)
(0.8125 0.625 0.1)
(0.825 0.625 0.1)
(0.8375 0.625 0.1)
(0.85 0.625 0.1)
(0.8625 0.625 0.1)
(0.875 0.625 0.1)
(0.8875 0.625 0.1)
(0.9 0.625 0.1)
(0.9125 0.625 0.1)
(0.925 0.625 0.1)
(0.9375 0.625 0.1)
(0.95 0.625 0.1)
(0.9625 0.625 0.1)
(0.975 0.625 0.1)
(0.9875 0.625 0.1)
(1 0.625 0.1)
(0 0.6375 0.1)
(0.0125 0.6375 0.1)
(0.025 0.6375 0.1)
(0.0375 0.6375 0.1)
(0.05 0.6375 0.1)
(0.0625 0.6375 0.1)
(0.075 0.6375 0.1)
(0.0875 0.6375 0.1)
(0.1 0.6375 0.1)
(0.1125 0.6375 0.1)
(0.125 0.6375 0.1)
(0.1375 0.6375 0.1)
(0.15 0.6375 0.1)
(0.1625 0.6375 0.1)
(0.175 0.6375 0.1)
(0.1875 0.6375 0.1)
(0.2 0.6375 0.1)
(0.2125 0.6375 0.1)
(0.225 0.6375 0.1)
(0.2375 0.6375 0.1)
(0.25 0.6375 0.1)
(0.2625 0.6375 0.1)
(0.275 0.6375 0.1)
(0.2875 0.6375 0.1)
(0.3 0.6375 0.1)
(0.3125 0.6375 0.1)
(0.325 0.6375 0.1)
(0.3375 0.6375 0.1)
(0.35 0.6375 0.1)
(0.3625 0.6375 0.1)
(0.375 0.6375 0.1)
(0.3875 0.6375 0.1)
(0.4 0.6375 0.1)
(0.4125 0.6375 0.1)
(0.425 0.6375 0.1)
(0.4375 0.6375 0.1)
(0.45 0.6375 0.1)
(0.4625 0.6375 0.1)
(0.475 0.6375 0.1)
(0.4875 0.6375 0.1)
(0.5 0.6375 0.1)
(0.5125 0.6375 0.1)
(0.525 0.6375 0.1)
(0.5375 0.6375 0.1)
(0.55 0.6375 0.1)
(0.5625 0.6375 0.1)
(0.575 0.6375 0.1)
(0.5875 0.6375 0.1)
(0.6 0.6375 0.1)
(0.6125 0.6375 0.1)
(0.625 0.6375 0.1)
(0.6375 0.6375 0.1)
(0.65 0.6375 0.1)
(0.6625 0.6375 0.1)
(0.675 0.6375 0.1)
(0.6875 0.6375 0.1)
(0.7 0.6375 0.1)
(0.7125 0.6375 0.1)
(0.725 0.6375 0.1)
(0.7375 0.6375 0.1)
(0.75 0.6375 0.1)
(0.7625 0.6375 0.1)
(0.775 0.6375 0.1)
(0.7875 0.6375 0.1)
(0.8 0.6375 0.1)
(0.8125 0.6375 0.1)
(0.825 0.6375 0.1)
(0.8375 0.6375 0.1)
(0.85 0.6375 0.1)
(0.8625 0.6375 0.1)
(0.875 0.6375 0.1)
(0.8875 0.6375 0.1)
(0.9 0.6375 0.1)
(0.9125 0.6375 0.1)
(0.925 0.6375 0.1)
(0.9375 0.6375 0.1)
(0.95 0.6375 0.1)
(0.9625 0.6375 0.1)
(0.975 0.6375 0.1)
(0.9875 0.6375 0.1)
(1 0.6375 0.1)
(0 0.65 0.1)
(0.0125 0.65 0.1)
(0.025 0.65 0.1)
(0.0375 0.65 0.1)
(0.05 0.65 0.1)
(0.0625 0.65 0.1)
(0.075 0.65 0.1)
(0.0875 0.65 0.1)
(0.1 0.65 0.1)
(0.1125 0.65 0.1)
(0.125 0.65 0.1)
(0.1375 0.65 0.1)
(0.15 0.65 0.1)
(0.1625 0.65 0.1)
(0.175 0.65 0.1)
(0.1875 0.65 0.1)
(0.2 0.65 0.1)
(0.2125 0.65 0.1)
(0.225 0.65 0.1)
(0.2375 0.65 0.1)
(0.25 0.65 0.1)
(0.2625 0.65 0.1)
(0.275 0.65 0.1)
(0.2875 0.65 0.1)
(0.3 0.65 0.1)
(0.3125 0.65 0.1)
(0.325 0.65 0.1)
(0.3375 0.65 0.1)
(0.35 0.65 0.1)
(0.3625 0.65 0.1)
(0.375 0.65 0.1)
(0.3875 0.65 0.1)
(0.4 0.65 0.1)
(0.4125 0.65 0.1)
(0.425 0.65 0.1)
(0.4375 0.65 0.1)
(0.45 0.65 0.1)
(0.4625 0.65 0.1)
(0.475 0.65 0.1)
(0.4875 0.65 0.1)
(0.5 0.65 0.1)
(0.5125 0.65 0.1)
(0.525 0.65 0.1)
(0.5375 0.65 0.1)
(0.55 0.65 0.1)
(0.5625 0.65 0.1)
(0.575 0.65 0.1)
(0.5875 0.65 0.1)
(0.6 0.65 0.1)
(0.6125 0.65 0.1)
(0.625 0.65 0.1)
(0.6375 0.65 0.1)
(0.65 0.65 0.1)
(0.6625 0.65 0.1)
(0.675 0.65 0.1)
(0.6875 0.65 0.1)
(0.7 0.65 0.1)
(0.7125 0.65 0.1)
(0.725 0.65 0.1)
(0.7375 0.65 0.1)
(0.75 0.65 0.1)
(0.7625 0.65 0.1)
(0.775 0.65 0.1)
(0.7875 0.65 0.1)
(0.8 0.65 0.1)
(0.8125 0.65 0.1)
(0.825 0.65 0.1)
(0.8375 0.65 0.1)
(0.85 0.65 0.1)
(0.8625 0.65 0.1)
(0.875 0.65 0.1)
(0.8875 0.65 0.1)
(0.9 0.65 0.1)
(0.9125 0.65 0.1)
(0.925 0.65 0.1)
(0.9375 0.65 0.1)
(0.95 0.65 0.1)
(0.9625 0.65 0.1)
(0.975 0.65 0.1)
(0.9875 0.65 0.1)
(1 0.65 0.1)
(0 0.6625 0.1)
(0.0125 0.6625 0.1)
(0.025 0.6625 0.1)
(0.0375 0.6625 0.1)
(0.05 0.6625 0.1)
(0.0625 0.6625 0.1)
(0.075 0.6625 0.1)
(0.0875 0.6625 0.1)
(0.1 0.6625 0.1)
(0.1125 0.6625 0.1)
(0.125 0.6625 0.1)
(0.1375 0.6625 0.1)
(0.15 0.6625 0.1)
(0.1625 0.6625 0.1)
(0.175 0.6625 0.1)
(0.1875 0.6625 0.1)
(0.2 0.6625 0.1)
(0.2125 0.6625 0.1)
(0.225 0.6625 0.1)
(0.2375 0.6625 0.1)
(0.25 0.6625 0.1)
(0.2625 0.6625 0.1)
(0.275 0.6625 0.1)
(0.2875 0.6625 0.1)
(0.3 0.6625 0.1)
(0.3125 0.6625 0.1)
(0.325 0.6625 0.1)
(0.3375 0.6625 0.1)
(0.35 0.6625 0.1)
(0.3625 0.6625 0.1)
(0.375 0.6625 0.1)
(0.3875 0.6625 0.1)
(0.4 0.6625 0.1)
(0.4125 0.6625 0.1)
(0.425 0.6625 0.1)
(0.4375 0.6625 0.1)
(0.45 0.6625 0.1)
(0.4625 0.6625 0.1)
(0.475 0.6625 0.1)
(0.4875 0.6625 0.1)
(0.5 0.6625 0.1)
(0.5125 0.6625 0.1)
(0.525 0.6625 0.1)
(0.5375 0.6625 0.1)
(0.55 0.6625 0.1)
(0.5625 0.6625 0.1)
(0.575 0.6625 0.1)
(0.5875 0.6625 0.1)
(0.6 0.6625 0.1)
(0.6125 0.6625 0.1)
(0.625 0.6625 0.1)
(0.6375 0.6625 0.1)
(0.65 0.6625 0.1)
(0.6625 0.6625 0.1)
(0.675 0.6625 0.1)
(0.6875 0.6625 0.1)
(0.7 0.6625 0.1)
(0.7125 0.6625 0.1)
(0.725 0.6625 0.1)
(0.7375 0.6625 0.1)
(0.75 0.6625 0.1)
(0.7625 0.6625 0.1)
(0.775 0.6625 0.1)
(0.7875 0.6625 0.1)
(0.8 0.6625 0.1)
(0.8125 0.6625 0.1)
(0.825 0.6625 0.1)
(0.8375 0.6625 0.1)
(0.85 0.6625 0.1)
(0.8625 0.6625 0.1)
(0.875 0.6625 0.1)
(0.8875 0.6625 0.1)
(0.9 0.6625 0.1)
(0.9125 0.6625 0.1)
(0.925 0.6625 0.1)
(0.9375 0.6625 0.1)
(0.95 0.6625 0.1)
(0.9625 0.6625 0.1)
(0.975 0.6625 0.1)
(0.9875 0.6625 0.1)
(1 0.6625 0.1)
(0 0.675 0.1)
(0.0125 0.675 0.1)
(0.025 0.675 0.1)
(0.0375 0.675 0.1)
(0.05 0.675 0.1)
(0.0625 0.675 0.1)
(0.075 0.675 0.1)
(0.0875 0.675 0.1)
(0.1 0.675 0.1)
(0.1125 0.675 0.1)
(0.125 0.675 0.1)
(0.1375 0.675 0.1)
(0.15 0.675 0.1)
(0.1625 0.675 0.1)
(0.175 0.675 0.1)
(0.1875 0.675 0.1)
(0.2 0.675 0.1)
(0.2125 0.675 0.1)
(0.225 0.675 0.1)
(0.2375 0.675 0.1)
(0.25 0.675 0.1)
(0.2625 0.675 0.1)
(0.275 0.675 0.1)
(0.2875 0.675 0.1)
(0.3 0.675 0.1)
(0.3125 0.675 0.1)
(0.325 0.675 0.1)
(0.3375 0.675 0.1)
(0.35 0.675 0.1)
(0.3625 0.675 0.1)
(0.375 0.675 0.1)
(0.3875 0.675 0.1)
(0.4 0.675 0.1)
(0.4125 0.675 0.1)
(0.425 0.675 0.1)
(0.4375 0.675 0.1)
(0.45 0.675 0.1)
(0.4625 0.675 0.1)
(0.475 0.675 0.1)
(0.4875 0.675 0.1)
(0.5 0.675 0.1)
(0.5125 0.675 0.1)
(0.525 0.675 0.1)
(0.5375 0.675 0.1)
(0.55 0.675 0.1)
(0.5625 0.675 0.1)
(0.575 0.675 0.1)
(0.5875 0.675 0.1)
(0.6 0.675 0.1)
(0.6125 0.675 0.1)
(0.625 0.675 0.1)
(0.6375 0.675 0.1)
(0.65 0.675 0.1)
(0.6625 0.675 0.1)
(0.675 0.675 0.1)
(0.6875 0.675 0.1)
(0.7 0.675 0.1)
(0.7125 0.675 0.1)
(0.725 0.675 0.1)
(0.7375 0.675 0.1)
(0.75 0.675 0.1)
(0.7625 0.675 0.1)
(0.775 0.675 0.1)
(0.7875 0.675 0.1)
(0.8 0.675 0.1)
(0.8125 0.675 0.1)
(0.825 0.675 0.1)
(0.8375 0.675 0.1)
(0.85 0.675 0.1)
(0.8625 0.675 0.1)
(0.875 0.675 0.1)
(0.8875 0.675 0.1)
(0.9 0.675 0.1)
(0.9125 0.675 0.1)
(0.925 0.675 0.1)
(0.9375 0.675 0.1)
(0.95 0.675 0.1)
(0.9625 0.675 0.1)
(0.975 0.675 0.1)
(0.9875 0.675 0.1)
(1 0.675 0.1)
(0 0.6875 0.1)
(0.0125 0.6875 0.1)
(0.025 0.6875 0.1)
(0.0375 0.6875 0.1)
(0.05 0.6875 0.1)
(0.0625 0.6875 0.1)
(0.075 0.6875 0.1)
(0.0875 0.6875 0.1)
(0.1 0.6875 0.1)
(0.1125 0.6875 0.1)
(0.125 0.6875 0.1)
(0.1375 0.6875 0.1)
(0.15 0.6875 0.1)
(0.1625 0.6875 0.1)
(0.175 0.6875 0.1)
(0.1875 0.6875 0.1)
(0.2 0.6875 0.1)
(0.2125 0.6875 0.1)
(0.225 0.6875 0.1)
(0.2375 0.6875 0.1)
(0.25 0.6875 0.1)
(0.2625 0.6875 0.1)
(0.275 0.6875 0.1)
(0.2875 0.6875 0.1)
(0.3 0.6875 0.1)
(0.3125 0.6875 0.1)
(0.325 0.6875 0.1)
(0.3375 0.6875 0.1)
(0.35 0.6875 0.1)
(0.3625 0.6875 0.1)
(0.375 0.6875 0.1)
(0.3875 0.6875 0.1)
(0.4 0.6875 0.1)
(0.4125 0.6875 0.1)
(0.425 0.6875 0.1)
(0.4375 0.6875 0.1)
(0.45 0.6875 0.1)
(0.4625 0.6875 0.1)
(0.475 0.6875 0.1)
(0.4875 0.6875 0.1)
(0.5 0.6875 0.1)
(0.5125 0.6875 0.1)
(0.525 0.6875 0.1)
(0.5375 0.6875 0.1)
(0.55 0.6875 0.1)
(0.5625 0.6875 0.1)
(0.575 0.6875 0.1)
(0.5875 0.6875 0.1)
(0.6 0.6875 0.1)
(0.6125 0.6875 0.1)
(0.625 0.6875 0.1)
(0.6375 0.6875 0.1)
(0.65 0.6875 0.1)
(0.6625 0.6875 0.1)
(0.675 0.6875 0.1)
(0.6875 0.6875 0.1)
(0.7 0.6875 0.1)
(0.7125 0.6875 0.1)
(0.725 0.6875 0.1)
(0.7375 0.6875 0.1)
(0.75 0.6875 0.1)
(0.7625 0.6875 0.1)
(0.775 0.6875 0.1)
(0.7875 0.6875 0.1)
(0.8 0.6875 0.1)
(0.8125 0.6875 0.1)
(0.825 0.6875 0.1)
(0.8375 0.6875 0.1)
(0.85 0.6875 0.1)
(0.8625 0.6875 0.1)
(0.875 0.6875 0.1)
(0.8875 0.6875 0.1)
(0.9 0.6875 0.1)
(0.9125 0.6875 0.1)
(0.925 0.6875 0.1)
(0.9375 0.6875 0.1)
(0.95 0.6875 0.1)
(0.9625 0.6875 0.1)
(0.975 0.6875 0.1)
(0.9875 0.6875 0.1)
(1 0.6875 0.1)
(0 0.7 0.1)
(0.0125 0.7 0.1)
(0.025 0.7 0.1)
(0.0375 0.7 0.1)
(0.05 0.7 0.1)
(0.0625 0.7 0.1)
(0.075 0.7 0.1)
(0.0875 0.7 0.1)
(0.1 0.7 0.1)
(0.1125 0.7 0.1)
(0.125 0.7 0.1)
(0.1375 0.7 0.1)
(0.15 0.7 0.1)
(0.1625 0.7 0.1)
(0.175 0.7 0.1)
(0.1875 0.7 0.1)
(0.2 0.7 0.1)
(0.2125 0.7 0.1)
(0.225 0.7 0.1)
(0.2375 0.7 0.1)
(0.25 0.7 0.1)
(0.2625 0.7 0.1)
(0.275 0.7 0.1)
(0.2875 0.7 0.1)
(0.3 0.7 0.1)
(0.3125 0.7 0.1)
(0.325 0.7 0.1)
(0.3375 0.7 0.1)
(0.35 0.7 0.1)
(0.3625 0.7 0.1)
(0.375 0.7 0.1)
(0.3875 0.7 0.1)
(0.4 0.7 0.1)
(0.4125 0.7 0.1)
(0.425 0.7 0.1)
(0.4375 0.7 0.1)
(0.45 0.7 0.1)
(0.4625 0.7 0.1)
(0.475 0.7 0.1)
(0.4875 0.7 0.1)
(0.5 0.7 0.1)
(0.5125 0.7 0.1)
(0.525 0.7 0.1)
(0.5375 0.7 0.1)
(0.55 0.7 0.1)
(0.5625 0.7 0.1)
(0.575 0.7 0.1)
(0.5875 0.7 0.1)
(0.6 0.7 0.1)
(0.6125 0.7 0.1)
(0.625 0.7 0.1)
(0.6375 0.7 0.1)
(0.65 0.7 0.1)
(0.6625 0.7 0.1)
(0.675 0.7 0.1)
(0.6875 0.7 0.1)
(0.7 0.7 0.1)
(0.7125 0.7 0.1)
(0.725 0.7 0.1)
(0.7375 0.7 0.1)
(0.75 0.7 0.1)
(0.7625 0.7 0.1)
(0.775 0.7 0.1)
(0.7875 0.7 0.1)
(0.8 0.7 0.1)
(0.8125 0.7 0.1)
(0.825 0.7 0.1)
(0.8375 0.7 0.1)
(0.85 0.7 0.1)
(0.8625 0.7 0.1)
(0.875 0.7 0.1)
(0.8875 0.7 0.1)
(0.9 0.7 0.1)
(0.9125 0.7 0.1)
(0.925 0.7 0.1)
(0.9375 0.7 0.1)
(0.95 0.7 0.1)
(0.9625 0.7 0.1)
(0.975 0.7 0.1)
(0.9875 0.7 0.1)
(1 0.7 0.1)
(0 0.7125 0.1)
(0.0125 0.7125 0.1)
(0.025 0.7125 0.1)
(0.0375 0.7125 0.1)
(0.05 0.7125 0.1)
(0.0625 0.7125 0.1)
(0.075 0.7125 0.1)
(0.0875 0.7125 0.1)
(0.1 0.7125 0.1)
(0.1125 0.7125 0.1)
(0.125 0.7125 0.1)
(0.1375 0.7125 0.1)
(0.15 0.7125 0.1)
(0.1625 0.7125 0.1)
(0.175 0.7125 0.1)
(0.1875 0.7125 0.1)
(0.2 0.7125 0.1)
(0.2125 0.7125 0.1)
(0.225 0.7125 0.1)
(0.2375 0.7125 0.1)
(0.25 0.7125 0.1)
(0.2625 0.7125 0.1)
(0.275 0.7125 0.1)
(0.2875 0.7125 0.1)
(0.3 0.7125 0.1)
(0.3125 0.7125 0.1)
(0.325 0.7125 0.1)
(0.3375 0.7125 0.1)
(0.35 0.7125 0.1)
(0.3625 0.7125 0.1)
(0.375 0.7125 0.1)
(0.3875 0.7125 0.1)
(0.4 0.7125 0.1)
(0.4125 0.7125 0.1)
(0.425 0.7125 0.1)
(0.4375 0.7125 0.1)
(0.45 0.7125 0.1)
(0.4625 0.7125 0.1)
(0.475 0.7125 0.1)
(0.4875 0.7125 0.1)
(0.5 0.7125 0.1)
(0.5125 0.7125 0.1)
(0.525 0.7125 0.1)
(0.5375 0.7125 0.1)
(0.55 0.7125 0.1)
(0.5625 0.7125 0.1)
(0.575 0.7125 0.1)
(0.5875 0.7125 0.1)
(0.6 0.7125 0.1)
(0.6125 0.7125 0.1)
(0.625 0.7125 0.1)
(0.6375 0.7125 0.1)
(0.65 0.7125 0.1)
(0.6625 0.7125 0.1)
(0.675 0.7125 0.1)
(0.6875 0.7125 0.1)
(0.7 0.7125 0.1)
(0.7125 0.7125 0.1)
(0.725 0.7125 0.1)
(0.7375 0.7125 0.1)
(0.75 0.7125 0.1)
(0.7625 0.7125 0.1)
(0.775 0.7125 0.1)
(0.7875 0.7125 0.1)
(0.8 0.7125 0.1)
(0.8125 0.7125 0.1)
(0.825 0.7125 0.1)
(0.8375 0.7125 0.1)
(0.85 0.7125 0.1)
(0.8625 0.7125 0.1)
(0.875 0.7125 0.1)
(0.8875 0.7125 0.1)
(0.9 0.7125 0.1)
(0.9125 0.7125 0.1)
(0.925 0.7125 0.1)
(0.9375 0.7125 0.1)
(0.95 0.7125 0.1)
(0.9625 0.7125 0.1)
(0.975 0.7125 0.1)
(0.9875 0.7125 0.1)
(1 0.7125 0.1)
(0 0.725 0.1)
(0.0125 0.725 0.1)
(0.025 0.725 0.1)
(0.0375 0.725 0.1)
(0.05 0.725 0.1)
(0.0625 0.725 0.1)
(0.075 0.725 0.1)
(0.0875 0.725 0.1)
(0.1 0.725 0.1)
(0.1125 0.725 0.1)
(0.125 0.725 0.1)
(0.1375 0.725 0.1)
(0.15 0.725 0.1)
(0.1625 0.725 0.1)
(0.175 0.725 0.1)
(0.1875 0.725 0.1)
(0.2 0.725 0.1)
(0.2125 0.725 0.1)
(0.225 0.725 0.1)
(0.2375 0.725 0.1)
(0.25 0.725 0.1)
(0.2625 0.725 0.1)
(0.275 0.725 0.1)
(0.2875 0.725 0.1)
(0.3 0.725 0.1)
(0.3125 0.725 0.1)
(0.325 0.725 0.1)
(0.3375 0.725 0.1)
(0.35 0.725 0.1)
(0.3625 0.725 0.1)
(0.375 0.725 0.1)
(0.3875 0.725 0.1)
(0.4 0.725 0.1)
(0.4125 0.725 0.1)
(0.425 0.725 0.1)
(0.4375 0.725 0.1)
(0.45 0.725 0.1)
(0.4625 0.725 0.1)
(0.475 0.725 0.1)
(0.4875 0.725 0.1)
(0.5 0.725 0.1)
(0.5125 0.725 0.1)
(0.525 0.725 0.1)
(0.5375 0.725 0.1)
(0.55 0.725 0.1)
(0.5625 0.725 0.1)
(0.575 0.725 0.1)
(0.5875 0.725 0.1)
(0.6 0.725 0.1)
(0.6125 0.725 0.1)
(0.625 0.725 0.1)
(0.6375 0.725 0.1)
(0.65 0.725 0.1)
(0.6625 0.725 0.1)
(0.675 0.725 0.1)
(0.6875 0.725 0.1)
(0.7 0.725 0.1)
(0.7125 0.725 0.1)
(0.725 0.725 0.1)
(0.7375 0.725 0.1)
(0.75 0.725 0.1)
(0.7625 0.725 0.1)
(0.775 0.725 0.1)
(0.7875 0.725 0.1)
(0.8 0.725 0.1)
(0.8125 0.725 0.1)
(0.825 0.725 0.1)
(0.8375 0.725 0.1)
(0.85 0.725 0.1)
(0.8625 0.725 0.1)
(0.875 0.725 0.1)
(0.8875 0.725 0.1)
(0.9 0.725 0.1)
(0.9125 0.725 0.1)
(0.925 0.725 0.1)
(0.9375 0.725 0.1)
(0.95 0.725 0.1)
(0.9625 0.725 0.1)
(0.975 0.725 0.1)
(0.9875 0.725 0.1)
(1 0.725 0.1)
(0 0.7375 0.1)
(0.0125 0.7375 0.1)
(0.025 0.7375 0.1)
(0.0375 0.7375 0.1)
(0.05 0.7375 0.1)
(0.0625 0.7375 0.1)
(0.075 0.7375 0.1)
(0.0875 0.7375 0.1)
(0.1 0.7375 0.1)
(0.1125 0.7375 0.1)
(0.125 0.7375 0.1)
(0.1375 0.7375 0.1)
(0.15 0.7375 0.1)
(0.1625 0.7375 0.1)
(0.175 0.7375 0.1)
(0.1875 0.7375 0.1)
(0.2 0.7375 0.1)
(0.2125 0.7375 0.1)
(0.225 0.7375 0.1)
(0.2375 0.7375 0.1)
(0.25 0.7375 0.1)
(0.2625 0.7375 0.1)
(0.275 0.7375 0.1)
(0.2875 0.7375 0.1)
(0.3 0.7375 0.1)
(0.3125 0.7375 0.1)
(0.325 0.7375 0.1)
(0.3375 0.7375 0.1)
(0.35 0.7375 0.1)
(0.3625 0.7375 0.1)
(0.375 0.7375 0.1)
(0.3875 0.7375 0.1)
(0.4 0.7375 0.1)
(0.4125 0.7375 0.1)
(0.425 0.7375 0.1)
(0.4375 0.7375 0.1)
(0.45 0.7375 0.1)
(0.4625 0.7375 0.1)
(0.475 0.7375 0.1)
(0.4875 0.7375 0.1)
(0.5 0.7375 0.1)
(0.5125 0.7375 0.1)
(0.525 0.7375 0.1)
(0.5375 0.7375 0.1)
(0.55 0.7375 0.1)
(0.5625 0.7375 0.1)
(0.575 0.7375 0.1)
(0.5875 0.7375 0.1)
(0.6 0.7375 0.1)
(0.6125 0.7375 0.1)
(0.625 0.7375 0.1)
(0.6375 0.7375 0.1)
(0.65 0.7375 0.1)
(0.6625 0.7375 0.1)
(0.675 0.7375 0.1)
(0.6875 0.7375 0.1)
(0.7 0.7375 0.1)
(0.7125 0.7375 0.1)
(0.725 0.7375 0.1)
(0.7375 0.7375 0.1)
(0.75 0.7375 0.1)
(0.7625 0.7375 0.1)
(0.775 0.7375 0.1)
(0.7875 0.7375 0.1)
(0.8 0.7375 0.1)
(0.8125 0.7375 0.1)
(0.825 0.7375 0.1)
(0.8375 0.7375 0.1)
(0.85 0.7375 0.1)
(0.8625 0.7375 0.1)
(0.875 0.7375 0.1)
(0.8875 0.7375 0.1)
(0.9 0.7375 0.1)
(0.9125 0.7375 0.1)
(0.925 0.7375 0.1)
(0.9375 0.7375 0.1)
(0.95 0.7375 0.1)
(0.9625 0.7375 0.1)
(0.975 0.7375 0.1)
(0.9875 0.7375 0.1)
(1 0.7375 0.1)
(0 0.75 0.1)
(0.0125 0.75 0.1)
(0.025 0.75 0.1)
(0.0375 0.75 0.1)
(0.05 0.75 0.1)
(0.0625 0.75 0.1)
(0.075 0.75 0.1)
(0.0875 0.75 0.1)
(0.1 0.75 0.1)
(0.1125 0.75 0.1)
(0.125 0.75 0.1)
(0.1375 0.75 0.1)
(0.15 0.75 0.1)
(0.1625 0.75 0.1)
(0.175 0.75 0.1)
(0.1875 0.75 0.1)
(0.2 0.75 0.1)
(0.2125 0.75 0.1)
(0.225 0.75 0.1)
(0.2375 0.75 0.1)
(0.25 0.75 0.1)
(0.2625 0.75 0.1)
(0.275 0.75 0.1)
(0.2875 0.75 0.1)
(0.3 0.75 0.1)
(0.3125 0.75 0.1)
(0.325 0.75 0.1)
(0.3375 0.75 0.1)
(0.35 0.75 0.1)
(0.3625 0.75 0.1)
(0.375 0.75 0.1)
(0.3875 0.75 0.1)
(0.4 0.75 0.1)
(0.4125 0.75 0.1)
(0.425 0.75 0.1)
(0.4375 0.75 0.1)
(0.45 0.75 0.1)
(0.4625 0.75 0.1)
(0.475 0.75 0.1)
(0.4875 0.75 0.1)
(0.5 0.75 0.1)
(0.5125 0.75 0.1)
(0.525 0.75 0.1)
(0.5375 0.75 0.1)
(0.55 0.75 0.1)
(0.5625 0.75 0.1)
(0.575 0.75 0.1)
(0.5875 0.75 0.1)
(0.6 0.75 0.1)
(0.6125 0.75 0.1)
(0.625 0.75 0.1)
(0.6375 0.75 0.1)
(0.65 0.75 0.1)
(0.6625 0.75 0.1)
(0.675 0.75 0.1)
(0.6875 0.75 0.1)
(0.7 0.75 0.1)
(0.7125 0.75 0.1)
(0.725 0.75 0.1)
(0.7375 0.75 0.1)
(0.75 0.75 0.1)
(0.7625 0.75 0.1)
(0.775 0.75 0.1)
(0.7875 0.75 0.1)
(0.8 0.75 0.1)
(0.8125 0.75 0.1)
(0.825 0.75 0.1)
(0.8375 0.75 0.1)
(0.85 0.75 0.1)
(0.8625 0.75 0.1)
(0.875 0.75 0.1)
(0.8875 0.75 0.1)
(0.9 0.75 0.1)
(0.9125 0.75 0.1)
(0.925 0.75 0.1)
(0.9375 0.75 0.1)
(0.95 0.75 0.1)
(0.9625 0.75 0.1)
(0.975 0.75 0.1)
(0.9875 0.75 0.1)
(1 0.75 0.1)
(0 0.7625 0.1)
(0.0125 0.7625 0.1)
(0.025 0.7625 0.1)
(0.0375 0.7625 0.1)
(0.05 0.7625 0.1)
(0.0625 0.7625 0.1)
(0.075 0.7625 0.1)
(0.0875 0.7625 0.1)
(0.1 0.7625 0.1)
(0.1125 0.7625 0.1)
(0.125 0.7625 0.1)
(0.1375 0.7625 0.1)
(0.15 0.7625 0.1)
(0.1625 0.7625 0.1)
(0.175 0.7625 0.1)
(0.1875 0.7625 0.1)
(0.2 0.7625 0.1)
(0.2125 0.7625 0.1)
(0.225 0.7625 0.1)
(0.2375 0.7625 0.1)
(0.25 0.7625 0.1)
(0.2625 0.7625 0.1)
(0.275 0.7625 0.1)
(0.2875 0.7625 0.1)
(0.3 0.7625 0.1)
(0.3125 0.7625 0.1)
(0.325 0.7625 0.1)
(0.3375 0.7625 0.1)
(0.35 0.7625 0.1)
(0.3625 0.7625 0.1)
(0.375 0.7625 0.1)
(0.3875 0.7625 0.1)
(0.4 0.7625 0.1)
(0.4125 0.7625 0.1)
(0.425 0.7625 0.1)
(0.4375 0.7625 0.1)
(0.45 0.7625 0.1)
(0.4625 0.7625 0.1)
(0.475 0.7625 0.1)
(0.4875 0.7625 0.1)
(0.5 0.7625 0.1)
(0.5125 0.7625 0.1)
(0.525 0.7625 0.1)
(0.5375 0.7625 0.1)
(0.55 0.7625 0.1)
(0.5625 0.7625 0.1)
(0.575 0.7625 0.1)
(0.5875 0.7625 0.1)
(0.6 0.7625 0.1)
(0.6125 0.7625 0.1)
(0.625 0.7625 0.1)
(0.6375 0.7625 0.1)
(0.65 0.7625 0.1)
(0.6625 0.7625 0.1)
(0.675 0.7625 0.1)
(0.6875 0.7625 0.1)
(0.7 0.7625 0.1)
(0.7125 0.7625 0.1)
(0.725 0.7625 0.1)
(0.7375 0.7625 0.1)
(0.75 0.7625 0.1)
(0.7625 0.7625 0.1)
(0.775 0.7625 0.1)
(0.7875 0.7625 0.1)
(0.8 0.7625 0.1)
(0.8125 0.7625 0.1)
(0.825 0.7625 0.1)
(0.8375 0.7625 0.1)
(0.85 0.7625 0.1)
(0.8625 0.7625 0.1)
(0.875 0.7625 0.1)
(0.8875 0.7625 0.1)
(0.9 0.7625 0.1)
(0.9125 0.7625 0.1)
(0.925 0.7625 0.1)
(0.9375 0.7625 0.1)
(0.95 0.7625 0.1)
(0.9625 0.7625 0.1)
(0.975 0.7625 0.1)
(0.9875 0.7625 0.1)
(1 0.7625 0.1)
(0 0.775 0.1)
(0.0125 0.775 0.1)
(0.025 0.775 0.1)
(0.0375 0.775 0.1)
(0.05 0.775 0.1)
(0.0625 0.775 0.1)
(0.075 0.775 0.1)
(0.0875 0.775 0.1)
(0.1 0.775 0.1)
(0.1125 0.775 0.1)
(0.125 0.775 0.1)
(0.1375 0.775 0.1)
(0.15 0.775 0.1)
(0.1625 0.775 0.1)
(0.175 0.775 0.1)
(0.1875 0.775 0.1)
(0.2 0.775 0.1)
(0.2125 0.775 0.1)
(0.225 0.775 0.1)
(0.2375 0.775 0.1)
(0.25 0.775 0.1)
(0.2625 0.775 0.1)
(0.275 0.775 0.1)
(0.2875 0.775 0.1)
(0.3 0.775 0.1)
(0.3125 0.775 0.1)
(0.325 0.775 0.1)
(0.3375 0.775 0.1)
(0.35 0.775 0.1)
(0.3625 0.775 0.1)
(0.375 0.775 0.1)
(0.3875 0.775 0.1)
(0.4 0.775 0.1)
(0.4125 0.775 0.1)
(0.425 0.775 0.1)
(0.4375 0.775 0.1)
(0.45 0.775 0.1)
(0.4625 0.775 0.1)
(0.475 0.775 0.1)
(0.4875 0.775 0.1)
(0.5 0.775 0.1)
(0.5125 0.775 0.1)
(0.525 0.775 0.1)
(0.5375 0.775 0.1)
(0.55 0.775 0.1)
(0.5625 0.775 0.1)
(0.575 0.775 0.1)
(0.5875 0.775 0.1)
(0.6 0.775 0.1)
(0.6125 0.775 0.1)
(0.625 0.775 0.1)
(0.6375 0.775 0.1)
(0.65 0.775 0.1)
(0.6625 0.775 0.1)
(0.675 0.775 0.1)
(0.6875 0.775 0.1)
(0.7 0.775 0.1)
(0.7125 0.775 0.1)
(0.725 0.775 0.1)
(0.7375 0.775 0.1)
(0.75 0.775 0.1)
(0.7625 0.775 0.1)
(0.775 0.775 0.1)
(0.7875 0.775 0.1)
(0.8 0.775 0.1)
(0.8125 0.775 0.1)
(0.825 0.775 0.1)
(0.8375 0.775 0.1)
(0.85 0.775 0.1)
(0.8625 0.775 0.1)
(0.875 0.775 0.1)
(0.8875 0.775 0.1)
(0.9 0.775 0.1)
(0.9125 0.775 0.1)
(0.925 0.775 0.1)
(0.9375 0.775 0.1)
(0.95 0.775 0.1)
(0.9625 0.775 0.1)
(0.975 0.775 0.1)
(0.9875 0.775 0.1)
(1 0.775 0.1)
(0 0.7875 0.1)
(0.0125 0.7875 0.1)
(0.025 0.7875 0.1)
(0.0375 0.7875 0.1)
(0.05 0.7875 0.1)
(0.0625 0.7875 0.1)
(0.075 0.7875 0.1)
(0.0875 0.7875 0.1)
(0.1 0.7875 0.1)
(0.1125 0.7875 0.1)
(0.125 0.7875 0.1)
(0.1375 0.7875 0.1)
(0.15 0.7875 0.1)
(0.1625 0.7875 0.1)
(0.175 0.7875 0.1)
(0.1875 0.7875 0.1)
(0.2 0.7875 0.1)
(0.2125 0.7875 0.1)
(0.225 0.7875 0.1)
(0.2375 0.7875 0.1)
(0.25 0.7875 0.1)
(0.2625 0.7875 0.1)
(0.275 0.7875 0.1)
(0.2875 0.7875 0.1)
(0.3 0.7875 0.1)
(0.3125 0.7875 0.1)
(0.325 0.7875 0.1)
(0.3375 0.7875 0.1)
(0.35 0.7875 0.1)
(0.3625 0.7875 0.1)
(0.375 0.7875 0.1)
(0.3875 0.7875 0.1)
(0.4 0.7875 0.1)
(0.4125 0.7875 0.1)
(0.425 0.7875 0.1)
(0.4375 0.7875 0.1)
(0.45 0.7875 0.1)
(0.4625 0.7875 0.1)
(0.475 0.7875 0.1)
(0.4875 0.7875 0.1)
(0.5 0.7875 0.1)
(0.5125 0.7875 0.1)
(0.525 0.7875 0.1)
(0.5375 0.7875 0.1)
(0.55 0.7875 0.1)
(0.5625 0.7875 0.1)
(0.575 0.7875 0.1)
(0.5875 0.7875 0.1)
(0.6 0.7875 0.1)
(0.6125 0.7875 0.1)
(0.625 0.7875 0.1)
(0.6375 0.7875 0.1)
(0.65 0.7875 0.1)
(0.6625 0.7875 0.1)
(0.675 0.7875 0.1)
(0.6875 0.7875 0.1)
(0.7 0.7875 0.1)
(0.7125 0.7875 0.1)
(0.725 0.7875 0.1)
(0.7375 0.7875 0.1)
(0.75 0.7875 0.1)
(0.7625 0.7875 0.1)
(0.775 0.7875 0.1)
(0.7875 0.7875 0.1)
(0.8 0.7875 0.1)
(0.8125 0.7875 0.1)
(0.825 0.7875 0.1)
(0.8375 0.7875 0.1)
(0.85 0.7875 0.1)
(0.8625 0.7875 0.1)
(0.875 0.7875 0.1)
(0.8875 0.7875 0.1)
(0.9 0.7875 0.1)
(0.9125 0.7875 0.1)
(0.925 0.7875 0.1)
(0.9375 0.7875 0.1)
(0.95 0.7875 0.1)
(0.9625 0.7875 0.1)
(0.975 0.7875 0.1)
(0.9875 0.7875 0.1)
(1 0.7875 0.1)
(0 0.8 0.1)
(0.0125 0.8 0.1)
(0.025 0.8 0.1)
(0.0375 0.8 0.1)
(0.05 0.8 0.1)
(0.0625 0.8 0.1)
(0.075 0.8 0.1)
(0.0875 0.8 0.1)
(0.1 0.8 0.1)
(0.1125 0.8 0.1)
(0.125 0.8 0.1)
(0.1375 0.8 0.1)
(0.15 0.8 0.1)
(0.1625 0.8 0.1)
(0.175 0.8 0.1)
(0.1875 0.8 0.1)
(0.2 0.8 0.1)
(0.2125 0.8 0.1)
(0.225 0.8 0.1)
(0.2375 0.8 0.1)
(0.25 0.8 0.1)
(0.2625 0.8 0.1)
(0.275 0.8 0.1)
(0.2875 0.8 0.1)
(0.3 0.8 0.1)
(0.3125 0.8 0.1)
(0.325 0.8 0.1)
(0.3375 0.8 0.1)
(0.35 0.8 0.1)
(0.3625 0.8 0.1)
(0.375 0.8 0.1)
(0.3875 0.8 0.1)
(0.4 0.8 0.1)
(0.4125 0.8 0.1)
(0.425 0.8 0.1)
(0.4375 0.8 0.1)
(0.45 0.8 0.1)
(0.4625 0.8 0.1)
(0.475 0.8 0.1)
(0.4875 0.8 0.1)
(0.5 0.8 0.1)
(0.5125 0.8 0.1)
(0.525 0.8 0.1)
(0.5375 0.8 0.1)
(0.55 0.8 0.1)
(0.5625 0.8 0.1)
(0.575 0.8 0.1)
(0.5875 0.8 0.1)
(0.6 0.8 0.1)
(0.6125 0.8 0.1)
(0.625 0.8 0.1)
(0.6375 0.8 0.1)
(0.65 0.8 0.1)
(0.6625 0.8 0.1)
(0.675 0.8 0.1)
(0.6875 0.8 0.1)
(0.7 0.8 0.1)
(0.7125 0.8 0.1)
(0.725 0.8 0.1)
(0.7375 0.8 0.1)
(0.75 0.8 0.1)
(0.7625 0.8 0.1)
(0.775 0.8 0.1)
(0.7875 0.8 0.1)
(0.8 0.8 0.1)
(0.8125 0.8 0.1)
(0.825 0.8 0.1)
(0.8375 0.8 0.1)
(0.85 0.8 0.1)
(0.8625 0.8 0.1)
(0.875 0.8 0.1)
(0.8875 0.8 0.1)
(0.9 0.8 0.1)
(0.9125 0.8 0.1)
(0.925 0.8 0.1)
(0.9375 0.8 0.1)
(0.95 0.8 0.1)
(0.9625 0.8 0.1)
(0.975 0.8 0.1)
(0.9875 0.8 0.1)
(1 0.8 0.1)
(0 0.8125 0.1)
(0.0125 0.8125 0.1)
(0.025 0.8125 0.1)
(0.0375 0.8125 0.1)
(0.05 0.8125 0.1)
(0.0625 0.8125 0.1)
(0.075 0.8125 0.1)
(0.0875 0.8125 0.1)
(0.1 0.8125 0.1)
(0.1125 0.8125 0.1)
(0.125 0.8125 0.1)
(0.1375 0.8125 0.1)
(0.15 0.8125 0.1)
(0.1625 0.8125 0.1)
(0.175 0.8125 0.1)
(0.1875 0.8125 0.1)
(0.2 0.8125 0.1)
(0.2125 0.8125 0.1)
(0.225 0.8125 0.1)
(0.2375 0.8125 0.1)
(0.25 0.8125 0.1)
(0.2625 0.8125 0.1)
(0.275 0.8125 0.1)
(0.2875 0.8125 0.1)
(0.3 0.8125 0.1)
(0.3125 0.8125 0.1)
(0.325 0.8125 0.1)
(0.3375 0.8125 0.1)
(0.35 0.8125 0.1)
(0.3625 0.8125 0.1)
(0.375 0.8125 0.1)
(0.3875 0.8125 0.1)
(0.4 0.8125 0.1)
(0.4125 0.8125 0.1)
(0.425 0.8125 0.1)
(0.4375 0.8125 0.1)
(0.45 0.8125 0.1)
(0.4625 0.8125 0.1)
(0.475 0.8125 0.1)
(0.4875 0.8125 0.1)
(0.5 0.8125 0.1)
(0.5125 0.8125 0.1)
(0.525 0.8125 0.1)
(0.5375 0.8125 0.1)
(0.55 0.8125 0.1)
(0.5625 0.8125 0.1)
(0.575 0.8125 0.1)
(0.5875 0.8125 0.1)
(0.6 0.8125 0.1)
(0.6125 0.8125 0.1)
(0.625 0.8125 0.1)
(0.6375 0.8125 0.1)
(0.65 0.8125 0.1)
(0.6625 0.8125 0.1)
(0.675 0.8125 0.1)
(0.6875 0.8125 0.1)
(0.7 0.8125 0.1)
(0.7125 0.8125 0.1)
(0.725 0.8125 0.1)
(0.7375 0.8125 0.1)
(0.75 0.8125 0.1)
(0.7625 0.8125 0.1)
(0.775 0.8125 0.1)
(0.7875 0.8125 0.1)
(0.8 0.8125 0.1)
(0.8125 0.8125 0.1)
(0.825 0.8125 0.1)
(0.8375 0.8125 0.1)
(0.85 0.8125 0.1)
(0.8625 0.8125 0.1)
(0.875 0.8125 0.1)
(0.8875 0.8125 0.1)
(0.9 0.8125 0.1)
(0.9125 0.8125 0.1)
(0.925 0.8125 0.1)
(0.9375 0.8125 0.1)
(0.95 0.8125 0.1)
(0.9625 0.8125 0.1)
(0.975 0.8125 0.1)
(0.9875 0.8125 0.1)
(1 0.8125 0.1)
(0 0.825 0.1)
(0.0125 0.825 0.1)
(0.025 0.825 0.1)
(0.0375 0.825 0.1)
(0.05 0.825 0.1)
(0.0625 0.825 0.1)
(0.075 0.825 0.1)
(0.0875 0.825 0.1)
(0.1 0.825 0.1)
(0.1125 0.825 0.1)
(0.125 0.825 0.1)
(0.1375 0.825 0.1)
(0.15 0.825 0.1)
(0.1625 0.825 0.1)
(0.175 0.825 0.1)
(0.1875 0.825 0.1)
(0.2 0.825 0.1)
(0.2125 0.825 0.1)
(0.225 0.825 0.1)
(0.2375 0.825 0.1)
(0.25 0.825 0.1)
(0.2625 0.825 0.1)
(0.275 0.825 0.1)
(0.2875 0.825 0.1)
(0.3 0.825 0.1)
(0.3125 0.825 0.1)
(0.325 0.825 0.1)
(0.3375 0.825 0.1)
(0.35 0.825 0.1)
(0.3625 0.825 0.1)
(0.375 0.825 0.1)
(0.3875 0.825 0.1)
(0.4 0.825 0.1)
(0.4125 0.825 0.1)
(0.425 0.825 0.1)
(0.4375 0.825 0.1)
(0.45 0.825 0.1)
(0.4625 0.825 0.1)
(0.475 0.825 0.1)
(0.4875 0.825 0.1)
(0.5 0.825 0.1)
(0.5125 0.825 0.1)
(0.525 0.825 0.1)
(0.5375 0.825 0.1)
(0.55 0.825 0.1)
(0.5625 0.825 0.1)
(0.575 0.825 0.1)
(0.5875 0.825 0.1)
(0.6 0.825 0.1)
(0.6125 0.825 0.1)
(0.625 0.825 0.1)
(0.6375 0.825 0.1)
(0.65 0.825 0.1)
(0.6625 0.825 0.1)
(0.675 0.825 0.1)
(0.6875 0.825 0.1)
(0.7 0.825 0.1)
(0.7125 0.825 0.1)
(0.725 0.825 0.1)
(0.7375 0.825 0.1)
(0.75 0.825 0.1)
(0.7625 0.825 0.1)
(0.775 0.825 0.1)
(0.7875 0.825 0.1)
(0.8 0.825 0.1)
(0.8125 0.825 0.1)
(0.825 0.825 0.1)
(0.8375 0.825 0.1)
(0.85 0.825 0.1)
(0.8625 0.825 0.1)
(0.875 0.825 0.1)
(0.8875 0.825 0.1)
(0.9 0.825 0.1)
(0.9125 0.825 0.1)
(0.925 0.825 0.1)
(0.9375 0.825 0.1)
(0.95 0.825 0.1)
(0.9625 0.825 0.1)
(0.975 0.825 0.1)
(0.9875 0.825 0.1)
(1 0.825 0.1)
(0 0.8375 0.1)
(0.0125 0.8375 0.1)
(0.025 0.8375 0.1)
(0.0375 0.8375 0.1)
(0.05 0.8375 0.1)
(0.0625 0.8375 0.1)
(0.075 0.8375 0.1)
(0.0875 0.8375 0.1)
(0.1 0.8375 0.1)
(0.1125 0.8375 0.1)
(0.125 0.8375 0.1)
(0.1375 0.8375 0.1)
(0.15 0.8375 0.1)
(0.1625 0.8375 0.1)
(0.175 0.8375 0.1)
(0.1875 0.8375 0.1)
(0.2 0.8375 0.1)
(0.2125 0.8375 0.1)
(0.225 0.8375 0.1)
(0.2375 0.8375 0.1)
(0.25 0.8375 0.1)
(0.2625 0.8375 0.1)
(0.275 0.8375 0.1)
(0.2875 0.8375 0.1)
(0.3 0.8375 0.1)
(0.3125 0.8375 0.1)
(0.325 0.8375 0.1)
(0.3375 0.8375 0.1)
(0.35 0.8375 0.1)
(0.3625 0.8375 0.1)
(0.375 0.8375 0.1)
(0.3875 0.8375 0.1)
(0.4 0.8375 0.1)
(0.4125 0.8375 0.1)
(0.425 0.8375 0.1)
(0.4375 0.8375 0.1)
(0.45 0.8375 0.1)
(0.4625 0.8375 0.1)
(0.475 0.8375 0.1)
(0.4875 0.8375 0.1)
(0.5 0.8375 0.1)
(0.5125 0.8375 0.1)
(0.525 0.8375 0.1)
(0.5375 0.8375 0.1)
(0.55 0.8375 0.1)
(0.5625 0.8375 0.1)
(0.575 0.8375 0.1)
(0.5875 0.8375 0.1)
(0.6 0.8375 0.1)
(0.6125 0.8375 0.1)
(0.625 0.8375 0.1)
(0.6375 0.8375 0.1)
(0.65 0.8375 0.1)
(0.6625 0.8375 0.1)
(0.675 0.8375 0.1)
(0.6875 0.8375 0.1)
(0.7 0.8375 0.1)
(0.7125 0.8375 0.1)
(0.725 0.8375 0.1)
(0.7375 0.8375 0.1)
(0.75 0.8375 0.1)
(0.7625 0.8375 0.1)
(0.775 0.8375 0.1)
(0.7875 0.8375 0.1)
(0.8 0.8375 0.1)
(0.8125 0.8375 0.1)
(0.825 0.8375 0.1)
(0.8375 0.8375 0.1)
(0.85 0.8375 0.1)
(0.8625 0.8375 0.1)
(0.875 0.8375 0.1)
(0.8875 0.8375 0.1)
(0.9 0.8375 0.1)
(0.9125 0.8375 0.1)
(0.925 0.8375 0.1)
(0.9375 0.8375 0.1)
(0.95 0.8375 0.1)
(0.9625 0.8375 0.1)
(0.975 0.8375 0.1)
(0.9875 0.8375 0.1)
(1 0.8375 0.1)
(0 0.85 0.1)
(0.0125 0.85 0.1)
(0.025 0.85 0.1)
(0.0375 0.85 0.1)
(0.05 0.85 0.1)
(0.0625 0.85 0.1)
(0.075 0.85 0.1)
(0.0875 0.85 0.1)
(0.1 0.85 0.1)
(0.1125 0.85 0.1)
(0.125 0.85 0.1)
(0.1375 0.85 0.1)
(0.15 0.85 0.1)
(0.1625 0.85 0.1)
(0.175 0.85 0.1)
(0.1875 0.85 0.1)
(0.2 0.85 0.1)
(0.2125 0.85 0.1)
(0.225 0.85 0.1)
(0.2375 0.85 0.1)
(0.25 0.85 0.1)
(0.2625 0.85 0.1)
(0.275 0.85 0.1)
(0.2875 0.85 0.1)
(0.3 0.85 0.1)
(0.3125 0.85 0.1)
(0.325 0.85 0.1)
(0.3375 0.85 0.1)
(0.35 0.85 0.1)
(0.3625 0.85 0.1)
(0.375 0.85 0.1)
(0.3875 0.85 0.1)
(0.4 0.85 0.1)
(0.4125 0.85 0.1)
(0.425 0.85 0.1)
(0.4375 0.85 0.1)
(0.45 0.85 0.1)
(0.4625 0.85 0.1)
(0.475 0.85 0.1)
(0.4875 0.85 0.1)
(0.5 0.85 0.1)
(0.5125 0.85 0.1)
(0.525 0.85 0.1)
(0.5375 0.85 0.1)
(0.55 0.85 0.1)
(0.5625 0.85 0.1)
(0.575 0.85 0.1)
(0.5875 0.85 0.1)
(0.6 0.85 0.1)
(0.6125 0.85 0.1)
(0.625 0.85 0.1)
(0.6375 0.85 0.1)
(0.65 0.85 0.1)
(0.6625 0.85 0.1)
(0.675 0.85 0.1)
(0.6875 0.85 0.1)
(0.7 0.85 0.1)
(0.7125 0.85 0.1)
(0.725 0.85 0.1)
(0.7375 0.85 0.1)
(0.75 0.85 0.1)
(0.7625 0.85 0.1)
(0.775 0.85 0.1)
(0.7875 0.85 0.1)
(0.8 0.85 0.1)
(0.8125 0.85 0.1)
(0.825 0.85 0.1)
(0.8375 0.85 0.1)
(0.85 0.85 0.1)
(0.8625 0.85 0.1)
(0.875 0.85 0.1)
(0.8875 0.85 0.1)
(0.9 0.85 0.1)
(0.9125 0.85 0.1)
(0.925 0.85 0.1)
(0.9375 0.85 0.1)
(0.95 0.85 0.1)
(0.9625 0.85 0.1)
(0.975 0.85 0.1)
(0.9875 0.85 0.1)
(1 0.85 0.1)
(0 0.8625 0.1)
(0.0125 0.8625 0.1)
(0.025 0.8625 0.1)
(0.0375 0.8625 0.1)
(0.05 0.8625 0.1)
(0.0625 0.8625 0.1)
(0.075 0.8625 0.1)
(0.0875 0.8625 0.1)
(0.1 0.8625 0.1)
(0.1125 0.8625 0.1)
(0.125 0.8625 0.1)
(0.1375 0.8625 0.1)
(0.15 0.8625 0.1)
(0.1625 0.8625 0.1)
(0.175 0.8625 0.1)
(0.1875 0.8625 0.1)
(0.2 0.8625 0.1)
(0.2125 0.8625 0.1)
(0.225 0.8625 0.1)
(0.2375 0.8625 0.1)
(0.25 0.8625 0.1)
(0.2625 0.8625 0.1)
(0.275 0.8625 0.1)
(0.2875 0.8625 0.1)
(0.3 0.8625 0.1)
(0.3125 0.8625 0.1)
(0.325 0.8625 0.1)
(0.3375 0.8625 0.1)
(0.35 0.8625 0.1)
(0.3625 0.8625 0.1)
(0.375 0.8625 0.1)
(0.3875 0.8625 0.1)
(0.4 0.8625 0.1)
(0.4125 0.8625 0.1)
(0.425 0.8625 0.1)
(0.4375 0.8625 0.1)
(0.45 0.8625 0.1)
(0.4625 0.8625 0.1)
(0.475 0.8625 0.1)
(0.4875 0.8625 0.1)
(0.5 0.8625 0.1)
(0.5125 0.8625 0.1)
(0.525 0.8625 0.1)
(0.5375 0.8625 0.1)
(0.55 0.8625 0.1)
(0.5625 0.8625 0.1)
(0.575 0.8625 0.1)
(0.5875 0.8625 0.1)
(0.6 0.8625 0.1)
(0.6125 0.8625 0.1)
(0.625 0.8625 0.1)
(0.6375 0.8625 0.1)
(0.65 0.8625 0.1)
(0.6625 0.8625 0.1)
(0.675 0.8625 0.1)
(0.6875 0.8625 0.1)
(0.7 0.8625 0.1)
(0.7125 0.8625 0.1)
(0.725 0.8625 0.1)
(0.7375 0.8625 0.1)
(0.75 0.8625 0.1)
(0.7625 0.8625 0.1)
(0.775 0.8625 0.1)
(0.7875 0.8625 0.1)
(0.8 0.8625 0.1)
(0.8125 0.8625 0.1)
(0.825 0.8625 0.1)
(0.8375 0.8625 0.1)
(0.85 0.8625 0.1)
(0.8625 0.8625 0.1)
(0.875 0.8625 0.1)
(0.8875 0.8625 0.1)
(0.9 0.8625 0.1)
(0.9125 0.8625 0.1)
(0.925 0.8625 0.1)
(0.9375 0.8625 0.1)
(0.95 0.8625 0.1)
(0.9625 0.8625 0.1)
(0.975 0.8625 0.1)
(0.9875 0.8625 0.1)
(1 0.8625 0.1)
(0 0.875 0.1)
(0.0125 0.875 0.1)
(0.025 0.875 0.1)
(0.0375 0.875 0.1)
(0.05 0.875 0.1)
(0.0625 0.875 0.1)
(0.075 0.875 0.1)
(0.0875 0.875 0.1)
(0.1 0.875 0.1)
(0.1125 0.875 0.1)
(0.125 0.875 0.1)
(0.1375 0.875 0.1)
(0.15 0.875 0.1)
(0.1625 0.875 0.1)
(0.175 0.875 0.1)
(0.1875 0.875 0.1)
(0.2 0.875 0.1)
(0.2125 0.875 0.1)
(0.225 0.875 0.1)
(0.2375 0.875 0.1)
(0.25 0.875 0.1)
(0.2625 0.875 0.1)
(0.275 0.875 0.1)
(0.2875 0.875 0.1)
(0.3 0.875 0.1)
(0.3125 0.875 0.1)
(0.325 0.875 0.1)
(0.3375 0.875 0.1)
(0.35 0.875 0.1)
(0.3625 0.875 0.1)
(0.375 0.875 0.1)
(0.3875 0.875 0.1)
(0.4 0.875 0.1)
(0.4125 0.875 0.1)
(0.425 0.875 0.1)
(0.4375 0.875 0.1)
(0.45 0.875 0.1)
(0.4625 0.875 0.1)
(0.475 0.875 0.1)
(0.4875 0.875 0.1)
(0.5 0.875 0.1)
(0.5125 0.875 0.1)
(0.525 0.875 0.1)
(0.5375 0.875 0.1)
(0.55 0.875 0.1)
(0.5625 0.875 0.1)
(0.575 0.875 0.1)
(0.5875 0.875 0.1)
(0.6 0.875 0.1)
(0.6125 0.875 0.1)
(0.625 0.875 0.1)
(0.6375 0.875 0.1)
(0.65 0.875 0.1)
(0.6625 0.875 0.1)
(0.675 0.875 0.1)
(0.6875 0.875 0.1)
(0.7 0.875 0.1)
(0.7125 0.875 0.1)
(0.725 0.875 0.1)
(0.7375 0.875 0.1)
(0.75 0.875 0.1)
(0.7625 0.875 0.1)
(0.775 0.875 0.1)
(0.7875 0.875 0.1)
(0.8 0.875 0.1)
(0.8125 0.875 0.1)
(0.825 0.875 0.1)
(0.8375 0.875 0.1)
(0.85 0.875 0.1)
(0.8625 0.875 0.1)
(0.875 0.875 0.1)
(0.8875 0.875 0.1)
(0.9 0.875 0.1)
(0.9125 0.875 0.1)
(0.925 0.875 0.1)
(0.9375 0.875 0.1)
(0.95 0.875 0.1)
(0.9625 0.875 0.1)
(0.975 0.875 0.1)
(0.9875 0.875 0.1)
(1 0.875 0.1)
(0 0.8875 0.1)
(0.0125 0.8875 0.1)
(0.025 0.8875 0.1)
(0.0375 0.8875 0.1)
(0.05 0.8875 0.1)
(0.0625 0.8875 0.1)
(0.075 0.8875 0.1)
(0.0875 0.8875 0.1)
(0.1 0.8875 0.1)
(0.1125 0.8875 0.1)
(0.125 0.8875 0.1)
(0.1375 0.8875 0.1)
(0.15 0.8875 0.1)
(0.1625 0.8875 0.1)
(0.175 0.8875 0.1)
(0.1875 0.8875 0.1)
(0.2 0.8875 0.1)
(0.2125 0.8875 0.1)
(0.225 0.8875 0.1)
(0.2375 0.8875 0.1)
(0.25 0.8875 0.1)
(0.2625 0.8875 0.1)
(0.275 0.8875 0.1)
(0.2875 0.8875 0.1)
(0.3 0.8875 0.1)
(0.3125 0.8875 0.1)
(0.325 0.8875 0.1)
(0.3375 0.8875 0.1)
(0.35 0.8875 0.1)
(0.3625 0.8875 0.1)
(0.375 0.8875 0.1)
(0.3875 0.8875 0.1)
(0.4 0.8875 0.1)
(0.4125 0.8875 0.1)
(0.425 0.8875 0.1)
(0.4375 0.8875 0.1)
(0.45 0.8875 0.1)
(0.4625 0.8875 0.1)
(0.475 0.8875 0.1)
(0.4875 0.8875 0.1)
(0.5 0.8875 0.1)
(0.5125 0.8875 0.1)
(0.525 0.8875 0.1)
(0.5375 0.8875 0.1)
(0.55 0.8875 0.1)
(0.5625 0.8875 0.1)
(0.575 0.8875 0.1)
(0.5875 0.8875 0.1)
(0.6 0.8875 0.1)
(0.6125 0.8875 0.1)
(0.625 0.8875 0.1)
(0.6375 0.8875 0.1)
(0.65 0.8875 0.1)
(0.6625 0.8875 0.1)
(0.675 0.8875 0.1)
(0.6875 0.8875 0.1)
(0.7 0.8875 0.1)
(0.7125 0.8875 0.1)
(0.725 0.8875 0.1)
(0.7375 0.8875 0.1)
(0.75 0.8875 0.1)
(0.7625 0.8875 0.1)
(0.775 0.8875 0.1)
(0.7875 0.8875 0.1)
(0.8 0.8875 0.1)
(0.8125 0.8875 0.1)
(0.825 0.8875 0.1)
(0.8375 0.8875 0.1)
(0.85 0.8875 0.1)
(0.8625 0.8875 0.1)
(0.875 0.8875 0.1)
(0.8875 0.8875 0.1)
(0.9 0.8875 0.1)
(0.9125 0.8875 0.1)
(0.925 0.8875 0.1)
(0.9375 0.8875 0.1)
(0.95 0.8875 0.1)
(0.9625 0.8875 0.1)
(0.975 0.8875 0.1)
(0.9875 0.8875 0.1)
(1 0.8875 0.1)
(0 0.9 0.1)
(0.0125 0.9 0.1)
(0.025 0.9 0.1)
(0.0375 0.9 0.1)
(0.05 0.9 0.1)
(0.0625 0.9 0.1)
(0.075 0.9 0.1)
(0.0875 0.9 0.1)
(0.1 0.9 0.1)
(0.1125 0.9 0.1)
(0.125 0.9 0.1)
(0.1375 0.9 0.1)
(0.15 0.9 0.1)
(0.1625 0.9 0.1)
(0.175 0.9 0.1)
(0.1875 0.9 0.1)
(0.2 0.9 0.1)
(0.2125 0.9 0.1)
(0.225 0.9 0.1)
(0.2375 0.9 0.1)
(0.25 0.9 0.1)
(0.2625 0.9 0.1)
(0.275 0.9 0.1)
(0.2875 0.9 0.1)
(0.3 0.9 0.1)
(0.3125 0.9 0.1)
(0.325 0.9 0.1)
(0.3375 0.9 0.1)
(0.35 0.9 0.1)
(0.3625 0.9 0.1)
(0.375 0.9 0.1)
(0.3875 0.9 0.1)
(0.4 0.9 0.1)
(0.4125 0.9 0.1)
(0.425 0.9 0.1)
(0.4375 0.9 0.1)
(0.45 0.9 0.1)
(0.4625 0.9 0.1)
(0.475 0.9 0.1)
(0.4875 0.9 0.1)
(0.5 0.9 0.1)
(0.5125 0.9 0.1)
(0.525 0.9 0.1)
(0.5375 0.9 0.1)
(0.55 0.9 0.1)
(0.5625 0.9 0.1)
(0.575 0.9 0.1)
(0.5875 0.9 0.1)
(0.6 0.9 0.1)
(0.6125 0.9 0.1)
(0.625 0.9 0.1)
(0.6375 0.9 0.1)
(0.65 0.9 0.1)
(0.6625 0.9 0.1)
(0.675 0.9 0.1)
(0.6875 0.9 0.1)
(0.7 0.9 0.1)
(0.7125 0.9 0.1)
(0.725 0.9 0.1)
(0.7375 0.9 0.1)
(0.75 0.9 0.1)
(0.7625 0.9 0.1)
(0.775 0.9 0.1)
(0.7875 0.9 0.1)
(0.8 0.9 0.1)
(0.8125 0.9 0.1)
(0.825 0.9 0.1)
(0.8375 0.9 0.1)
(0.85 0.9 0.1)
(0.8625 0.9 0.1)
(0.875 0.9 0.1)
(0.8875 0.9 0.1)
(0.9 0.9 0.1)
(0.9125 0.9 0.1)
(0.925 0.9 0.1)
(0.9375 0.9 0.1)
(0.95 0.9 0.1)
(0.9625 0.9 0.1)
(0.975 0.9 0.1)
(0.9875 0.9 0.1)
(1 0.9 0.1)
(0 0.9125 0.1)
(0.0125 0.9125 0.1)
(0.025 0.9125 0.1)
(0.0375 0.9125 0.1)
(0.05 0.9125 0.1)
(0.0625 0.9125 0.1)
(0.075 0.9125 0.1)
(0.0875 0.9125 0.1)
(0.1 0.9125 0.1)
(0.1125 0.9125 0.1)
(0.125 0.9125 0.1)
(0.1375 0.9125 0.1)
(0.15 0.9125 0.1)
(0.1625 0.9125 0.1)
(0.175 0.9125 0.1)
(0.1875 0.9125 0.1)
(0.2 0.9125 0.1)
(0.2125 0.9125 0.1)
(0.225 0.9125 0.1)
(0.2375 0.9125 0.1)
(0.25 0.9125 0.1)
(0.2625 0.9125 0.1)
(0.275 0.9125 0.1)
(0.2875 0.9125 0.1)
(0.3 0.9125 0.1)
(0.3125 0.9125 0.1)
(0.325 0.9125 0.1)
(0.3375 0.9125 0.1)
(0.35 0.9125 0.1)
(0.3625 0.9125 0.1)
(0.375 0.9125 0.1)
(0.3875 0.9125 0.1)
(0.4 0.9125 0.1)
(0.4125 0.9125 0.1)
(0.425 0.9125 0.1)
(0.4375 0.9125 0.1)
(0.45 0.9125 0.1)
(0.4625 0.9125 0.1)
(0.475 0.9125 0.1)
(0.4875 0.9125 0.1)
(0.5 0.9125 0.1)
(0.5125 0.9125 0.1)
(0.525 0.9125 0.1)
(0.5375 0.9125 0.1)
(0.55 0.9125 0.1)
(0.5625 0.9125 0.1)
(0.575 0.9125 0.1)
(0.5875 0.9125 0.1)
(0.6 0.9125 0.1)
(0.6125 0.9125 0.1)
(0.625 0.9125 0.1)
(0.6375 0.9125 0.1)
(0.65 0.9125 0.1)
(0.6625 0.9125 0.1)
(0.675 0.9125 0.1)
(0.6875 0.9125 0.1)
(0.7 0.9125 0.1)
(0.7125 0.9125 0.1)
(0.725 0.9125 0.1)
(0.7375 0.9125 0.1)
(0.75 0.9125 0.1)
(0.7625 0.9125 0.1)
(0.775 0.9125 0.1)
(0.7875 0.9125 0.1)
(0.8 0.9125 0.1)
(0.8125 0.9125 0.1)
(0.825 0.9125 0.1)
(0.8375 0.9125 0.1)
(0.85 0.9125 0.1)
(0.8625 0.9125 0.1)
(0.875 0.9125 0.1)
(0.8875 0.9125 0.1)
(0.9 0.9125 0.1)
(0.9125 0.9125 0.1)
(0.925 0.9125 0.1)
(0.9375 0.9125 0.1)
(0.95 0.9125 0.1)
(0.9625 0.9125 0.1)
(0.975 0.9125 0.1)
(0.9875 0.9125 0.1)
(1 0.9125 0.1)
(0 0.925 0.1)
(0.0125 0.925 0.1)
(0.025 0.925 0.1)
(0.0375 0.925 0.1)
(0.05 0.925 0.1)
(0.0625 0.925 0.1)
(0.075 0.925 0.1)
(0.0875 0.925 0.1)
(0.1 0.925 0.1)
(0.1125 0.925 0.1)
(0.125 0.925 0.1)
(0.1375 0.925 0.1)
(0.15 0.925 0.1)
(0.1625 0.925 0.1)
(0.175 0.925 0.1)
(0.1875 0.925 0.1)
(0.2 0.925 0.1)
(0.2125 0.925 0.1)
(0.225 0.925 0.1)
(0.2375 0.925 0.1)
(0.25 0.925 0.1)
(0.2625 0.925 0.1)
(0.275 0.925 0.1)
(0.2875 0.925 0.1)
(0.3 0.925 0.1)
(0.3125 0.925 0.1)
(0.325 0.925 0.1)
(0.3375 0.925 0.1)
(0.35 0.925 0.1)
(0.3625 0.925 0.1)
(0.375 0.925 0.1)
(0.3875 0.925 0.1)
(0.4 0.925 0.1)
(0.4125 0.925 0.1)
(0.425 0.925 0.1)
(0.4375 0.925 0.1)
(0.45 0.925 0.1)
(0.4625 0.925 0.1)
(0.475 0.925 0.1)
(0.4875 0.925 0.1)
(0.5 0.925 0.1)
(0.5125 0.925 0.1)
(0.525 0.925 0.1)
(0.5375 0.925 0.1)
(0.55 0.925 0.1)
(0.5625 0.925 0.1)
(0.575 0.925 0.1)
(0.5875 0.925 0.1)
(0.6 0.925 0.1)
(0.6125 0.925 0.1)
(0.625 0.925 0.1)
(0.6375 0.925 0.1)
(0.65 0.925 0.1)
(0.6625 0.925 0.1)
(0.675 0.925 0.1)
(0.6875 0.925 0.1)
(0.7 0.925 0.1)
(0.7125 0.925 0.1)
(0.725 0.925 0.1)
(0.7375 0.925 0.1)
(0.75 0.925 0.1)
(0.7625 0.925 0.1)
(0.775 0.925 0.1)
(0.7875 0.925 0.1)
(0.8 0.925 0.1)
(0.8125 0.925 0.1)
(0.825 0.925 0.1)
(0.8375 0.925 0.1)
(0.85 0.925 0.1)
(0.8625 0.925 0.1)
(0.875 0.925 0.1)
(0.8875 0.925 0.1)
(0.9 0.925 0.1)
(0.9125 0.925 0.1)
(0.925 0.925 0.1)
(0.9375 0.925 0.1)
(0.95 0.925 0.1)
(0.9625 0.925 0.1)
(0.975 0.925 0.1)
(0.9875 0.925 0.1)
(1 0.925 0.1)
(0 0.9375 0.1)
(0.0125 0.9375 0.1)
(0.025 0.9375 0.1)
(0.0375 0.9375 0.1)
(0.05 0.9375 0.1)
(0.0625 0.9375 0.1)
(0.075 0.9375 0.1)
(0.0875 0.9375 0.1)
(0.1 0.9375 0.1)
(0.1125 0.9375 0.1)
(0.125 0.9375 0.1)
(0.1375 0.9375 0.1)
(0.15 0.9375 0.1)
(0.1625 0.9375 0.1)
(0.175 0.9375 0.1)
(0.1875 0.9375 0.1)
(0.2 0.9375 0.1)
(0.2125 0.9375 0.1)
(0.225 0.9375 0.1)
(0.2375 0.9375 0.1)
(0.25 0.9375 0.1)
(0.2625 0.9375 0.1)
(0.275 0.9375 0.1)
(0.2875 0.9375 0.1)
(0.3 0.9375 0.1)
(0.3125 0.9375 0.1)
(0.325 0.9375 0.1)
(0.3375 0.9375 0.1)
(0.35 0.9375 0.1)
(0.3625 0.9375 0.1)
(0.375 0.9375 0.1)
(0.3875 0.9375 0.1)
(0.4 0.9375 0.1)
(0.4125 0.9375 0.1)
(0.425 0.9375 0.1)
(0.4375 0.9375 0.1)
(0.45 0.9375 0.1)
(0.4625 0.9375 0.1)
(0.475 0.9375 0.1)
(0.4875 0.9375 0.1)
(0.5 0.9375 0.1)
(0.5125 0.9375 0.1)
(0.525 0.9375 0.1)
(0.5375 0.9375 0.1)
(0.55 0.9375 0.1)
(0.5625 0.9375 0.1)
(0.575 0.9375 0.1)
(0.5875 0.9375 0.1)
(0.6 0.9375 0.1)
(0.6125 0.9375 0.1)
(0.625 0.9375 0.1)
(0.6375 0.9375 0.1)
(0.65 0.9375 0.1)
(0.6625 0.9375 0.1)
(0.675 0.9375 0.1)
(0.6875 0.9375 0.1)
(0.7 0.9375 0.1)
(0.7125 0.9375 0.1)
(0.725 0.9375 0.1)
(0.7375 0.9375 0.1)
(0.75 0.9375 0.1)
(0.7625 0.9375 0.1)
(0.775 0.9375 0.1)
(0.7875 0.9375 0.1)
(0.8 0.9375 0.1)
(0.8125 0.9375 0.1)
(0.825 0.9375 0.1)
(0.8375 0.9375 0.1)
(0.85 0.9375 0.1)
(0.8625 0.9375 0.1)
(0.875 0.9375 0.1)
(0.8875 0.9375 0.1)
(0.9 0.9375 0.1)
(0.9125 0.9375 0.1)
(0.925 0.9375 0.1)
(0.9375 0.9375 0.1)
(0.95 0.9375 0.1)
(0.9625 0.9375 0.1)
(0.975 0.9375 0.1)
(0.9875 0.9375 0.1)
(1 0.9375 0.1)
(0 0.95 0.1)
(0.0125 0.95 0.1)
(0.025 0.95 0.1)
(0.0375 0.95 0.1)
(0.05 0.95 0.1)
(0.0625 0.95 0.1)
(0.075 0.95 0.1)
(0.0875 0.95 0.1)
(0.1 0.95 0.1)
(0.1125 0.95 0.1)
(0.125 0.95 0.1)
(0.1375 0.95 0.1)
(0.15 0.95 0.1)
(0.1625 0.95 0.1)
(0.175 0.95 0.1)
(0.1875 0.95 0.1)
(0.2 0.95 0.1)
(0.2125 0.95 0.1)
(0.225 0.95 0.1)
(0.2375 0.95 0.1)
(0.25 0.95 0.1)
(0.2625 0.95 0.1)
(0.275 0.95 0.1)
(0.2875 0.95 0.1)
(0.3 0.95 0.1)
(0.3125 0.95 0.1)
(0.325 0.95 0.1)
(0.3375 0.95 0.1)
(0.35 0.95 0.1)
(0.3625 0.95 0.1)
(0.375 0.95 0.1)
(0.3875 0.95 0.1)
(0.4 0.95 0.1)
(0.4125 0.95 0.1)
(0.425 0.95 0.1)
(0.4375 0.95 0.1)
(0.45 0.95 0.1)
(0.4625 0.95 0.1)
(0.475 0.95 0.1)
(0.4875 0.95 0.1)
(0.5 0.95 0.1)
(0.5125 0.95 0.1)
(0.525 0.95 0.1)
(0.5375 0.95 0.1)
(0.55 0.95 0.1)
(0.5625 0.95 0.1)
(0.575 0.95 0.1)
(0.5875 0.95 0.1)
(0.6 0.95 0.1)
(0.6125 0.95 0.1)
(0.625 0.95 0.1)
(0.6375 0.95 0.1)
(0.65 0.95 0.1)
(0.6625 0.95 0.1)
(0.675 0.95 0.1)
(0.6875 0.95 0.1)
(0.7 0.95 0.1)
(0.7125 0.95 0.1)
(0.725 0.95 0.1)
(0.7375 0.95 0.1)
(0.75 0.95 0.1)
(0.7625 0.95 0.1)
(0.775 0.95 0.1)
(0.7875 0.95 0.1)
(0.8 0.95 0.1)
(0.8125 0.95 0.1)
(0.825 0.95 0.1)
(0.8375 0.95 0.1)
(0.85 0.95 0.1)
(0.8625 0.95 0.1)
(0.875 0.95 0.1)
(0.8875 0.95 0.1)
(0.9 0.95 0.1)
(0.9125 0.95 0.1)
(0.925 0.95 0.1)
(0.9375 0.95 0.1)
(0.95 0.95 0.1)
(0.9625 0.95 0.1)
(0.975 0.95 0.1)
(0.9875 0.95 0.1)
(1 0.95 0.1)
(0 0.9625 0.1)
(0.0125 0.9625 0.1)
(0.025 0.9625 0.1)
(0.0375 0.9625 0.1)
(0.05 0.9625 0.1)
(0.0625 0.9625 0.1)
(0.075 0.9625 0.1)
(0.0875 0.9625 0.1)
(0.1 0.9625 0.1)
(0.1125 0.9625 0.1)
(0.125 0.9625 0.1)
(0.1375 0.9625 0.1)
(0.15 0.9625 0.1)
(0.1625 0.9625 0.1)
(0.175 0.9625 0.1)
(0.1875 0.9625 0.1)
(0.2 0.9625 0.1)
(0.2125 0.9625 0.1)
(0.225 0.9625 0.1)
(0.2375 0.9625 0.1)
(0.25 0.9625 0.1)
(0.2625 0.9625 0.1)
(0.275 0.9625 0.1)
(0.2875 0.9625 0.1)
(0.3 0.9625 0.1)
(0.3125 0.9625 0.1)
(0.325 0.9625 0.1)
(0.3375 0.9625 0.1)
(0.35 0.9625 0.1)
(0.3625 0.9625 0.1)
(0.375 0.9625 0.1)
(0.3875 0.9625 0.1)
(0.4 0.9625 0.1)
(0.4125 0.9625 0.1)
(0.425 0.9625 0.1)
(0.4375 0.9625 0.1)
(0.45 0.9625 0.1)
(0.4625 0.9625 0.1)
(0.475 0.9625 0.1)
(0.4875 0.9625 0.1)
(0.5 0.9625 0.1)
(0.5125 0.9625 0.1)
(0.525 0.9625 0.1)
(0.5375 0.9625 0.1)
(0.55 0.9625 0.1)
(0.5625 0.9625 0.1)
(0.575 0.9625 0.1)
(0.5875 0.9625 0.1)
(0.6 0.9625 0.1)
(0.6125 0.9625 0.1)
(0.625 0.9625 0.1)
(0.6375 0.9625 0.1)
(0.65 0.9625 0.1)
(0.6625 0.9625 0.1)
(0.675 0.9625 0.1)
(0.6875 0.9625 0.1)
(0.7 0.9625 0.1)
(0.7125 0.9625 0.1)
(0.725 0.9625 0.1)
(0.7375 0.9625 0.1)
(0.75 0.9625 0.1)
(0.7625 0.9625 0.1)
(0.775 0.9625 0.1)
(0.7875 0.9625 0.1)
(0.8 0.9625 0.1)
(0.8125 0.9625 0.1)
(0.825 0.9625 0.1)
(0.8375 0.9625 0.1)
(0.85 0.9625 0.1)
(0.8625 0.9625 0.1)
(0.875 0.9625 0.1)
(0.8875 0.9625 0.1)
(0.9 0.9625 0.1)
(0.9125 0.9625 0.1)
(0.925 0.9625 0.1)
(0.9375 0.9625 0.1)
(0.95 0.9625 0.1)
(0.9625 0.9625 0.1)
(0.975 0.9625 0.1)
(0.9875 0.9625 0.1)
(1 0.9625 0.1)
(0 0.975 0.1)
(0.0125 0.975 0.1)
(0.025 0.975 0.1)
(0.0375 0.975 0.1)
(0.05 0.975 0.1)
(0.0625 0.975 0.1)
(0.075 0.975 0.1)
(0.0875 0.975 0.1)
(0.1 0.975 0.1)
(0.1125 0.975 0.1)
(0.125 0.975 0.1)
(0.1375 0.975 0.1)
(0.15 0.975 0.1)
(0.1625 0.975 0.1)
(0.175 0.975 0.1)
(0.1875 0.975 0.1)
(0.2 0.975 0.1)
(0.2125 0.975 0.1)
(0.225 0.975 0.1)
(0.2375 0.975 0.1)
(0.25 0.975 0.1)
(0.2625 0.975 0.1)
(0.275 0.975 0.1)
(0.2875 0.975 0.1)
(0.3 0.975 0.1)
(0.3125 0.975 0.1)
(0.325 0.975 0.1)
(0.3375 0.975 0.1)
(0.35 0.975 0.1)
(0.3625 0.975 0.1)
(0.375 0.975 0.1)
(0.3875 0.975 0.1)
(0.4 0.975 0.1)
(0.4125 0.975 0.1)
(0.425 0.975 0.1)
(0.4375 0.975 0.1)
(0.45 0.975 0.1)
(0.4625 0.975 0.1)
(0.475 0.975 0.1)
(0.4875 0.975 0.1)
(0.5 0.975 0.1)
(0.5125 0.975 0.1)
(0.525 0.975 0.1)
(0.5375 0.975 0.1)
(0.55 0.975 0.1)
(0.5625 0.975 0.1)
(0.575 0.975 0.1)
(0.5875 0.975 0.1)
(0.6 0.975 0.1)
(0.6125 0.975 0.1)
(0.625 0.975 0.1)
(0.6375 0.975 0.1)
(0.65 0.975 0.1)
(0.6625 0.975 0.1)
(0.675 0.975 0.1)
(0.6875 0.975 0.1)
(0.7 0.975 0.1)
(0.7125 0.975 0.1)
(0.725 0.975 0.1)
(0.7375 0.975 0.1)
(0.75 0.975 0.1)
(0.7625 0.975 0.1)
(0.775 0.975 0.1)
(0.7875 0.975 0.1)
(0.8 0.975 0.1)
(0.8125 0.975 0.1)
(0.825 0.975 0.1)
(0.8375 0.975 0.1)
(0.85 0.975 0.1)
(0.8625 0.975 0.1)
(0.875 0.975 0.1)
(0.8875 0.975 0.1)
(0.9 0.975 0.1)
(0.9125 0.975 0.1)
(0.925 0.975 0.1)
(0.9375 0.975 0.1)
(0.95 0.975 0.1)
(0.9625 0.975 0.1)
(0.975 0.975 0.1)
(0.9875 0.975 0.1)
(1 0.975 0.1)
(0 0.9875 0.1)
(0.0125 0.9875 0.1)
(0.025 0.9875 0.1)
(0.0375 0.9875 0.1)
(0.05 0.9875 0.1)
(0.0625 0.9875 0.1)
(0.075 0.9875 0.1)
(0.0875 0.9875 0.1)
(0.1 0.9875 0.1)
(0.1125 0.9875 0.1)
(0.125 0.9875 0.1)
(0.1375 0.9875 0.1)
(0.15 0.9875 0.1)
(0.1625 0.9875 0.1)
(0.175 0.9875 0.1)
(0.1875 0.9875 0.1)
(0.2 0.9875 0.1)
(0.2125 0.9875 0.1)
(0.225 0.9875 0.1)
(0.2375 0.9875 0.1)
(0.25 0.9875 0.1)
(0.2625 0.9875 0.1)
(0.275 0.9875 0.1)
(0.2875 0.9875 0.1)
(0.3 0.9875 0.1)
(0.3125 0.9875 0.1)
(0.325 0.9875 0.1)
(0.3375 0.9875 0.1)
(0.35 0.9875 0.1)
(0.3625 0.9875 0.1)
(0.375 0.9875 0.1)
(0.3875 0.9875 0.1)
(0.4 0.9875 0.1)
(0.4125 0.9875 0.1)
(0.425 0.9875 0.1)
(0.4375 0.9875 0.1)
(0.45 0.9875 0.1)
(0.4625 0.9875 0.1)
(0.475 0.9875 0.1)
(0.4875 0.9875 0.1)
(0.5 0.9875 0.1)
(0.5125 0.9875 0.1)
(0.525 0.9875 0.1)
(0.5375 0.9875 0.1)
(0.55 0.9875 0.1)
(0.5625 0.9875 0.1)
(0.575 0.9875 0.1)
(0.5875 0.9875 0.1)
(0.6 0.9875 0.1)
(0.6125 0.9875 0.1)
(0.625 0.9875 0.1)
(0.6375 0.9875 0.1)
(0.65 0.9875 0.1)
(0.6625 0.9875 0.1)
(0.675 0.9875 0.1)
(0.6875 0.9875 0.1)
(0.7 0.9875 0.1)
(0.7125 0.9875 0.1)
(0.725 0.9875 0.1)
(0.7375 0.9875 0.1)
(0.75 0.9875 0.1)
(0.7625 0.9875 0.1)
(0.775 0.9875 0.1)
(0.7875 0.9875 0.1)
(0.8 0.9875 0.1)
(0.8125 0.9875 0.1)
(0.825 0.9875 0.1)
(0.8375 0.9875 0.1)
(0.85 0.9875 0.1)
(0.8625 0.9875 0.1)
(0.875 0.9875 0.1)
(0.8875 0.9875 0.1)
(0.9 0.9875 0.1)
(0.9125 0.9875 0.1)
(0.925 0.9875 0.1)
(0.9375 0.9875 0.1)
(0.95 0.9875 0.1)
(0.9625 0.9875 0.1)
(0.975 0.9875 0.1)
(0.9875 0.9875 0.1)
(1 0.9875 0.1)
(0 1 0.1)
(0.0125 1 0.1)
(0.025 1 0.1)
(0.0375 1 0.1)
(0.05 1 0.1)
(0.0625 1 0.1)
(0.075 1 0.1)
(0.0875 1 0.1)
(0.1 1 0.1)
(0.1125 1 0.1)
(0.125 1 0.1)
(0.1375 1 0.1)
(0.15 1 0.1)
(0.1625 1 0.1)
(0.175 1 0.1)
(0.1875 1 0.1)
(0.2 1 0.1)
(0.2125 1 0.1)
(0.225 1 0.1)
(0.2375 1 0.1)
(0.25 1 0.1)
(0.2625 1 0.1)
(0.275 1 0.1)
(0.2875 1 0.1)
(0.3 1 0.1)
(0.3125 1 0.1)
(0.325 1 0.1)
(0.3375 1 0.1)
(0.35 1 0.1)
(0.3625 1 0.1)
(0.375 1 0.1)
(0.3875 1 0.1)
(0.4 1 0.1)
(0.4125 1 0.1)
(0.425 1 0.1)
(0.4375 1 0.1)
(0.45 1 0.1)
(0.4625 1 0.1)
(0.475 1 0.1)
(0.4875 1 0.1)
(0.5 1 0.1)
(0.5125 1 0.1)
(0.525 1 0.1)
(0.5375 1 0.1)
(0.55 1 0.1)
(0.5625 1 0.1)
(0.575 1 0.1)
(0.5875 1 0.1)
(0.6 1 0.1)
(0.6125 1 0.1)
(0.625 1 0.1)
(0.6375 1 0.1)
(0.65 1 0.1)
(0.6625 1 0.1)
(0.675 1 0.1)
(0.6875 1 0.1)
(0.7 1 0.1)
(0.7125 1 0.1)
(0.725 1 0.1)
(0.7375 1 0.1)
(0.75 1 0.1)
(0.7625 1 0.1)
(0.775 1 0.1)
(0.7875 1 0.1)
(0.8 1 0.1)
(0.8125 1 0.1)
(0.825 1 0.1)
(0.8375 1 0.1)
(0.85 1 0.1)
(0.8625 1 0.1)
(0.875 1 0.1)
(0.8875 1 0.1)
(0.9 1 0.1)
(0.9125 1 0.1)
(0.925 1 0.1)
(0.9375 1 0.1)
(0.95 1 0.1)
(0.9625 1 0.1)
(0.975 1 0.1)
(0.9875 1 0.1)
(1 1 0.1)
(0 1.0125 0.1)
(0.0125 1.0125 0.1)
(0.025 1.0125 0.1)
(0.0375 1.0125 0.1)
(0.05 1.0125 0.1)
(0.0625 1.0125 0.1)
(0.075 1.0125 0.1)
(0.0875 1.0125 0.1)
(0.1 1.0125 0.1)
(0.1125 1.0125 0.1)
(0.125 1.0125 0.1)
(0.1375 1.0125 0.1)
(0.15 1.0125 0.1)
(0.1625 1.0125 0.1)
(0.175 1.0125 0.1)
(0.1875 1.0125 0.1)
(0.2 1.0125 0.1)
(0.2125 1.0125 0.1)
(0.225 1.0125 0.1)
(0.2375 1.0125 0.1)
(0.25 1.0125 0.1)
(0.2625 1.0125 0.1)
(0.275 1.0125 0.1)
(0.2875 1.0125 0.1)
(0.3 1.0125 0.1)
(0.3125 1.0125 0.1)
(0.325 1.0125 0.1)
(0.3375 1.0125 0.1)
(0.35 1.0125 0.1)
(0.3625 1.0125 0.1)
(0.375 1.0125 0.1)
(0.3875 1.0125 0.1)
(0.4 1.0125 0.1)
(0.4125 1.0125 0.1)
(0.425 1.0125 0.1)
(0.4375 1.0125 0.1)
(0.45 1.0125 0.1)
(0.4625 1.0125 0.1)
(0.475 1.0125 0.1)
(0.4875 1.0125 0.1)
(0.5 1.0125 0.1)
(0.5125 1.0125 0.1)
(0.525 1.0125 0.1)
(0.5375 1.0125 0.1)
(0.55 1.0125 0.1)
(0.5625 1.0125 0.1)
(0.575 1.0125 0.1)
(0.5875 1.0125 0.1)
(0.6 1.0125 0.1)
(0.6125 1.0125 0.1)
(0.625 1.0125 0.1)
(0.6375 1.0125 0.1)
(0.65 1.0125 0.1)
(0.6625 1.0125 0.1)
(0.675 1.0125 0.1)
(0.6875 1.0125 0.1)
(0.7 1.0125 0.1)
(0.7125 1.0125 0.1)
(0.725 1.0125 0.1)
(0.7375 1.0125 0.1)
(0.75 1.0125 0.1)
(0.7625 1.0125 0.1)
(0.775 1.0125 0.1)
(0.7875 1.0125 0.1)
(0.8 1.0125 0.1)
(0.8125 1.0125 0.1)
(0.825 1.0125 0.1)
(0.8375 1.0125 0.1)
(0.85 1.0125 0.1)
(0.8625 1.0125 0.1)
(0.875 1.0125 0.1)
(0.8875 1.0125 0.1)
(0.9 1.0125 0.1)
(0.9125 1.0125 0.1)
(0.925 1.0125 0.1)
(0.9375 1.0125 0.1)
(0.95 1.0125 0.1)
(0.9625 1.0125 0.1)
(0.975 1.0125 0.1)
(0.9875 1.0125 0.1)
(1 1.0125 0.1)
(0 1.025 0.1)
(0.0125 1.025 0.1)
(0.025 1.025 0.1)
(0.0375 1.025 0.1)
(0.05 1.025 0.1)
(0.0625 1.025 0.1)
(0.075 1.025 0.1)
(0.0875 1.025 0.1)
(0.1 1.025 0.1)
(0.1125 1.025 0.1)
(0.125 1.025 0.1)
(0.1375 1.025 0.1)
(0.15 1.025 0.1)
(0.1625 1.025 0.1)
(0.175 1.025 0.1)
(0.1875 1.025 0.1)
(0.2 1.025 0.1)
(0.2125 1.025 0.1)
(0.225 1.025 0.1)
(0.2375 1.025 0.1)
(0.25 1.025 0.1)
(0.2625 1.025 0.1)
(0.275 1.025 0.1)
(0.2875 1.025 0.1)
(0.3 1.025 0.1)
(0.3125 1.025 0.1)
(0.325 1.025 0.1)
(0.3375 1.025 0.1)
(0.35 1.025 0.1)
(0.3625 1.025 0.1)
(0.375 1.025 0.1)
(0.3875 1.025 0.1)
(0.4 1.025 0.1)
(0.4125 1.025 0.1)
(0.425 1.025 0.1)
(0.4375 1.025 0.1)
(0.45 1.025 0.1)
(0.4625 1.025 0.1)
(0.475 1.025 0.1)
(0.4875 1.025 0.1)
(0.5 1.025 0.1)
(0.5125 1.025 0.1)
(0.525 1.025 0.1)
(0.5375 1.025 0.1)
(0.55 1.025 0.1)
(0.5625 1.025 0.1)
(0.575 1.025 0.1)
(0.5875 1.025 0.1)
(0.6 1.025 0.1)
(0.6125 1.025 0.1)
(0.625 1.025 0.1)
(0.6375 1.025 0.1)
(0.65 1.025 0.1)
(0.6625 1.025 0.1)
(0.675 1.025 0.1)
(0.6875 1.025 0.1)
(0.7 1.025 0.1)
(0.7125 1.025 0.1)
(0.725 1.025 0.1)
(0.7375 1.025 0.1)
(0.75 1.025 0.1)
(0.7625 1.025 0.1)
(0.775 1.025 0.1)
(0.7875 1.025 0.1)
(0.8 1.025 0.1)
(0.8125 1.025 0.1)
(0.825 1.025 0.1)
(0.8375 1.025 0.1)
(0.85 1.025 0.1)
(0.8625 1.025 0.1)
(0.875 1.025 0.1)
(0.8875 1.025 0.1)
(0.9 1.025 0.1)
(0.9125 1.025 0.1)
(0.925 1.025 0.1)
(0.9375 1.025 0.1)
(0.95 1.025 0.1)
(0.9625 1.025 0.1)
(0.975 1.025 0.1)
(0.9875 1.025 0.1)
(1 1.025 0.1)
(0 1.0375 0.1)
(0.0125 1.0375 0.1)
(0.025 1.0375 0.1)
(0.0375 1.0375 0.1)
(0.05 1.0375 0.1)
(0.0625 1.0375 0.1)
(0.075 1.0375 0.1)
(0.0875 1.0375 0.1)
(0.1 1.0375 0.1)
(0.1125 1.0375 0.1)
(0.125 1.0375 0.1)
(0.1375 1.0375 0.1)
(0.15 1.0375 0.1)
(0.1625 1.0375 0.1)
(0.175 1.0375 0.1)
(0.1875 1.0375 0.1)
(0.2 1.0375 0.1)
(0.2125 1.0375 0.1)
(0.225 1.0375 0.1)
(0.2375 1.0375 0.1)
(0.25 1.0375 0.1)
(0.2625 1.0375 0.1)
(0.275 1.0375 0.1)
(0.2875 1.0375 0.1)
(0.3 1.0375 0.1)
(0.3125 1.0375 0.1)
(0.325 1.0375 0.1)
(0.3375 1.0375 0.1)
(0.35 1.0375 0.1)
(0.3625 1.0375 0.1)
(0.375 1.0375 0.1)
(0.3875 1.0375 0.1)
(0.4 1.0375 0.1)
(0.4125 1.0375 0.1)
(0.425 1.0375 0.1)
(0.4375 1.0375 0.1)
(0.45 1.0375 0.1)
(0.4625 1.0375 0.1)
(0.475 1.0375 0.1)
(0.4875 1.0375 0.1)
(0.5 1.0375 0.1)
(0.5125 1.0375 0.1)
(0.525 1.0375 0.1)
(0.5375 1.0375 0.1)
(0.55 1.0375 0.1)
(0.5625 1.0375 0.1)
(0.575 1.0375 0.1)
(0.5875 1.0375 0.1)
(0.6 1.0375 0.1)
(0.6125 1.0375 0.1)
(0.625 1.0375 0.1)
(0.6375 1.0375 0.1)
(0.65 1.0375 0.1)
(0.6625 1.0375 0.1)
(0.675 1.0375 0.1)
(0.6875 1.0375 0.1)
(0.7 1.0375 0.1)
(0.7125 1.0375 0.1)
(0.725 1.0375 0.1)
(0.7375 1.0375 0.1)
(0.75 1.0375 0.1)
(0.7625 1.0375 0.1)
(0.775 1.0375 0.1)
(0.7875 1.0375 0.1)
(0.8 1.0375 0.1)
(0.8125 1.0375 0.1)
(0.825 1.0375 0.1)
(0.8375 1.0375 0.1)
(0.85 1.0375 0.1)
(0.8625 1.0375 0.1)
(0.875 1.0375 0.1)
(0.8875 1.0375 0.1)
(0.9 1.0375 0.1)
(0.9125 1.0375 0.1)
(0.925 1.0375 0.1)
(0.9375 1.0375 0.1)
(0.95 1.0375 0.1)
(0.9625 1.0375 0.1)
(0.975 1.0375 0.1)
(0.9875 1.0375 0.1)
(1 1.0375 0.1)
(0 1.05 0.1)
(0.0125 1.05 0.1)
(0.025 1.05 0.1)
(0.0375 1.05 0.1)
(0.05 1.05 0.1)
(0.0625 1.05 0.1)
(0.075 1.05 0.1)
(0.0875 1.05 0.1)
(0.1 1.05 0.1)
(0.1125 1.05 0.1)
(0.125 1.05 0.1)
(0.1375 1.05 0.1)
(0.15 1.05 0.1)
(0.1625 1.05 0.1)
(0.175 1.05 0.1)
(0.1875 1.05 0.1)
(0.2 1.05 0.1)
(0.2125 1.05 0.1)
(0.225 1.05 0.1)
(0.2375 1.05 0.1)
(0.25 1.05 0.1)
(0.2625 1.05 0.1)
(0.275 1.05 0.1)
(0.2875 1.05 0.1)
(0.3 1.05 0.1)
(0.3125 1.05 0.1)
(0.325 1.05 0.1)
(0.3375 1.05 0.1)
(0.35 1.05 0.1)
(0.3625 1.05 0.1)
(0.375 1.05 0.1)
(0.3875 1.05 0.1)
(0.4 1.05 0.1)
(0.4125 1.05 0.1)
(0.425 1.05 0.1)
(0.4375 1.05 0.1)
(0.45 1.05 0.1)
(0.4625 1.05 0.1)
(0.475 1.05 0.1)
(0.4875 1.05 0.1)
(0.5 1.05 0.1)
(0.5125 1.05 0.1)
(0.525 1.05 0.1)
(0.5375 1.05 0.1)
(0.55 1.05 0.1)
(0.5625 1.05 0.1)
(0.575 1.05 0.1)
(0.5875 1.05 0.1)
(0.6 1.05 0.1)
(0.6125 1.05 0.1)
(0.625 1.05 0.1)
(0.6375 1.05 0.1)
(0.65 1.05 0.1)
(0.6625 1.05 0.1)
(0.675 1.05 0.1)
(0.6875 1.05 0.1)
(0.7 1.05 0.1)
(0.7125 1.05 0.1)
(0.725 1.05 0.1)
(0.7375 1.05 0.1)
(0.75 1.05 0.1)
(0.7625 1.05 0.1)
(0.775 1.05 0.1)
(0.7875 1.05 0.1)
(0.8 1.05 0.1)
(0.8125 1.05 0.1)
(0.825 1.05 0.1)
(0.8375 1.05 0.1)
(0.85 1.05 0.1)
(0.8625 1.05 0.1)
(0.875 1.05 0.1)
(0.8875 1.05 0.1)
(0.9 1.05 0.1)
(0.9125 1.05 0.1)
(0.925 1.05 0.1)
(0.9375 1.05 0.1)
(0.95 1.05 0.1)
(0.9625 1.05 0.1)
(0.975 1.05 0.1)
(0.9875 1.05 0.1)
(1 1.05 0.1)
(0 1.0625 0.1)
(0.0125 1.0625 0.1)
(0.025 1.0625 0.1)
(0.0375 1.0625 0.1)
(0.05 1.0625 0.1)
(0.0625 1.0625 0.1)
(0.075 1.0625 0.1)
(0.0875 1.0625 0.1)
(0.1 1.0625 0.1)
(0.1125 1.0625 0.1)
(0.125 1.0625 0.1)
(0.1375 1.0625 0.1)
(0.15 1.0625 0.1)
(0.1625 1.0625 0.1)
(0.175 1.0625 0.1)
(0.1875 1.0625 0.1)
(0.2 1.0625 0.1)
(0.2125 1.0625 0.1)
(0.225 1.0625 0.1)
(0.2375 1.0625 0.1)
(0.25 1.0625 0.1)
(0.2625 1.0625 0.1)
(0.275 1.0625 0.1)
(0.2875 1.0625 0.1)
(0.3 1.0625 0.1)
(0.3125 1.0625 0.1)
(0.325 1.0625 0.1)
(0.3375 1.0625 0.1)
(0.35 1.0625 0.1)
(0.3625 1.0625 0.1)
(0.375 1.0625 0.1)
(0.3875 1.0625 0.1)
(0.4 1.0625 0.1)
(0.4125 1.0625 0.1)
(0.425 1.0625 0.1)
(0.4375 1.0625 0.1)
(0.45 1.0625 0.1)
(0.4625 1.0625 0.1)
(0.475 1.0625 0.1)
(0.4875 1.0625 0.1)
(0.5 1.0625 0.1)
(0.5125 1.0625 0.1)
(0.525 1.0625 0.1)
(0.5375 1.0625 0.1)
(0.55 1.0625 0.1)
(0.5625 1.0625 0.1)
(0.575 1.0625 0.1)
(0.5875 1.0625 0.1)
(0.6 1.0625 0.1)
(0.6125 1.0625 0.1)
(0.625 1.0625 0.1)
(0.6375 1.0625 0.1)
(0.65 1.0625 0.1)
(0.6625 1.0625 0.1)
(0.675 1.0625 0.1)
(0.6875 1.0625 0.1)
(0.7 1.0625 0.1)
(0.7125 1.0625 0.1)
(0.725 1.0625 0.1)
(0.7375 1.0625 0.1)
(0.75 1.0625 0.1)
(0.7625 1.0625 0.1)
(0.775 1.0625 0.1)
(0.7875 1.0625 0.1)
(0.8 1.0625 0.1)
(0.8125 1.0625 0.1)
(0.825 1.0625 0.1)
(0.8375 1.0625 0.1)
(0.85 1.0625 0.1)
(0.8625 1.0625 0.1)
(0.875 1.0625 0.1)
(0.8875 1.0625 0.1)
(0.9 1.0625 0.1)
(0.9125 1.0625 0.1)
(0.925 1.0625 0.1)
(0.9375 1.0625 0.1)
(0.95 1.0625 0.1)
(0.9625 1.0625 0.1)
(0.975 1.0625 0.1)
(0.9875 1.0625 0.1)
(1 1.0625 0.1)
(0 1.075 0.1)
(0.0125 1.075 0.1)
(0.025 1.075 0.1)
(0.0375 1.075 0.1)
(0.05 1.075 0.1)
(0.0625 1.075 0.1)
(0.075 1.075 0.1)
(0.0875 1.075 0.1)
(0.1 1.075 0.1)
(0.1125 1.075 0.1)
(0.125 1.075 0.1)
(0.1375 1.075 0.1)
(0.15 1.075 0.1)
(0.1625 1.075 0.1)
(0.175 1.075 0.1)
(0.1875 1.075 0.1)
(0.2 1.075 0.1)
(0.2125 1.075 0.1)
(0.225 1.075 0.1)
(0.2375 1.075 0.1)
(0.25 1.075 0.1)
(0.2625 1.075 0.1)
(0.275 1.075 0.1)
(0.2875 1.075 0.1)
(0.3 1.075 0.1)
(0.3125 1.075 0.1)
(0.325 1.075 0.1)
(0.3375 1.075 0.1)
(0.35 1.075 0.1)
(0.3625 1.075 0.1)
(0.375 1.075 0.1)
(0.3875 1.075 0.1)
(0.4 1.075 0.1)
(0.4125 1.075 0.1)
(0.425 1.075 0.1)
(0.4375 1.075 0.1)
(0.45 1.075 0.1)
(0.4625 1.075 0.1)
(0.475 1.075 0.1)
(0.4875 1.075 0.1)
(0.5 1.075 0.1)
(0.5125 1.075 0.1)
(0.525 1.075 0.1)
(0.5375 1.075 0.1)
(0.55 1.075 0.1)
(0.5625 1.075 0.1)
(0.575 1.075 0.1)
(0.5875 1.075 0.1)
(0.6 1.075 0.1)
(0.6125 1.075 0.1)
(0.625 1.075 0.1)
(0.6375 1.075 0.1)
(0.65 1.075 0.1)
(0.6625 1.075 0.1)
(0.675 1.075 0.1)
(0.6875 1.075 0.1)
(0.7 1.075 0.1)
(0.7125 1.075 0.1)
(0.725 1.075 0.1)
(0.7375 1.075 0.1)
(0.75 1.075 0.1)
(0.7625 1.075 0.1)
(0.775 1.075 0.1)
(0.7875 1.075 0.1)
(0.8 1.075 0.1)
(0.8125 1.075 0.1)
(0.825 1.075 0.1)
(0.8375 1.075 0.1)
(0.85 1.075 0.1)
(0.8625 1.075 0.1)
(0.875 1.075 0.1)
(0.8875 1.075 0.1)
(0.9 1.075 0.1)
(0.9125 1.075 0.1)
(0.925 1.075 0.1)
(0.9375 1.075 0.1)
(0.95 1.075 0.1)
(0.9625 1.075 0.1)
(0.975 1.075 0.1)
(0.9875 1.075 0.1)
(1 1.075 0.1)
(0 1.0875 0.1)
(0.0125 1.0875 0.1)
(0.025 1.0875 0.1)
(0.0375 1.0875 0.1)
(0.05 1.0875 0.1)
(0.0625 1.0875 0.1)
(0.075 1.0875 0.1)
(0.0875 1.0875 0.1)
(0.1 1.0875 0.1)
(0.1125 1.0875 0.1)
(0.125 1.0875 0.1)
(0.1375 1.0875 0.1)
(0.15 1.0875 0.1)
(0.1625 1.0875 0.1)
(0.175 1.0875 0.1)
(0.1875 1.0875 0.1)
(0.2 1.0875 0.1)
(0.2125 1.0875 0.1)
(0.225 1.0875 0.1)
(0.2375 1.0875 0.1)
(0.25 1.0875 0.1)
(0.2625 1.0875 0.1)
(0.275 1.0875 0.1)
(0.2875 1.0875 0.1)
(0.3 1.0875 0.1)
(0.3125 1.0875 0.1)
(0.325 1.0875 0.1)
(0.3375 1.0875 0.1)
(0.35 1.0875 0.1)
(0.3625 1.0875 0.1)
(0.375 1.0875 0.1)
(0.3875 1.0875 0.1)
(0.4 1.0875 0.1)
(0.4125 1.0875 0.1)
(0.425 1.0875 0.1)
(0.4375 1.0875 0.1)
(0.45 1.0875 0.1)
(0.4625 1.0875 0.1)
(0.475 1.0875 0.1)
(0.4875 1.0875 0.1)
(0.5 1.0875 0.1)
(0.5125 1.0875 0.1)
(0.525 1.0875 0.1)
(0.5375 1.0875 0.1)
(0.55 1.0875 0.1)
(0.5625 1.0875 0.1)
(0.575 1.0875 0.1)
(0.5875 1.0875 0.1)
(0.6 1.0875 0.1)
(0.6125 1.0875 0.1)
(0.625 1.0875 0.1)
(0.6375 1.0875 0.1)
(0.65 1.0875 0.1)
(0.6625 1.0875 0.1)
(0.675 1.0875 0.1)
(0.6875 1.0875 0.1)
(0.7 1.0875 0.1)
(0.7125 1.0875 0.1)
(0.725 1.0875 0.1)
(0.7375 1.0875 0.1)
(0.75 1.0875 0.1)
(0.7625 1.0875 0.1)
(0.775 1.0875 0.1)
(0.7875 1.0875 0.1)
(0.8 1.0875 0.1)
(0.8125 1.0875 0.1)
(0.825 1.0875 0.1)
(0.8375 1.0875 0.1)
(0.85 1.0875 0.1)
(0.8625 1.0875 0.1)
(0.875 1.0875 0.1)
(0.8875 1.0875 0.1)
(0.9 1.0875 0.1)
(0.9125 1.0875 0.1)
(0.925 1.0875 0.1)
(0.9375 1.0875 0.1)
(0.95 1.0875 0.1)
(0.9625 1.0875 0.1)
(0.975 1.0875 0.1)
(0.9875 1.0875 0.1)
(1 1.0875 0.1)
(0 1.1 0.1)
(0.0125 1.1 0.1)
(0.025 1.1 0.1)
(0.0375 1.1 0.1)
(0.05 1.1 0.1)
(0.0625 1.1 0.1)
(0.075 1.1 0.1)
(0.0875 1.1 0.1)
(0.1 1.1 0.1)
(0.1125 1.1 0.1)
(0.125 1.1 0.1)
(0.1375 1.1 0.1)
(0.15 1.1 0.1)
(0.1625 1.1 0.1)
(0.175 1.1 0.1)
(0.1875 1.1 0.1)
(0.2 1.1 0.1)
(0.2125 1.1 0.1)
(0.225 1.1 0.1)
(0.2375 1.1 0.1)
(0.25 1.1 0.1)
(0.2625 1.1 0.1)
(0.275 1.1 0.1)
(0.2875 1.1 0.1)
(0.3 1.1 0.1)
(0.3125 1.1 0.1)
(0.325 1.1 0.1)
(0.3375 1.1 0.1)
(0.35 1.1 0.1)
(0.3625 1.1 0.1)
(0.375 1.1 0.1)
(0.3875 1.1 0.1)
(0.4 1.1 0.1)
(0.4125 1.1 0.1)
(0.425 1.1 0.1)
(0.4375 1.1 0.1)
(0.45 1.1 0.1)
(0.4625 1.1 0.1)
(0.475 1.1 0.1)
(0.4875 1.1 0.1)
(0.5 1.1 0.1)
(0.5125 1.1 0.1)
(0.525 1.1 0.1)
(0.5375 1.1 0.1)
(0.55 1.1 0.1)
(0.5625 1.1 0.1)
(0.575 1.1 0.1)
(0.5875 1.1 0.1)
(0.6 1.1 0.1)
(0.6125 1.1 0.1)
(0.625 1.1 0.1)
(0.6375 1.1 0.1)
(0.65 1.1 0.1)
(0.6625 1.1 0.1)
(0.675 1.1 0.1)
(0.6875 1.1 0.1)
(0.7 1.1 0.1)
(0.7125 1.1 0.1)
(0.725 1.1 0.1)
(0.7375 1.1 0.1)
(0.75 1.1 0.1)
(0.7625 1.1 0.1)
(0.775 1.1 0.1)
(0.7875 1.1 0.1)
(0.8 1.1 0.1)
(0.8125 1.1 0.1)
(0.825 1.1 0.1)
(0.8375 1.1 0.1)
(0.85 1.1 0.1)
(0.8625 1.1 0.1)
(0.875 1.1 0.1)
(0.8875 1.1 0.1)
(0.9 1.1 0.1)
(0.9125 1.1 0.1)
(0.925 1.1 0.1)
(0.9375 1.1 0.1)
(0.95 1.1 0.1)
(0.9625 1.1 0.1)
(0.975 1.1 0.1)
(0.9875 1.1 0.1)
(1 1.1 0.1)
(0 1.1125 0.1)
(0.0125 1.1125 0.1)
(0.025 1.1125 0.1)
(0.0375 1.1125 0.1)
(0.05 1.1125 0.1)
(0.0625 1.1125 0.1)
(0.075 1.1125 0.1)
(0.0875 1.1125 0.1)
(0.1 1.1125 0.1)
(0.1125 1.1125 0.1)
(0.125 1.1125 0.1)
(0.1375 1.1125 0.1)
(0.15 1.1125 0.1)
(0.1625 1.1125 0.1)
(0.175 1.1125 0.1)
(0.1875 1.1125 0.1)
(0.2 1.1125 0.1)
(0.2125 1.1125 0.1)
(0.225 1.1125 0.1)
(0.2375 1.1125 0.1)
(0.25 1.1125 0.1)
(0.2625 1.1125 0.1)
(0.275 1.1125 0.1)
(0.2875 1.1125 0.1)
(0.3 1.1125 0.1)
(0.3125 1.1125 0.1)
(0.325 1.1125 0.1)
(0.3375 1.1125 0.1)
(0.35 1.1125 0.1)
(0.3625 1.1125 0.1)
(0.375 1.1125 0.1)
(0.3875 1.1125 0.1)
(0.4 1.1125 0.1)
(0.4125 1.1125 0.1)
(0.425 1.1125 0.1)
(0.4375 1.1125 0.1)
(0.45 1.1125 0.1)
(0.4625 1.1125 0.1)
(0.475 1.1125 0.1)
(0.4875 1.1125 0.1)
(0.5 1.1125 0.1)
(0.5125 1.1125 0.1)
(0.525 1.1125 0.1)
(0.5375 1.1125 0.1)
(0.55 1.1125 0.1)
(0.5625 1.1125 0.1)
(0.575 1.1125 0.1)
(0.5875 1.1125 0.1)
(0.6 1.1125 0.1)
(0.6125 1.1125 0.1)
(0.625 1.1125 0.1)
(0.6375 1.1125 0.1)
(0.65 1.1125 0.1)
(0.6625 1.1125 0.1)
(0.675 1.1125 0.1)
(0.6875 1.1125 0.1)
(0.7 1.1125 0.1)
(0.7125 1.1125 0.1)
(0.725 1.1125 0.1)
(0.7375 1.1125 0.1)
(0.75 1.1125 0.1)
(0.7625 1.1125 0.1)
(0.775 1.1125 0.1)
(0.7875 1.1125 0.1)
(0.8 1.1125 0.1)
(0.8125 1.1125 0.1)
(0.825 1.1125 0.1)
(0.8375 1.1125 0.1)
(0.85 1.1125 0.1)
(0.8625 1.1125 0.1)
(0.875 1.1125 0.1)
(0.8875 1.1125 0.1)
(0.9 1.1125 0.1)
(0.9125 1.1125 0.1)
(0.925 1.1125 0.1)
(0.9375 1.1125 0.1)
(0.95 1.1125 0.1)
(0.9625 1.1125 0.1)
(0.975 1.1125 0.1)
(0.9875 1.1125 0.1)
(1 1.1125 0.1)
(0 1.125 0.1)
(0.0125 1.125 0.1)
(0.025 1.125 0.1)
(0.0375 1.125 0.1)
(0.05 1.125 0.1)
(0.0625 1.125 0.1)
(0.075 1.125 0.1)
(0.0875 1.125 0.1)
(0.1 1.125 0.1)
(0.1125 1.125 0.1)
(0.125 1.125 0.1)
(0.1375 1.125 0.1)
(0.15 1.125 0.1)
(0.1625 1.125 0.1)
(0.175 1.125 0.1)
(0.1875 1.125 0.1)
(0.2 1.125 0.1)
(0.2125 1.125 0.1)
(0.225 1.125 0.1)
(0.2375 1.125 0.1)
(0.25 1.125 0.1)
(0.2625 1.125 0.1)
(0.275 1.125 0.1)
(0.2875 1.125 0.1)
(0.3 1.125 0.1)
(0.3125 1.125 0.1)
(0.325 1.125 0.1)
(0.3375 1.125 0.1)
(0.35 1.125 0.1)
(0.3625 1.125 0.1)
(0.375 1.125 0.1)
(0.3875 1.125 0.1)
(0.4 1.125 0.1)
(0.4125 1.125 0.1)
(0.425 1.125 0.1)
(0.4375 1.125 0.1)
(0.45 1.125 0.1)
(0.4625 1.125 0.1)
(0.475 1.125 0.1)
(0.4875 1.125 0.1)
(0.5 1.125 0.1)
(0.5125 1.125 0.1)
(0.525 1.125 0.1)
(0.5375 1.125 0.1)
(0.55 1.125 0.1)
(0.5625 1.125 0.1)
(0.575 1.125 0.1)
(0.5875 1.125 0.1)
(0.6 1.125 0.1)
(0.6125 1.125 0.1)
(0.625 1.125 0.1)
(0.6375 1.125 0.1)
(0.65 1.125 0.1)
(0.6625 1.125 0.1)
(0.675 1.125 0.1)
(0.6875 1.125 0.1)
(0.7 1.125 0.1)
(0.7125 1.125 0.1)
(0.725 1.125 0.1)
(0.7375 1.125 0.1)
(0.75 1.125 0.1)
(0.7625 1.125 0.1)
(0.775 1.125 0.1)
(0.7875 1.125 0.1)
(0.8 1.125 0.1)
(0.8125 1.125 0.1)
(0.825 1.125 0.1)
(0.8375 1.125 0.1)
(0.85 1.125 0.1)
(0.8625 1.125 0.1)
(0.875 1.125 0.1)
(0.8875 1.125 0.1)
(0.9 1.125 0.1)
(0.9125 1.125 0.1)
(0.925 1.125 0.1)
(0.9375 1.125 0.1)
(0.95 1.125 0.1)
(0.9625 1.125 0.1)
(0.975 1.125 0.1)
(0.9875 1.125 0.1)
(1 1.125 0.1)
(0 1.1375 0.1)
(0.0125 1.1375 0.1)
(0.025 1.1375 0.1)
(0.0375 1.1375 0.1)
(0.05 1.1375 0.1)
(0.0625 1.1375 0.1)
(0.075 1.1375 0.1)
(0.0875 1.1375 0.1)
(0.1 1.1375 0.1)
(0.1125 1.1375 0.1)
(0.125 1.1375 0.1)
(0.1375 1.1375 0.1)
(0.15 1.1375 0.1)
(0.1625 1.1375 0.1)
(0.175 1.1375 0.1)
(0.1875 1.1375 0.1)
(0.2 1.1375 0.1)
(0.2125 1.1375 0.1)
(0.225 1.1375 0.1)
(0.2375 1.1375 0.1)
(0.25 1.1375 0.1)
(0.2625 1.1375 0.1)
(0.275 1.1375 0.1)
(0.2875 1.1375 0.1)
(0.3 1.1375 0.1)
(0.3125 1.1375 0.1)
(0.325 1.1375 0.1)
(0.3375 1.1375 0.1)
(0.35 1.1375 0.1)
(0.3625 1.1375 0.1)
(0.375 1.1375 0.1)
(0.3875 1.1375 0.1)
(0.4 1.1375 0.1)
(0.4125 1.1375 0.1)
(0.425 1.1375 0.1)
(0.4375 1.1375 0.1)
(0.45 1.1375 0.1)
(0.4625 1.1375 0.1)
(0.475 1.1375 0.1)
(0.4875 1.1375 0.1)
(0.5 1.1375 0.1)
(0.5125 1.1375 0.1)
(0.525 1.1375 0.1)
(0.5375 1.1375 0.1)
(0.55 1.1375 0.1)
(0.5625 1.1375 0.1)
(0.575 1.1375 0.1)
(0.5875 1.1375 0.1)
(0.6 1.1375 0.1)
(0.6125 1.1375 0.1)
(0.625 1.1375 0.1)
(0.6375 1.1375 0.1)
(0.65 1.1375 0.1)
(0.6625 1.1375 0.1)
(0.675 1.1375 0.1)
(0.6875 1.1375 0.1)
(0.7 1.1375 0.1)
(0.7125 1.1375 0.1)
(0.725 1.1375 0.1)
(0.7375 1.1375 0.1)
(0.75 1.1375 0.1)
(0.7625 1.1375 0.1)
(0.775 1.1375 0.1)
(0.7875 1.1375 0.1)
(0.8 1.1375 0.1)
(0.8125 1.1375 0.1)
(0.825 1.1375 0.1)
(0.8375 1.1375 0.1)
(0.85 1.1375 0.1)
(0.8625 1.1375 0.1)
(0.875 1.1375 0.1)
(0.8875 1.1375 0.1)
(0.9 1.1375 0.1)
(0.9125 1.1375 0.1)
(0.925 1.1375 0.1)
(0.9375 1.1375 0.1)
(0.95 1.1375 0.1)
(0.9625 1.1375 0.1)
(0.975 1.1375 0.1)
(0.9875 1.1375 0.1)
(1 1.1375 0.1)
(0 1.15 0.1)
(0.0125 1.15 0.1)
(0.025 1.15 0.1)
(0.0375 1.15 0.1)
(0.05 1.15 0.1)
(0.0625 1.15 0.1)
(0.075 1.15 0.1)
(0.0875 1.15 0.1)
(0.1 1.15 0.1)
(0.1125 1.15 0.1)
(0.125 1.15 0.1)
(0.1375 1.15 0.1)
(0.15 1.15 0.1)
(0.1625 1.15 0.1)
(0.175 1.15 0.1)
(0.1875 1.15 0.1)
(0.2 1.15 0.1)
(0.2125 1.15 0.1)
(0.225 1.15 0.1)
(0.2375 1.15 0.1)
(0.25 1.15 0.1)
(0.2625 1.15 0.1)
(0.275 1.15 0.1)
(0.2875 1.15 0.1)
(0.3 1.15 0.1)
(0.3125 1.15 0.1)
(0.325 1.15 0.1)
(0.3375 1.15 0.1)
(0.35 1.15 0.1)
(0.3625 1.15 0.1)
(0.375 1.15 0.1)
(0.3875 1.15 0.1)
(0.4 1.15 0.1)
(0.4125 1.15 0.1)
(0.425 1.15 0.1)
(0.4375 1.15 0.1)
(0.45 1.15 0.1)
(0.4625 1.15 0.1)
(0.475 1.15 0.1)
(0.4875 1.15 0.1)
(0.5 1.15 0.1)
(0.5125 1.15 0.1)
(0.525 1.15 0.1)
(0.5375 1.15 0.1)
(0.55 1.15 0.1)
(0.5625 1.15 0.1)
(0.575 1.15 0.1)
(0.5875 1.15 0.1)
(0.6 1.15 0.1)
(0.6125 1.15 0.1)
(0.625 1.15 0.1)
(0.6375 1.15 0.1)
(0.65 1.15 0.1)
(0.6625 1.15 0.1)
(0.675 1.15 0.1)
(0.6875 1.15 0.1)
(0.7 1.15 0.1)
(0.7125 1.15 0.1)
(0.725 1.15 0.1)
(0.7375 1.15 0.1)
(0.75 1.15 0.1)
(0.7625 1.15 0.1)
(0.775 1.15 0.1)
(0.7875 1.15 0.1)
(0.8 1.15 0.1)
(0.8125 1.15 0.1)
(0.825 1.15 0.1)
(0.8375 1.15 0.1)
(0.85 1.15 0.1)
(0.8625 1.15 0.1)
(0.875 1.15 0.1)
(0.8875 1.15 0.1)
(0.9 1.15 0.1)
(0.9125 1.15 0.1)
(0.925 1.15 0.1)
(0.9375 1.15 0.1)
(0.95 1.15 0.1)
(0.9625 1.15 0.1)
(0.975 1.15 0.1)
(0.9875 1.15 0.1)
(1 1.15 0.1)
(0 1.1625 0.1)
(0.0125 1.1625 0.1)
(0.025 1.1625 0.1)
(0.0375 1.1625 0.1)
(0.05 1.1625 0.1)
(0.0625 1.1625 0.1)
(0.075 1.1625 0.1)
(0.0875 1.1625 0.1)
(0.1 1.1625 0.1)
(0.1125 1.1625 0.1)
(0.125 1.1625 0.1)
(0.1375 1.1625 0.1)
(0.15 1.1625 0.1)
(0.1625 1.1625 0.1)
(0.175 1.1625 0.1)
(0.1875 1.1625 0.1)
(0.2 1.1625 0.1)
(0.2125 1.1625 0.1)
(0.225 1.1625 0.1)
(0.2375 1.1625 0.1)
(0.25 1.1625 0.1)
(0.2625 1.1625 0.1)
(0.275 1.1625 0.1)
(0.2875 1.1625 0.1)
(0.3 1.1625 0.1)
(0.3125 1.1625 0.1)
(0.325 1.1625 0.1)
(0.3375 1.1625 0.1)
(0.35 1.1625 0.1)
(0.3625 1.1625 0.1)
(0.375 1.1625 0.1)
(0.3875 1.1625 0.1)
(0.4 1.1625 0.1)
(0.4125 1.1625 0.1)
(0.425 1.1625 0.1)
(0.4375 1.1625 0.1)
(0.45 1.1625 0.1)
(0.4625 1.1625 0.1)
(0.475 1.1625 0.1)
(0.4875 1.1625 0.1)
(0.5 1.1625 0.1)
(0.5125 1.1625 0.1)
(0.525 1.1625 0.1)
(0.5375 1.1625 0.1)
(0.55 1.1625 0.1)
(0.5625 1.1625 0.1)
(0.575 1.1625 0.1)
(0.5875 1.1625 0.1)
(0.6 1.1625 0.1)
(0.6125 1.1625 0.1)
(0.625 1.1625 0.1)
(0.6375 1.1625 0.1)
(0.65 1.1625 0.1)
(0.6625 1.1625 0.1)
(0.675 1.1625 0.1)
(0.6875 1.1625 0.1)
(0.7 1.1625 0.1)
(0.7125 1.1625 0.1)
(0.725 1.1625 0.1)
(0.7375 1.1625 0.1)
(0.75 1.1625 0.1)
(0.7625 1.1625 0.1)
(0.775 1.1625 0.1)
(0.7875 1.1625 0.1)
(0.8 1.1625 0.1)
(0.8125 1.1625 0.1)
(0.825 1.1625 0.1)
(0.8375 1.1625 0.1)
(0.85 1.1625 0.1)
(0.8625 1.1625 0.1)
(0.875 1.1625 0.1)
(0.8875 1.1625 0.1)
(0.9 1.1625 0.1)
(0.9125 1.1625 0.1)
(0.925 1.1625 0.1)
(0.9375 1.1625 0.1)
(0.95 1.1625 0.1)
(0.9625 1.1625 0.1)
(0.975 1.1625 0.1)
(0.9875 1.1625 0.1)
(1 1.1625 0.1)
(0 1.175 0.1)
(0.0125 1.175 0.1)
(0.025 1.175 0.1)
(0.0375 1.175 0.1)
(0.05 1.175 0.1)
(0.0625 1.175 0.1)
(0.075 1.175 0.1)
(0.0875 1.175 0.1)
(0.1 1.175 0.1)
(0.1125 1.175 0.1)
(0.125 1.175 0.1)
(0.1375 1.175 0.1)
(0.15 1.175 0.1)
(0.1625 1.175 0.1)
(0.175 1.175 0.1)
(0.1875 1.175 0.1)
(0.2 1.175 0.1)
(0.2125 1.175 0.1)
(0.225 1.175 0.1)
(0.2375 1.175 0.1)
(0.25 1.175 0.1)
(0.2625 1.175 0.1)
(0.275 1.175 0.1)
(0.2875 1.175 0.1)
(0.3 1.175 0.1)
(0.3125 1.175 0.1)
(0.325 1.175 0.1)
(0.3375 1.175 0.1)
(0.35 1.175 0.1)
(0.3625 1.175 0.1)
(0.375 1.175 0.1)
(0.3875 1.175 0.1)
(0.4 1.175 0.1)
(0.4125 1.175 0.1)
(0.425 1.175 0.1)
(0.4375 1.175 0.1)
(0.45 1.175 0.1)
(0.4625 1.175 0.1)
(0.475 1.175 0.1)
(0.4875 1.175 0.1)
(0.5 1.175 0.1)
(0.5125 1.175 0.1)
(0.525 1.175 0.1)
(0.5375 1.175 0.1)
(0.55 1.175 0.1)
(0.5625 1.175 0.1)
(0.575 1.175 0.1)
(0.5875 1.175 0.1)
(0.6 1.175 0.1)
(0.6125 1.175 0.1)
(0.625 1.175 0.1)
(0.6375 1.175 0.1)
(0.65 1.175 0.1)
(0.6625 1.175 0.1)
(0.675 1.175 0.1)
(0.6875 1.175 0.1)
(0.7 1.175 0.1)
(0.7125 1.175 0.1)
(0.725 1.175 0.1)
(0.7375 1.175 0.1)
(0.75 1.175 0.1)
(0.7625 1.175 0.1)
(0.775 1.175 0.1)
(0.7875 1.175 0.1)
(0.8 1.175 0.1)
(0.8125 1.175 0.1)
(0.825 1.175 0.1)
(0.8375 1.175 0.1)
(0.85 1.175 0.1)
(0.8625 1.175 0.1)
(0.875 1.175 0.1)
(0.8875 1.175 0.1)
(0.9 1.175 0.1)
(0.9125 1.175 0.1)
(0.925 1.175 0.1)
(0.9375 1.175 0.1)
(0.95 1.175 0.1)
(0.9625 1.175 0.1)
(0.975 1.175 0.1)
(0.9875 1.175 0.1)
(1 1.175 0.1)
(0 1.1875 0.1)
(0.0125 1.1875 0.1)
(0.025 1.1875 0.1)
(0.0375 1.1875 0.1)
(0.05 1.1875 0.1)
(0.0625 1.1875 0.1)
(0.075 1.1875 0.1)
(0.0875 1.1875 0.1)
(0.1 1.1875 0.1)
(0.1125 1.1875 0.1)
(0.125 1.1875 0.1)
(0.1375 1.1875 0.1)
(0.15 1.1875 0.1)
(0.1625 1.1875 0.1)
(0.175 1.1875 0.1)
(0.1875 1.1875 0.1)
(0.2 1.1875 0.1)
(0.2125 1.1875 0.1)
(0.225 1.1875 0.1)
(0.2375 1.1875 0.1)
(0.25 1.1875 0.1)
(0.2625 1.1875 0.1)
(0.275 1.1875 0.1)
(0.2875 1.1875 0.1)
(0.3 1.1875 0.1)
(0.3125 1.1875 0.1)
(0.325 1.1875 0.1)
(0.3375 1.1875 0.1)
(0.35 1.1875 0.1)
(0.3625 1.1875 0.1)
(0.375 1.1875 0.1)
(0.3875 1.1875 0.1)
(0.4 1.1875 0.1)
(0.4125 1.1875 0.1)
(0.425 1.1875 0.1)
(0.4375 1.1875 0.1)
(0.45 1.1875 0.1)
(0.4625 1.1875 0.1)
(0.475 1.1875 0.1)
(0.4875 1.1875 0.1)
(0.5 1.1875 0.1)
(0.5125 1.1875 0.1)
(0.525 1.1875 0.1)
(0.5375 1.1875 0.1)
(0.55 1.1875 0.1)
(0.5625 1.1875 0.1)
(0.575 1.1875 0.1)
(0.5875 1.1875 0.1)
(0.6 1.1875 0.1)
(0.6125 1.1875 0.1)
(0.625 1.1875 0.1)
(0.6375 1.1875 0.1)
(0.65 1.1875 0.1)
(0.6625 1.1875 0.1)
(0.675 1.1875 0.1)
(0.6875 1.1875 0.1)
(0.7 1.1875 0.1)
(0.7125 1.1875 0.1)
(0.725 1.1875 0.1)
(0.7375 1.1875 0.1)
(0.75 1.1875 0.1)
(0.7625 1.1875 0.1)
(0.775 1.1875 0.1)
(0.7875 1.1875 0.1)
(0.8 1.1875 0.1)
(0.8125 1.1875 0.1)
(0.825 1.1875 0.1)
(0.8375 1.1875 0.1)
(0.85 1.1875 0.1)
(0.8625 1.1875 0.1)
(0.875 1.1875 0.1)
(0.8875 1.1875 0.1)
(0.9 1.1875 0.1)
(0.9125 1.1875 0.1)
(0.925 1.1875 0.1)
(0.9375 1.1875 0.1)
(0.95 1.1875 0.1)
(0.9625 1.1875 0.1)
(0.975 1.1875 0.1)
(0.9875 1.1875 0.1)
(1 1.1875 0.1)
(0 1.2 0.1)
(0.0125 1.2 0.1)
(0.025 1.2 0.1)
(0.0375 1.2 0.1)
(0.05 1.2 0.1)
(0.0625 1.2 0.1)
(0.075 1.2 0.1)
(0.0875 1.2 0.1)
(0.1 1.2 0.1)
(0.1125 1.2 0.1)
(0.125 1.2 0.1)
(0.1375 1.2 0.1)
(0.15 1.2 0.1)
(0.1625 1.2 0.1)
(0.175 1.2 0.1)
(0.1875 1.2 0.1)
(0.2 1.2 0.1)
(0.2125 1.2 0.1)
(0.225 1.2 0.1)
(0.2375 1.2 0.1)
(0.25 1.2 0.1)
(0.2625 1.2 0.1)
(0.275 1.2 0.1)
(0.2875 1.2 0.1)
(0.3 1.2 0.1)
(0.3125 1.2 0.1)
(0.325 1.2 0.1)
(0.3375 1.2 0.1)
(0.35 1.2 0.1)
(0.3625 1.2 0.1)
(0.375 1.2 0.1)
(0.3875 1.2 0.1)
(0.4 1.2 0.1)
(0.4125 1.2 0.1)
(0.425 1.2 0.1)
(0.4375 1.2 0.1)
(0.45 1.2 0.1)
(0.4625 1.2 0.1)
(0.475 1.2 0.1)
(0.4875 1.2 0.1)
(0.5 1.2 0.1)
(0.5125 1.2 0.1)
(0.525 1.2 0.1)
(0.5375 1.2 0.1)
(0.55 1.2 0.1)
(0.5625 1.2 0.1)
(0.575 1.2 0.1)
(0.5875 1.2 0.1)
(0.6 1.2 0.1)
(0.6125 1.2 0.1)
(0.625 1.2 0.1)
(0.6375 1.2 0.1)
(0.65 1.2 0.1)
(0.6625 1.2 0.1)
(0.675 1.2 0.1)
(0.6875 1.2 0.1)
(0.7 1.2 0.1)
(0.7125 1.2 0.1)
(0.725 1.2 0.1)
(0.7375 1.2 0.1)
(0.75 1.2 0.1)
(0.7625 1.2 0.1)
(0.775 1.2 0.1)
(0.7875 1.2 0.1)
(0.8 1.2 0.1)
(0.8125 1.2 0.1)
(0.825 1.2 0.1)
(0.8375 1.2 0.1)
(0.85 1.2 0.1)
(0.8625 1.2 0.1)
(0.875 1.2 0.1)
(0.8875 1.2 0.1)
(0.9 1.2 0.1)
(0.9125 1.2 0.1)
(0.925 1.2 0.1)
(0.9375 1.2 0.1)
(0.95 1.2 0.1)
(0.9625 1.2 0.1)
(0.975 1.2 0.1)
(0.9875 1.2 0.1)
(1 1.2 0.1)
(0 1.2125 0.1)
(0.0125 1.2125 0.1)
(0.025 1.2125 0.1)
(0.0375 1.2125 0.1)
(0.05 1.2125 0.1)
(0.0625 1.2125 0.1)
(0.075 1.2125 0.1)
(0.0875 1.2125 0.1)
(0.1 1.2125 0.1)
(0.1125 1.2125 0.1)
(0.125 1.2125 0.1)
(0.1375 1.2125 0.1)
(0.15 1.2125 0.1)
(0.1625 1.2125 0.1)
(0.175 1.2125 0.1)
(0.1875 1.2125 0.1)
(0.2 1.2125 0.1)
(0.2125 1.2125 0.1)
(0.225 1.2125 0.1)
(0.2375 1.2125 0.1)
(0.25 1.2125 0.1)
(0.2625 1.2125 0.1)
(0.275 1.2125 0.1)
(0.2875 1.2125 0.1)
(0.3 1.2125 0.1)
(0.3125 1.2125 0.1)
(0.325 1.2125 0.1)
(0.3375 1.2125 0.1)
(0.35 1.2125 0.1)
(0.3625 1.2125 0.1)
(0.375 1.2125 0.1)
(0.3875 1.2125 0.1)
(0.4 1.2125 0.1)
(0.4125 1.2125 0.1)
(0.425 1.2125 0.1)
(0.4375 1.2125 0.1)
(0.45 1.2125 0.1)
(0.4625 1.2125 0.1)
(0.475 1.2125 0.1)
(0.4875 1.2125 0.1)
(0.5 1.2125 0.1)
(0.5125 1.2125 0.1)
(0.525 1.2125 0.1)
(0.5375 1.2125 0.1)
(0.55 1.2125 0.1)
(0.5625 1.2125 0.1)
(0.575 1.2125 0.1)
(0.5875 1.2125 0.1)
(0.6 1.2125 0.1)
(0.6125 1.2125 0.1)
(0.625 1.2125 0.1)
(0.6375 1.2125 0.1)
(0.65 1.2125 0.1)
(0.6625 1.2125 0.1)
(0.675 1.2125 0.1)
(0.6875 1.2125 0.1)
(0.7 1.2125 0.1)
(0.7125 1.2125 0.1)
(0.725 1.2125 0.1)
(0.7375 1.2125 0.1)
(0.75 1.2125 0.1)
(0.7625 1.2125 0.1)
(0.775 1.2125 0.1)
(0.7875 1.2125 0.1)
(0.8 1.2125 0.1)
(0.8125 1.2125 0.1)
(0.825 1.2125 0.1)
(0.8375 1.2125 0.1)
(0.85 1.2125 0.1)
(0.8625 1.2125 0.1)
(0.875 1.2125 0.1)
(0.8875 1.2125 0.1)
(0.9 1.2125 0.1)
(0.9125 1.2125 0.1)
(0.925 1.2125 0.1)
(0.9375 1.2125 0.1)
(0.95 1.2125 0.1)
(0.9625 1.2125 0.1)
(0.975 1.2125 0.1)
(0.9875 1.2125 0.1)
(1 1.2125 0.1)
(0 1.225 0.1)
(0.0125 1.225 0.1)
(0.025 1.225 0.1)
(0.0375 1.225 0.1)
(0.05 1.225 0.1)
(0.0625 1.225 0.1)
(0.075 1.225 0.1)
(0.0875 1.225 0.1)
(0.1 1.225 0.1)
(0.1125 1.225 0.1)
(0.125 1.225 0.1)
(0.1375 1.225 0.1)
(0.15 1.225 0.1)
(0.1625 1.225 0.1)
(0.175 1.225 0.1)
(0.1875 1.225 0.1)
(0.2 1.225 0.1)
(0.2125 1.225 0.1)
(0.225 1.225 0.1)
(0.2375 1.225 0.1)
(0.25 1.225 0.1)
(0.2625 1.225 0.1)
(0.275 1.225 0.1)
(0.2875 1.225 0.1)
(0.3 1.225 0.1)
(0.3125 1.225 0.1)
(0.325 1.225 0.1)
(0.3375 1.225 0.1)
(0.35 1.225 0.1)
(0.3625 1.225 0.1)
(0.375 1.225 0.1)
(0.3875 1.225 0.1)
(0.4 1.225 0.1)
(0.4125 1.225 0.1)
(0.425 1.225 0.1)
(0.4375 1.225 0.1)
(0.45 1.225 0.1)
(0.4625 1.225 0.1)
(0.475 1.225 0.1)
(0.4875 1.225 0.1)
(0.5 1.225 0.1)
(0.5125 1.225 0.1)
(0.525 1.225 0.1)
(0.5375 1.225 0.1)
(0.55 1.225 0.1)
(0.5625 1.225 0.1)
(0.575 1.225 0.1)
(0.5875 1.225 0.1)
(0.6 1.225 0.1)
(0.6125 1.225 0.1)
(0.625 1.225 0.1)
(0.6375 1.225 0.1)
(0.65 1.225 0.1)
(0.6625 1.225 0.1)
(0.675 1.225 0.1)
(0.6875 1.225 0.1)
(0.7 1.225 0.1)
(0.7125 1.225 0.1)
(0.725 1.225 0.1)
(0.7375 1.225 0.1)
(0.75 1.225 0.1)
(0.7625 1.225 0.1)
(0.775 1.225 0.1)
(0.7875 1.225 0.1)
(0.8 1.225 0.1)
(0.8125 1.225 0.1)
(0.825 1.225 0.1)
(0.8375 1.225 0.1)
(0.85 1.225 0.1)
(0.8625 1.225 0.1)
(0.875 1.225 0.1)
(0.8875 1.225 0.1)
(0.9 1.225 0.1)
(0.9125 1.225 0.1)
(0.925 1.225 0.1)
(0.9375 1.225 0.1)
(0.95 1.225 0.1)
(0.9625 1.225 0.1)
(0.975 1.225 0.1)
(0.9875 1.225 0.1)
(1 1.225 0.1)
(0 1.2375 0.1)
(0.0125 1.2375 0.1)
(0.025 1.2375 0.1)
(0.0375 1.2375 0.1)
(0.05 1.2375 0.1)
(0.0625 1.2375 0.1)
(0.075 1.2375 0.1)
(0.0875 1.2375 0.1)
(0.1 1.2375 0.1)
(0.1125 1.2375 0.1)
(0.125 1.2375 0.1)
(0.1375 1.2375 0.1)
(0.15 1.2375 0.1)
(0.1625 1.2375 0.1)
(0.175 1.2375 0.1)
(0.1875 1.2375 0.1)
(0.2 1.2375 0.1)
(0.2125 1.2375 0.1)
(0.225 1.2375 0.1)
(0.2375 1.2375 0.1)
(0.25 1.2375 0.1)
(0.2625 1.2375 0.1)
(0.275 1.2375 0.1)
(0.2875 1.2375 0.1)
(0.3 1.2375 0.1)
(0.3125 1.2375 0.1)
(0.325 1.2375 0.1)
(0.3375 1.2375 0.1)
(0.35 1.2375 0.1)
(0.3625 1.2375 0.1)
(0.375 1.2375 0.1)
(0.3875 1.2375 0.1)
(0.4 1.2375 0.1)
(0.4125 1.2375 0.1)
(0.425 1.2375 0.1)
(0.4375 1.2375 0.1)
(0.45 1.2375 0.1)
(0.4625 1.2375 0.1)
(0.475 1.2375 0.1)
(0.4875 1.2375 0.1)
(0.5 1.2375 0.1)
(0.5125 1.2375 0.1)
(0.525 1.2375 0.1)
(0.5375 1.2375 0.1)
(0.55 1.2375 0.1)
(0.5625 1.2375 0.1)
(0.575 1.2375 0.1)
(0.5875 1.2375 0.1)
(0.6 1.2375 0.1)
(0.6125 1.2375 0.1)
(0.625 1.2375 0.1)
(0.6375 1.2375 0.1)
(0.65 1.2375 0.1)
(0.6625 1.2375 0.1)
(0.675 1.2375 0.1)
(0.6875 1.2375 0.1)
(0.7 1.2375 0.1)
(0.7125 1.2375 0.1)
(0.725 1.2375 0.1)
(0.7375 1.2375 0.1)
(0.75 1.2375 0.1)
(0.7625 1.2375 0.1)
(0.775 1.2375 0.1)
(0.7875 1.2375 0.1)
(0.8 1.2375 0.1)
(0.8125 1.2375 0.1)
(0.825 1.2375 0.1)
(0.8375 1.2375 0.1)
(0.85 1.2375 0.1)
(0.8625 1.2375 0.1)
(0.875 1.2375 0.1)
(0.8875 1.2375 0.1)
(0.9 1.2375 0.1)
(0.9125 1.2375 0.1)
(0.925 1.2375 0.1)
(0.9375 1.2375 0.1)
(0.95 1.2375 0.1)
(0.9625 1.2375 0.1)
(0.975 1.2375 0.1)
(0.9875 1.2375 0.1)
(1 1.2375 0.1)
(0 1.25 0.1)
(0.0125 1.25 0.1)
(0.025 1.25 0.1)
(0.0375 1.25 0.1)
(0.05 1.25 0.1)
(0.0625 1.25 0.1)
(0.075 1.25 0.1)
(0.0875 1.25 0.1)
(0.1 1.25 0.1)
(0.1125 1.25 0.1)
(0.125 1.25 0.1)
(0.1375 1.25 0.1)
(0.15 1.25 0.1)
(0.1625 1.25 0.1)
(0.175 1.25 0.1)
(0.1875 1.25 0.1)
(0.2 1.25 0.1)
(0.2125 1.25 0.1)
(0.225 1.25 0.1)
(0.2375 1.25 0.1)
(0.25 1.25 0.1)
(0.2625 1.25 0.1)
(0.275 1.25 0.1)
(0.2875 1.25 0.1)
(0.3 1.25 0.1)
(0.3125 1.25 0.1)
(0.325 1.25 0.1)
(0.3375 1.25 0.1)
(0.35 1.25 0.1)
(0.3625 1.25 0.1)
(0.375 1.25 0.1)
(0.3875 1.25 0.1)
(0.4 1.25 0.1)
(0.4125 1.25 0.1)
(0.425 1.25 0.1)
(0.4375 1.25 0.1)
(0.45 1.25 0.1)
(0.4625 1.25 0.1)
(0.475 1.25 0.1)
(0.4875 1.25 0.1)
(0.5 1.25 0.1)
(0.5125 1.25 0.1)
(0.525 1.25 0.1)
(0.5375 1.25 0.1)
(0.55 1.25 0.1)
(0.5625 1.25 0.1)
(0.575 1.25 0.1)
(0.5875 1.25 0.1)
(0.6 1.25 0.1)
(0.6125 1.25 0.1)
(0.625 1.25 0.1)
(0.6375 1.25 0.1)
(0.65 1.25 0.1)
(0.6625 1.25 0.1)
(0.675 1.25 0.1)
(0.6875 1.25 0.1)
(0.7 1.25 0.1)
(0.7125 1.25 0.1)
(0.725 1.25 0.1)
(0.7375 1.25 0.1)
(0.75 1.25 0.1)
(0.7625 1.25 0.1)
(0.775 1.25 0.1)
(0.7875 1.25 0.1)
(0.8 1.25 0.1)
(0.8125 1.25 0.1)
(0.825 1.25 0.1)
(0.8375 1.25 0.1)
(0.85 1.25 0.1)
(0.8625 1.25 0.1)
(0.875 1.25 0.1)
(0.8875 1.25 0.1)
(0.9 1.25 0.1)
(0.9125 1.25 0.1)
(0.925 1.25 0.1)
(0.9375 1.25 0.1)
(0.95 1.25 0.1)
(0.9625 1.25 0.1)
(0.975 1.25 0.1)
(0.9875 1.25 0.1)
(1 1.25 0.1)
(0 1.2625 0.1)
(0.0125 1.2625 0.1)
(0.025 1.2625 0.1)
(0.0375 1.2625 0.1)
(0.05 1.2625 0.1)
(0.0625 1.2625 0.1)
(0.075 1.2625 0.1)
(0.0875 1.2625 0.1)
(0.1 1.2625 0.1)
(0.1125 1.2625 0.1)
(0.125 1.2625 0.1)
(0.1375 1.2625 0.1)
(0.15 1.2625 0.1)
(0.1625 1.2625 0.1)
(0.175 1.2625 0.1)
(0.1875 1.2625 0.1)
(0.2 1.2625 0.1)
(0.2125 1.2625 0.1)
(0.225 1.2625 0.1)
(0.2375 1.2625 0.1)
(0.25 1.2625 0.1)
(0.2625 1.2625 0.1)
(0.275 1.2625 0.1)
(0.2875 1.2625 0.1)
(0.3 1.2625 0.1)
(0.3125 1.2625 0.1)
(0.325 1.2625 0.1)
(0.3375 1.2625 0.1)
(0.35 1.2625 0.1)
(0.3625 1.2625 0.1)
(0.375 1.2625 0.1)
(0.3875 1.2625 0.1)
(0.4 1.2625 0.1)
(0.4125 1.2625 0.1)
(0.425 1.2625 0.1)
(0.4375 1.2625 0.1)
(0.45 1.2625 0.1)
(0.4625 1.2625 0.1)
(0.475 1.2625 0.1)
(0.4875 1.2625 0.1)
(0.5 1.2625 0.1)
(0.5125 1.2625 0.1)
(0.525 1.2625 0.1)
(0.5375 1.2625 0.1)
(0.55 1.2625 0.1)
(0.5625 1.2625 0.1)
(0.575 1.2625 0.1)
(0.5875 1.2625 0.1)
(0.6 1.2625 0.1)
(0.6125 1.2625 0.1)
(0.625 1.2625 0.1)
(0.6375 1.2625 0.1)
(0.65 1.2625 0.1)
(0.6625 1.2625 0.1)
(0.675 1.2625 0.1)
(0.6875 1.2625 0.1)
(0.7 1.2625 0.1)
(0.7125 1.2625 0.1)
(0.725 1.2625 0.1)
(0.7375 1.2625 0.1)
(0.75 1.2625 0.1)
(0.7625 1.2625 0.1)
(0.775 1.2625 0.1)
(0.7875 1.2625 0.1)
(0.8 1.2625 0.1)
(0.8125 1.2625 0.1)
(0.825 1.2625 0.1)
(0.8375 1.2625 0.1)
(0.85 1.2625 0.1)
(0.8625 1.2625 0.1)
(0.875 1.2625 0.1)
(0.8875 1.2625 0.1)
(0.9 1.2625 0.1)
(0.9125 1.2625 0.1)
(0.925 1.2625 0.1)
(0.9375 1.2625 0.1)
(0.95 1.2625 0.1)
(0.9625 1.2625 0.1)
(0.975 1.2625 0.1)
(0.9875 1.2625 0.1)
(1 1.2625 0.1)
(0 1.275 0.1)
(0.0125 1.275 0.1)
(0.025 1.275 0.1)
(0.0375 1.275 0.1)
(0.05 1.275 0.1)
(0.0625 1.275 0.1)
(0.075 1.275 0.1)
(0.0875 1.275 0.1)
(0.1 1.275 0.1)
(0.1125 1.275 0.1)
(0.125 1.275 0.1)
(0.1375 1.275 0.1)
(0.15 1.275 0.1)
(0.1625 1.275 0.1)
(0.175 1.275 0.1)
(0.1875 1.275 0.1)
(0.2 1.275 0.1)
(0.2125 1.275 0.1)
(0.225 1.275 0.1)
(0.2375 1.275 0.1)
(0.25 1.275 0.1)
(0.2625 1.275 0.1)
(0.275 1.275 0.1)
(0.2875 1.275 0.1)
(0.3 1.275 0.1)
(0.3125 1.275 0.1)
(0.325 1.275 0.1)
(0.3375 1.275 0.1)
(0.35 1.275 0.1)
(0.3625 1.275 0.1)
(0.375 1.275 0.1)
(0.3875 1.275 0.1)
(0.4 1.275 0.1)
(0.4125 1.275 0.1)
(0.425 1.275 0.1)
(0.4375 1.275 0.1)
(0.45 1.275 0.1)
(0.4625 1.275 0.1)
(0.475 1.275 0.1)
(0.4875 1.275 0.1)
(0.5 1.275 0.1)
(0.5125 1.275 0.1)
(0.525 1.275 0.1)
(0.5375 1.275 0.1)
(0.55 1.275 0.1)
(0.5625 1.275 0.1)
(0.575 1.275 0.1)
(0.5875 1.275 0.1)
(0.6 1.275 0.1)
(0.6125 1.275 0.1)
(0.625 1.275 0.1)
(0.6375 1.275 0.1)
(0.65 1.275 0.1)
(0.6625 1.275 0.1)
(0.675 1.275 0.1)
(0.6875 1.275 0.1)
(0.7 1.275 0.1)
(0.7125 1.275 0.1)
(0.725 1.275 0.1)
(0.7375 1.275 0.1)
(0.75 1.275 0.1)
(0.7625 1.275 0.1)
(0.775 1.275 0.1)
(0.7875 1.275 0.1)
(0.8 1.275 0.1)
(0.8125 1.275 0.1)
(0.825 1.275 0.1)
(0.8375 1.275 0.1)
(0.85 1.275 0.1)
(0.8625 1.275 0.1)
(0.875 1.275 0.1)
(0.8875 1.275 0.1)
(0.9 1.275 0.1)
(0.9125 1.275 0.1)
(0.925 1.275 0.1)
(0.9375 1.275 0.1)
(0.95 1.275 0.1)
(0.9625 1.275 0.1)
(0.975 1.275 0.1)
(0.9875 1.275 0.1)
(1 1.275 0.1)
(0 1.2875 0.1)
(0.0125 1.2875 0.1)
(0.025 1.2875 0.1)
(0.0375 1.2875 0.1)
(0.05 1.2875 0.1)
(0.0625 1.2875 0.1)
(0.075 1.2875 0.1)
(0.0875 1.2875 0.1)
(0.1 1.2875 0.1)
(0.1125 1.2875 0.1)
(0.125 1.2875 0.1)
(0.1375 1.2875 0.1)
(0.15 1.2875 0.1)
(0.1625 1.2875 0.1)
(0.175 1.2875 0.1)
(0.1875 1.2875 0.1)
(0.2 1.2875 0.1)
(0.2125 1.2875 0.1)
(0.225 1.2875 0.1)
(0.2375 1.2875 0.1)
(0.25 1.2875 0.1)
(0.2625 1.2875 0.1)
(0.275 1.2875 0.1)
(0.2875 1.2875 0.1)
(0.3 1.2875 0.1)
(0.3125 1.2875 0.1)
(0.325 1.2875 0.1)
(0.3375 1.2875 0.1)
(0.35 1.2875 0.1)
(0.3625 1.2875 0.1)
(0.375 1.2875 0.1)
(0.3875 1.2875 0.1)
(0.4 1.2875 0.1)
(0.4125 1.2875 0.1)
(0.425 1.2875 0.1)
(0.4375 1.2875 0.1)
(0.45 1.2875 0.1)
(0.4625 1.2875 0.1)
(0.475 1.2875 0.1)
(0.4875 1.2875 0.1)
(0.5 1.2875 0.1)
(0.5125 1.2875 0.1)
(0.525 1.2875 0.1)
(0.5375 1.2875 0.1)
(0.55 1.2875 0.1)
(0.5625 1.2875 0.1)
(0.575 1.2875 0.1)
(0.5875 1.2875 0.1)
(0.6 1.2875 0.1)
(0.6125 1.2875 0.1)
(0.625 1.2875 0.1)
(0.6375 1.2875 0.1)
(0.65 1.2875 0.1)
(0.6625 1.2875 0.1)
(0.675 1.2875 0.1)
(0.6875 1.2875 0.1)
(0.7 1.2875 0.1)
(0.7125 1.2875 0.1)
(0.725 1.2875 0.1)
(0.7375 1.2875 0.1)
(0.75 1.2875 0.1)
(0.7625 1.2875 0.1)
(0.775 1.2875 0.1)
(0.7875 1.2875 0.1)
(0.8 1.2875 0.1)
(0.8125 1.2875 0.1)
(0.825 1.2875 0.1)
(0.8375 1.2875 0.1)
(0.85 1.2875 0.1)
(0.8625 1.2875 0.1)
(0.875 1.2875 0.1)
(0.8875 1.2875 0.1)
(0.9 1.2875 0.1)
(0.9125 1.2875 0.1)
(0.925 1.2875 0.1)
(0.9375 1.2875 0.1)
(0.95 1.2875 0.1)
(0.9625 1.2875 0.1)
(0.975 1.2875 0.1)
(0.9875 1.2875 0.1)
(1 1.2875 0.1)
(0 1.3 0.1)
(0.0125 1.3 0.1)
(0.025 1.3 0.1)
(0.0375 1.3 0.1)
(0.05 1.3 0.1)
(0.0625 1.3 0.1)
(0.075 1.3 0.1)
(0.0875 1.3 0.1)
(0.1 1.3 0.1)
(0.1125 1.3 0.1)
(0.125 1.3 0.1)
(0.1375 1.3 0.1)
(0.15 1.3 0.1)
(0.1625 1.3 0.1)
(0.175 1.3 0.1)
(0.1875 1.3 0.1)
(0.2 1.3 0.1)
(0.2125 1.3 0.1)
(0.225 1.3 0.1)
(0.2375 1.3 0.1)
(0.25 1.3 0.1)
(0.2625 1.3 0.1)
(0.275 1.3 0.1)
(0.2875 1.3 0.1)
(0.3 1.3 0.1)
(0.3125 1.3 0.1)
(0.325 1.3 0.1)
(0.3375 1.3 0.1)
(0.35 1.3 0.1)
(0.3625 1.3 0.1)
(0.375 1.3 0.1)
(0.3875 1.3 0.1)
(0.4 1.3 0.1)
(0.4125 1.3 0.1)
(0.425 1.3 0.1)
(0.4375 1.3 0.1)
(0.45 1.3 0.1)
(0.4625 1.3 0.1)
(0.475 1.3 0.1)
(0.4875 1.3 0.1)
(0.5 1.3 0.1)
(0.5125 1.3 0.1)
(0.525 1.3 0.1)
(0.5375 1.3 0.1)
(0.55 1.3 0.1)
(0.5625 1.3 0.1)
(0.575 1.3 0.1)
(0.5875 1.3 0.1)
(0.6 1.3 0.1)
(0.6125 1.3 0.1)
(0.625 1.3 0.1)
(0.6375 1.3 0.1)
(0.65 1.3 0.1)
(0.6625 1.3 0.1)
(0.675 1.3 0.1)
(0.6875 1.3 0.1)
(0.7 1.3 0.1)
(0.7125 1.3 0.1)
(0.725 1.3 0.1)
(0.7375 1.3 0.1)
(0.75 1.3 0.1)
(0.7625 1.3 0.1)
(0.775 1.3 0.1)
(0.7875 1.3 0.1)
(0.8 1.3 0.1)
(0.8125 1.3 0.1)
(0.825 1.3 0.1)
(0.8375 1.3 0.1)
(0.85 1.3 0.1)
(0.8625 1.3 0.1)
(0.875 1.3 0.1)
(0.8875 1.3 0.1)
(0.9 1.3 0.1)
(0.9125 1.3 0.1)
(0.925 1.3 0.1)
(0.9375 1.3 0.1)
(0.95 1.3 0.1)
(0.9625 1.3 0.1)
(0.975 1.3 0.1)
(0.9875 1.3 0.1)
(1 1.3 0.1)
(0 1.3125 0.1)
(0.0125 1.3125 0.1)
(0.025 1.3125 0.1)
(0.0375 1.3125 0.1)
(0.05 1.3125 0.1)
(0.0625 1.3125 0.1)
(0.075 1.3125 0.1)
(0.0875 1.3125 0.1)
(0.1 1.3125 0.1)
(0.1125 1.3125 0.1)
(0.125 1.3125 0.1)
(0.1375 1.3125 0.1)
(0.15 1.3125 0.1)
(0.1625 1.3125 0.1)
(0.175 1.3125 0.1)
(0.1875 1.3125 0.1)
(0.2 1.3125 0.1)
(0.2125 1.3125 0.1)
(0.225 1.3125 0.1)
(0.2375 1.3125 0.1)
(0.25 1.3125 0.1)
(0.2625 1.3125 0.1)
(0.275 1.3125 0.1)
(0.2875 1.3125 0.1)
(0.3 1.3125 0.1)
(0.3125 1.3125 0.1)
(0.325 1.3125 0.1)
(0.3375 1.3125 0.1)
(0.35 1.3125 0.1)
(0.3625 1.3125 0.1)
(0.375 1.3125 0.1)
(0.3875 1.3125 0.1)
(0.4 1.3125 0.1)
(0.4125 1.3125 0.1)
(0.425 1.3125 0.1)
(0.4375 1.3125 0.1)
(0.45 1.3125 0.1)
(0.4625 1.3125 0.1)
(0.475 1.3125 0.1)
(0.4875 1.3125 0.1)
(0.5 1.3125 0.1)
(0.5125 1.3125 0.1)
(0.525 1.3125 0.1)
(0.5375 1.3125 0.1)
(0.55 1.3125 0.1)
(0.5625 1.3125 0.1)
(0.575 1.3125 0.1)
(0.5875 1.3125 0.1)
(0.6 1.3125 0.1)
(0.6125 1.3125 0.1)
(0.625 1.3125 0.1)
(0.6375 1.3125 0.1)
(0.65 1.3125 0.1)
(0.6625 1.3125 0.1)
(0.675 1.3125 0.1)
(0.6875 1.3125 0.1)
(0.7 1.3125 0.1)
(0.7125 1.3125 0.1)
(0.725 1.3125 0.1)
(0.7375 1.3125 0.1)
(0.75 1.3125 0.1)
(0.7625 1.3125 0.1)
(0.775 1.3125 0.1)
(0.7875 1.3125 0.1)
(0.8 1.3125 0.1)
(0.8125 1.3125 0.1)
(0.825 1.3125 0.1)
(0.8375 1.3125 0.1)
(0.85 1.3125 0.1)
(0.8625 1.3125 0.1)
(0.875 1.3125 0.1)
(0.8875 1.3125 0.1)
(0.9 1.3125 0.1)
(0.9125 1.3125 0.1)
(0.925 1.3125 0.1)
(0.9375 1.3125 0.1)
(0.95 1.3125 0.1)
(0.9625 1.3125 0.1)
(0.975 1.3125 0.1)
(0.9875 1.3125 0.1)
(1 1.3125 0.1)
(0 1.325 0.1)
(0.0125 1.325 0.1)
(0.025 1.325 0.1)
(0.0375 1.325 0.1)
(0.05 1.325 0.1)
(0.0625 1.325 0.1)
(0.075 1.325 0.1)
(0.0875 1.325 0.1)
(0.1 1.325 0.1)
(0.1125 1.325 0.1)
(0.125 1.325 0.1)
(0.1375 1.325 0.1)
(0.15 1.325 0.1)
(0.1625 1.325 0.1)
(0.175 1.325 0.1)
(0.1875 1.325 0.1)
(0.2 1.325 0.1)
(0.2125 1.325 0.1)
(0.225 1.325 0.1)
(0.2375 1.325 0.1)
(0.25 1.325 0.1)
(0.2625 1.325 0.1)
(0.275 1.325 0.1)
(0.2875 1.325 0.1)
(0.3 1.325 0.1)
(0.3125 1.325 0.1)
(0.325 1.325 0.1)
(0.3375 1.325 0.1)
(0.35 1.325 0.1)
(0.3625 1.325 0.1)
(0.375 1.325 0.1)
(0.3875 1.325 0.1)
(0.4 1.325 0.1)
(0.4125 1.325 0.1)
(0.425 1.325 0.1)
(0.4375 1.325 0.1)
(0.45 1.325 0.1)
(0.4625 1.325 0.1)
(0.475 1.325 0.1)
(0.4875 1.325 0.1)
(0.5 1.325 0.1)
(0.5125 1.325 0.1)
(0.525 1.325 0.1)
(0.5375 1.325 0.1)
(0.55 1.325 0.1)
(0.5625 1.325 0.1)
(0.575 1.325 0.1)
(0.5875 1.325 0.1)
(0.6 1.325 0.1)
(0.6125 1.325 0.1)
(0.625 1.325 0.1)
(0.6375 1.325 0.1)
(0.65 1.325 0.1)
(0.6625 1.325 0.1)
(0.675 1.325 0.1)
(0.6875 1.325 0.1)
(0.7 1.325 0.1)
(0.7125 1.325 0.1)
(0.725 1.325 0.1)
(0.7375 1.325 0.1)
(0.75 1.325 0.1)
(0.7625 1.325 0.1)
(0.775 1.325 0.1)
(0.7875 1.325 0.1)
(0.8 1.325 0.1)
(0.8125 1.325 0.1)
(0.825 1.325 0.1)
(0.8375 1.325 0.1)
(0.85 1.325 0.1)
(0.8625 1.325 0.1)
(0.875 1.325 0.1)
(0.8875 1.325 0.1)
(0.9 1.325 0.1)
(0.9125 1.325 0.1)
(0.925 1.325 0.1)
(0.9375 1.325 0.1)
(0.95 1.325 0.1)
(0.9625 1.325 0.1)
(0.975 1.325 0.1)
(0.9875 1.325 0.1)
(1 1.325 0.1)
(0 1.3375 0.1)
(0.0125 1.3375 0.1)
(0.025 1.3375 0.1)
(0.0375 1.3375 0.1)
(0.05 1.3375 0.1)
(0.0625 1.3375 0.1)
(0.075 1.3375 0.1)
(0.0875 1.3375 0.1)
(0.1 1.3375 0.1)
(0.1125 1.3375 0.1)
(0.125 1.3375 0.1)
(0.1375 1.3375 0.1)
(0.15 1.3375 0.1)
(0.1625 1.3375 0.1)
(0.175 1.3375 0.1)
(0.1875 1.3375 0.1)
(0.2 1.3375 0.1)
(0.2125 1.3375 0.1)
(0.225 1.3375 0.1)
(0.2375 1.3375 0.1)
(0.25 1.3375 0.1)
(0.2625 1.3375 0.1)
(0.275 1.3375 0.1)
(0.2875 1.3375 0.1)
(0.3 1.3375 0.1)
(0.3125 1.3375 0.1)
(0.325 1.3375 0.1)
(0.3375 1.3375 0.1)
(0.35 1.3375 0.1)
(0.3625 1.3375 0.1)
(0.375 1.3375 0.1)
(0.3875 1.3375 0.1)
(0.4 1.3375 0.1)
(0.4125 1.3375 0.1)
(0.425 1.3375 0.1)
(0.4375 1.3375 0.1)
(0.45 1.3375 0.1)
(0.4625 1.3375 0.1)
(0.475 1.3375 0.1)
(0.4875 1.3375 0.1)
(0.5 1.3375 0.1)
(0.5125 1.3375 0.1)
(0.525 1.3375 0.1)
(0.5375 1.3375 0.1)
(0.55 1.3375 0.1)
(0.5625 1.3375 0.1)
(0.575 1.3375 0.1)
(0.5875 1.3375 0.1)
(0.6 1.3375 0.1)
(0.6125 1.3375 0.1)
(0.625 1.3375 0.1)
(0.6375 1.3375 0.1)
(0.65 1.3375 0.1)
(0.6625 1.3375 0.1)
(0.675 1.3375 0.1)
(0.6875 1.3375 0.1)
(0.7 1.3375 0.1)
(0.7125 1.3375 0.1)
(0.725 1.3375 0.1)
(0.7375 1.3375 0.1)
(0.75 1.3375 0.1)
(0.7625 1.3375 0.1)
(0.775 1.3375 0.1)
(0.7875 1.3375 0.1)
(0.8 1.3375 0.1)
(0.8125 1.3375 0.1)
(0.825 1.3375 0.1)
(0.8375 1.3375 0.1)
(0.85 1.3375 0.1)
(0.8625 1.3375 0.1)
(0.875 1.3375 0.1)
(0.8875 1.3375 0.1)
(0.9 1.3375 0.1)
(0.9125 1.3375 0.1)
(0.925 1.3375 0.1)
(0.9375 1.3375 0.1)
(0.95 1.3375 0.1)
(0.9625 1.3375 0.1)
(0.975 1.3375 0.1)
(0.9875 1.3375 0.1)
(1 1.3375 0.1)
(0 1.35 0.1)
(0.0125 1.35 0.1)
(0.025 1.35 0.1)
(0.0375 1.35 0.1)
(0.05 1.35 0.1)
(0.0625 1.35 0.1)
(0.075 1.35 0.1)
(0.0875 1.35 0.1)
(0.1 1.35 0.1)
(0.1125 1.35 0.1)
(0.125 1.35 0.1)
(0.1375 1.35 0.1)
(0.15 1.35 0.1)
(0.1625 1.35 0.1)
(0.175 1.35 0.1)
(0.1875 1.35 0.1)
(0.2 1.35 0.1)
(0.2125 1.35 0.1)
(0.225 1.35 0.1)
(0.2375 1.35 0.1)
(0.25 1.35 0.1)
(0.2625 1.35 0.1)
(0.275 1.35 0.1)
(0.2875 1.35 0.1)
(0.3 1.35 0.1)
(0.3125 1.35 0.1)
(0.325 1.35 0.1)
(0.3375 1.35 0.1)
(0.35 1.35 0.1)
(0.3625 1.35 0.1)
(0.375 1.35 0.1)
(0.3875 1.35 0.1)
(0.4 1.35 0.1)
(0.4125 1.35 0.1)
(0.425 1.35 0.1)
(0.4375 1.35 0.1)
(0.45 1.35 0.1)
(0.4625 1.35 0.1)
(0.475 1.35 0.1)
(0.4875 1.35 0.1)
(0.5 1.35 0.1)
(0.5125 1.35 0.1)
(0.525 1.35 0.1)
(0.5375 1.35 0.1)
(0.55 1.35 0.1)
(0.5625 1.35 0.1)
(0.575 1.35 0.1)
(0.5875 1.35 0.1)
(0.6 1.35 0.1)
(0.6125 1.35 0.1)
(0.625 1.35 0.1)
(0.6375 1.35 0.1)
(0.65 1.35 0.1)
(0.6625 1.35 0.1)
(0.675 1.35 0.1)
(0.6875 1.35 0.1)
(0.7 1.35 0.1)
(0.7125 1.35 0.1)
(0.725 1.35 0.1)
(0.7375 1.35 0.1)
(0.75 1.35 0.1)
(0.7625 1.35 0.1)
(0.775 1.35 0.1)
(0.7875 1.35 0.1)
(0.8 1.35 0.1)
(0.8125 1.35 0.1)
(0.825 1.35 0.1)
(0.8375 1.35 0.1)
(0.85 1.35 0.1)
(0.8625 1.35 0.1)
(0.875 1.35 0.1)
(0.8875 1.35 0.1)
(0.9 1.35 0.1)
(0.9125 1.35 0.1)
(0.925 1.35 0.1)
(0.9375 1.35 0.1)
(0.95 1.35 0.1)
(0.9625 1.35 0.1)
(0.975 1.35 0.1)
(0.9875 1.35 0.1)
(1 1.35 0.1)
(0 1.3625 0.1)
(0.0125 1.3625 0.1)
(0.025 1.3625 0.1)
(0.0375 1.3625 0.1)
(0.05 1.3625 0.1)
(0.0625 1.3625 0.1)
(0.075 1.3625 0.1)
(0.0875 1.3625 0.1)
(0.1 1.3625 0.1)
(0.1125 1.3625 0.1)
(0.125 1.3625 0.1)
(0.1375 1.3625 0.1)
(0.15 1.3625 0.1)
(0.1625 1.3625 0.1)
(0.175 1.3625 0.1)
(0.1875 1.3625 0.1)
(0.2 1.3625 0.1)
(0.2125 1.3625 0.1)
(0.225 1.3625 0.1)
(0.2375 1.3625 0.1)
(0.25 1.3625 0.1)
(0.2625 1.3625 0.1)
(0.275 1.3625 0.1)
(0.2875 1.3625 0.1)
(0.3 1.3625 0.1)
(0.3125 1.3625 0.1)
(0.325 1.3625 0.1)
(0.3375 1.3625 0.1)
(0.35 1.3625 0.1)
(0.3625 1.3625 0.1)
(0.375 1.3625 0.1)
(0.3875 1.3625 0.1)
(0.4 1.3625 0.1)
(0.4125 1.3625 0.1)
(0.425 1.3625 0.1)
(0.4375 1.3625 0.1)
(0.45 1.3625 0.1)
(0.4625 1.3625 0.1)
(0.475 1.3625 0.1)
(0.4875 1.3625 0.1)
(0.5 1.3625 0.1)
(0.5125 1.3625 0.1)
(0.525 1.3625 0.1)
(0.5375 1.3625 0.1)
(0.55 1.3625 0.1)
(0.5625 1.3625 0.1)
(0.575 1.3625 0.1)
(0.5875 1.3625 0.1)
(0.6 1.3625 0.1)
(0.6125 1.3625 0.1)
(0.625 1.3625 0.1)
(0.6375 1.3625 0.1)
(0.65 1.3625 0.1)
(0.6625 1.3625 0.1)
(0.675 1.3625 0.1)
(0.6875 1.3625 0.1)
(0.7 1.3625 0.1)
(0.7125 1.3625 0.1)
(0.725 1.3625 0.1)
(0.7375 1.3625 0.1)
(0.75 1.3625 0.1)
(0.7625 1.3625 0.1)
(0.775 1.3625 0.1)
(0.7875 1.3625 0.1)
(0.8 1.3625 0.1)
(0.8125 1.3625 0.1)
(0.825 1.3625 0.1)
(0.8375 1.3625 0.1)
(0.85 1.3625 0.1)
(0.8625 1.3625 0.1)
(0.875 1.3625 0.1)
(0.8875 1.3625 0.1)
(0.9 1.3625 0.1)
(0.9125 1.3625 0.1)
(0.925 1.3625 0.1)
(0.9375 1.3625 0.1)
(0.95 1.3625 0.1)
(0.9625 1.3625 0.1)
(0.975 1.3625 0.1)
(0.9875 1.3625 0.1)
(1 1.3625 0.1)
(0 1.375 0.1)
(0.0125 1.375 0.1)
(0.025 1.375 0.1)
(0.0375 1.375 0.1)
(0.05 1.375 0.1)
(0.0625 1.375 0.1)
(0.075 1.375 0.1)
(0.0875 1.375 0.1)
(0.1 1.375 0.1)
(0.1125 1.375 0.1)
(0.125 1.375 0.1)
(0.1375 1.375 0.1)
(0.15 1.375 0.1)
(0.1625 1.375 0.1)
(0.175 1.375 0.1)
(0.1875 1.375 0.1)
(0.2 1.375 0.1)
(0.2125 1.375 0.1)
(0.225 1.375 0.1)
(0.2375 1.375 0.1)
(0.25 1.375 0.1)
(0.2625 1.375 0.1)
(0.275 1.375 0.1)
(0.2875 1.375 0.1)
(0.3 1.375 0.1)
(0.3125 1.375 0.1)
(0.325 1.375 0.1)
(0.3375 1.375 0.1)
(0.35 1.375 0.1)
(0.3625 1.375 0.1)
(0.375 1.375 0.1)
(0.3875 1.375 0.1)
(0.4 1.375 0.1)
(0.4125 1.375 0.1)
(0.425 1.375 0.1)
(0.4375 1.375 0.1)
(0.45 1.375 0.1)
(0.4625 1.375 0.1)
(0.475 1.375 0.1)
(0.4875 1.375 0.1)
(0.5 1.375 0.1)
(0.5125 1.375 0.1)
(0.525 1.375 0.1)
(0.5375 1.375 0.1)
(0.55 1.375 0.1)
(0.5625 1.375 0.1)
(0.575 1.375 0.1)
(0.5875 1.375 0.1)
(0.6 1.375 0.1)
(0.6125 1.375 0.1)
(0.625 1.375 0.1)
(0.6375 1.375 0.1)
(0.65 1.375 0.1)
(0.6625 1.375 0.1)
(0.675 1.375 0.1)
(0.6875 1.375 0.1)
(0.7 1.375 0.1)
(0.7125 1.375 0.1)
(0.725 1.375 0.1)
(0.7375 1.375 0.1)
(0.75 1.375 0.1)
(0.7625 1.375 0.1)
(0.775 1.375 0.1)
(0.7875 1.375 0.1)
(0.8 1.375 0.1)
(0.8125 1.375 0.1)
(0.825 1.375 0.1)
(0.8375 1.375 0.1)
(0.85 1.375 0.1)
(0.8625 1.375 0.1)
(0.875 1.375 0.1)
(0.8875 1.375 0.1)
(0.9 1.375 0.1)
(0.9125 1.375 0.1)
(0.925 1.375 0.1)
(0.9375 1.375 0.1)
(0.95 1.375 0.1)
(0.9625 1.375 0.1)
(0.975 1.375 0.1)
(0.9875 1.375 0.1)
(1 1.375 0.1)
(0 1.3875 0.1)
(0.0125 1.3875 0.1)
(0.025 1.3875 0.1)
(0.0375 1.3875 0.1)
(0.05 1.3875 0.1)
(0.0625 1.3875 0.1)
(0.075 1.3875 0.1)
(0.0875 1.3875 0.1)
(0.1 1.3875 0.1)
(0.1125 1.3875 0.1)
(0.125 1.3875 0.1)
(0.1375 1.3875 0.1)
(0.15 1.3875 0.1)
(0.1625 1.3875 0.1)
(0.175 1.3875 0.1)
(0.1875 1.3875 0.1)
(0.2 1.3875 0.1)
(0.2125 1.3875 0.1)
(0.225 1.3875 0.1)
(0.2375 1.3875 0.1)
(0.25 1.3875 0.1)
(0.2625 1.3875 0.1)
(0.275 1.3875 0.1)
(0.2875 1.3875 0.1)
(0.3 1.3875 0.1)
(0.3125 1.3875 0.1)
(0.325 1.3875 0.1)
(0.3375 1.3875 0.1)
(0.35 1.3875 0.1)
(0.3625 1.3875 0.1)
(0.375 1.3875 0.1)
(0.3875 1.3875 0.1)
(0.4 1.3875 0.1)
(0.4125 1.3875 0.1)
(0.425 1.3875 0.1)
(0.4375 1.3875 0.1)
(0.45 1.3875 0.1)
(0.4625 1.3875 0.1)
(0.475 1.3875 0.1)
(0.4875 1.3875 0.1)
(0.5 1.3875 0.1)
(0.5125 1.3875 0.1)
(0.525 1.3875 0.1)
(0.5375 1.3875 0.1)
(0.55 1.3875 0.1)
(0.5625 1.3875 0.1)
(0.575 1.3875 0.1)
(0.5875 1.3875 0.1)
(0.6 1.3875 0.1)
(0.6125 1.3875 0.1)
(0.625 1.3875 0.1)
(0.6375 1.3875 0.1)
(0.65 1.3875 0.1)
(0.6625 1.3875 0.1)
(0.675 1.3875 0.1)
(0.6875 1.3875 0.1)
(0.7 1.3875 0.1)
(0.7125 1.3875 0.1)
(0.725 1.3875 0.1)
(0.7375 1.3875 0.1)
(0.75 1.3875 0.1)
(0.7625 1.3875 0.1)
(0.775 1.3875 0.1)
(0.7875 1.3875 0.1)
(0.8 1.3875 0.1)
(0.8125 1.3875 0.1)
(0.825 1.3875 0.1)
(0.8375 1.3875 0.1)
(0.85 1.3875 0.1)
(0.8625 1.3875 0.1)
(0.875 1.3875 0.1)
(0.8875 1.3875 0.1)
(0.9 1.3875 0.1)
(0.9125 1.3875 0.1)
(0.925 1.3875 0.1)
(0.9375 1.3875 0.1)
(0.95 1.3875 0.1)
(0.9625 1.3875 0.1)
(0.975 1.3875 0.1)
(0.9875 1.3875 0.1)
(1 1.3875 0.1)
(0 1.4 0.1)
(0.0125 1.4 0.1)
(0.025 1.4 0.1)
(0.0375 1.4 0.1)
(0.05 1.4 0.1)
(0.0625 1.4 0.1)
(0.075 1.4 0.1)
(0.0875 1.4 0.1)
(0.1 1.4 0.1)
(0.1125 1.4 0.1)
(0.125 1.4 0.1)
(0.1375 1.4 0.1)
(0.15 1.4 0.1)
(0.1625 1.4 0.1)
(0.175 1.4 0.1)
(0.1875 1.4 0.1)
(0.2 1.4 0.1)
(0.2125 1.4 0.1)
(0.225 1.4 0.1)
(0.2375 1.4 0.1)
(0.25 1.4 0.1)
(0.2625 1.4 0.1)
(0.275 1.4 0.1)
(0.2875 1.4 0.1)
(0.3 1.4 0.1)
(0.3125 1.4 0.1)
(0.325 1.4 0.1)
(0.3375 1.4 0.1)
(0.35 1.4 0.1)
(0.3625 1.4 0.1)
(0.375 1.4 0.1)
(0.3875 1.4 0.1)
(0.4 1.4 0.1)
(0.4125 1.4 0.1)
(0.425 1.4 0.1)
(0.4375 1.4 0.1)
(0.45 1.4 0.1)
(0.4625 1.4 0.1)
(0.475 1.4 0.1)
(0.4875 1.4 0.1)
(0.5 1.4 0.1)
(0.5125 1.4 0.1)
(0.525 1.4 0.1)
(0.5375 1.4 0.1)
(0.55 1.4 0.1)
(0.5625 1.4 0.1)
(0.575 1.4 0.1)
(0.5875 1.4 0.1)
(0.6 1.4 0.1)
(0.6125 1.4 0.1)
(0.625 1.4 0.1)
(0.6375 1.4 0.1)
(0.65 1.4 0.1)
(0.6625 1.4 0.1)
(0.675 1.4 0.1)
(0.6875 1.4 0.1)
(0.7 1.4 0.1)
(0.7125 1.4 0.1)
(0.725 1.4 0.1)
(0.7375 1.4 0.1)
(0.75 1.4 0.1)
(0.7625 1.4 0.1)
(0.775 1.4 0.1)
(0.7875 1.4 0.1)
(0.8 1.4 0.1)
(0.8125 1.4 0.1)
(0.825 1.4 0.1)
(0.8375 1.4 0.1)
(0.85 1.4 0.1)
(0.8625 1.4 0.1)
(0.875 1.4 0.1)
(0.8875 1.4 0.1)
(0.9 1.4 0.1)
(0.9125 1.4 0.1)
(0.925 1.4 0.1)
(0.9375 1.4 0.1)
(0.95 1.4 0.1)
(0.9625 1.4 0.1)
(0.975 1.4 0.1)
(0.9875 1.4 0.1)
(1 1.4 0.1)
(0 1.4125 0.1)
(0.0125 1.4125 0.1)
(0.025 1.4125 0.1)
(0.0375 1.4125 0.1)
(0.05 1.4125 0.1)
(0.0625 1.4125 0.1)
(0.075 1.4125 0.1)
(0.0875 1.4125 0.1)
(0.1 1.4125 0.1)
(0.1125 1.4125 0.1)
(0.125 1.4125 0.1)
(0.1375 1.4125 0.1)
(0.15 1.4125 0.1)
(0.1625 1.4125 0.1)
(0.175 1.4125 0.1)
(0.1875 1.4125 0.1)
(0.2 1.4125 0.1)
(0.2125 1.4125 0.1)
(0.225 1.4125 0.1)
(0.2375 1.4125 0.1)
(0.25 1.4125 0.1)
(0.2625 1.4125 0.1)
(0.275 1.4125 0.1)
(0.2875 1.4125 0.1)
(0.3 1.4125 0.1)
(0.3125 1.4125 0.1)
(0.325 1.4125 0.1)
(0.3375 1.4125 0.1)
(0.35 1.4125 0.1)
(0.3625 1.4125 0.1)
(0.375 1.4125 0.1)
(0.3875 1.4125 0.1)
(0.4 1.4125 0.1)
(0.4125 1.4125 0.1)
(0.425 1.4125 0.1)
(0.4375 1.4125 0.1)
(0.45 1.4125 0.1)
(0.4625 1.4125 0.1)
(0.475 1.4125 0.1)
(0.4875 1.4125 0.1)
(0.5 1.4125 0.1)
(0.5125 1.4125 0.1)
(0.525 1.4125 0.1)
(0.5375 1.4125 0.1)
(0.55 1.4125 0.1)
(0.5625 1.4125 0.1)
(0.575 1.4125 0.1)
(0.5875 1.4125 0.1)
(0.6 1.4125 0.1)
(0.6125 1.4125 0.1)
(0.625 1.4125 0.1)
(0.6375 1.4125 0.1)
(0.65 1.4125 0.1)
(0.6625 1.4125 0.1)
(0.675 1.4125 0.1)
(0.6875 1.4125 0.1)
(0.7 1.4125 0.1)
(0.7125 1.4125 0.1)
(0.725 1.4125 0.1)
(0.7375 1.4125 0.1)
(0.75 1.4125 0.1)
(0.7625 1.4125 0.1)
(0.775 1.4125 0.1)
(0.7875 1.4125 0.1)
(0.8 1.4125 0.1)
(0.8125 1.4125 0.1)
(0.825 1.4125 0.1)
(0.8375 1.4125 0.1)
(0.85 1.4125 0.1)
(0.8625 1.4125 0.1)
(0.875 1.4125 0.1)
(0.8875 1.4125 0.1)
(0.9 1.4125 0.1)
(0.9125 1.4125 0.1)
(0.925 1.4125 0.1)
(0.9375 1.4125 0.1)
(0.95 1.4125 0.1)
(0.9625 1.4125 0.1)
(0.975 1.4125 0.1)
(0.9875 1.4125 0.1)
(1 1.4125 0.1)
(0 1.425 0.1)
(0.0125 1.425 0.1)
(0.025 1.425 0.1)
(0.0375 1.425 0.1)
(0.05 1.425 0.1)
(0.0625 1.425 0.1)
(0.075 1.425 0.1)
(0.0875 1.425 0.1)
(0.1 1.425 0.1)
(0.1125 1.425 0.1)
(0.125 1.425 0.1)
(0.1375 1.425 0.1)
(0.15 1.425 0.1)
(0.1625 1.425 0.1)
(0.175 1.425 0.1)
(0.1875 1.425 0.1)
(0.2 1.425 0.1)
(0.2125 1.425 0.1)
(0.225 1.425 0.1)
(0.2375 1.425 0.1)
(0.25 1.425 0.1)
(0.2625 1.425 0.1)
(0.275 1.425 0.1)
(0.2875 1.425 0.1)
(0.3 1.425 0.1)
(0.3125 1.425 0.1)
(0.325 1.425 0.1)
(0.3375 1.425 0.1)
(0.35 1.425 0.1)
(0.3625 1.425 0.1)
(0.375 1.425 0.1)
(0.3875 1.425 0.1)
(0.4 1.425 0.1)
(0.4125 1.425 0.1)
(0.425 1.425 0.1)
(0.4375 1.425 0.1)
(0.45 1.425 0.1)
(0.4625 1.425 0.1)
(0.475 1.425 0.1)
(0.4875 1.425 0.1)
(0.5 1.425 0.1)
(0.5125 1.425 0.1)
(0.525 1.425 0.1)
(0.5375 1.425 0.1)
(0.55 1.425 0.1)
(0.5625 1.425 0.1)
(0.575 1.425 0.1)
(0.5875 1.425 0.1)
(0.6 1.425 0.1)
(0.6125 1.425 0.1)
(0.625 1.425 0.1)
(0.6375 1.425 0.1)
(0.65 1.425 0.1)
(0.6625 1.425 0.1)
(0.675 1.425 0.1)
(0.6875 1.425 0.1)
(0.7 1.425 0.1)
(0.7125 1.425 0.1)
(0.725 1.425 0.1)
(0.7375 1.425 0.1)
(0.75 1.425 0.1)
(0.7625 1.425 0.1)
(0.775 1.425 0.1)
(0.7875 1.425 0.1)
(0.8 1.425 0.1)
(0.8125 1.425 0.1)
(0.825 1.425 0.1)
(0.8375 1.425 0.1)
(0.85 1.425 0.1)
(0.8625 1.425 0.1)
(0.875 1.425 0.1)
(0.8875 1.425 0.1)
(0.9 1.425 0.1)
(0.9125 1.425 0.1)
(0.925 1.425 0.1)
(0.9375 1.425 0.1)
(0.95 1.425 0.1)
(0.9625 1.425 0.1)
(0.975 1.425 0.1)
(0.9875 1.425 0.1)
(1 1.425 0.1)
(0 1.4375 0.1)
(0.0125 1.4375 0.1)
(0.025 1.4375 0.1)
(0.0375 1.4375 0.1)
(0.05 1.4375 0.1)
(0.0625 1.4375 0.1)
(0.075 1.4375 0.1)
(0.0875 1.4375 0.1)
(0.1 1.4375 0.1)
(0.1125 1.4375 0.1)
(0.125 1.4375 0.1)
(0.1375 1.4375 0.1)
(0.15 1.4375 0.1)
(0.1625 1.4375 0.1)
(0.175 1.4375 0.1)
(0.1875 1.4375 0.1)
(0.2 1.4375 0.1)
(0.2125 1.4375 0.1)
(0.225 1.4375 0.1)
(0.2375 1.4375 0.1)
(0.25 1.4375 0.1)
(0.2625 1.4375 0.1)
(0.275 1.4375 0.1)
(0.2875 1.4375 0.1)
(0.3 1.4375 0.1)
(0.3125 1.4375 0.1)
(0.325 1.4375 0.1)
(0.3375 1.4375 0.1)
(0.35 1.4375 0.1)
(0.3625 1.4375 0.1)
(0.375 1.4375 0.1)
(0.3875 1.4375 0.1)
(0.4 1.4375 0.1)
(0.4125 1.4375 0.1)
(0.425 1.4375 0.1)
(0.4375 1.4375 0.1)
(0.45 1.4375 0.1)
(0.4625 1.4375 0.1)
(0.475 1.4375 0.1)
(0.4875 1.4375 0.1)
(0.5 1.4375 0.1)
(0.5125 1.4375 0.1)
(0.525 1.4375 0.1)
(0.5375 1.4375 0.1)
(0.55 1.4375 0.1)
(0.5625 1.4375 0.1)
(0.575 1.4375 0.1)
(0.5875 1.4375 0.1)
(0.6 1.4375 0.1)
(0.6125 1.4375 0.1)
(0.625 1.4375 0.1)
(0.6375 1.4375 0.1)
(0.65 1.4375 0.1)
(0.6625 1.4375 0.1)
(0.675 1.4375 0.1)
(0.6875 1.4375 0.1)
(0.7 1.4375 0.1)
(0.7125 1.4375 0.1)
(0.725 1.4375 0.1)
(0.7375 1.4375 0.1)
(0.75 1.4375 0.1)
(0.7625 1.4375 0.1)
(0.775 1.4375 0.1)
(0.7875 1.4375 0.1)
(0.8 1.4375 0.1)
(0.8125 1.4375 0.1)
(0.825 1.4375 0.1)
(0.8375 1.4375 0.1)
(0.85 1.4375 0.1)
(0.8625 1.4375 0.1)
(0.875 1.4375 0.1)
(0.8875 1.4375 0.1)
(0.9 1.4375 0.1)
(0.9125 1.4375 0.1)
(0.925 1.4375 0.1)
(0.9375 1.4375 0.1)
(0.95 1.4375 0.1)
(0.9625 1.4375 0.1)
(0.975 1.4375 0.1)
(0.9875 1.4375 0.1)
(1 1.4375 0.1)
(0 1.45 0.1)
(0.0125 1.45 0.1)
(0.025 1.45 0.1)
(0.0375 1.45 0.1)
(0.05 1.45 0.1)
(0.0625 1.45 0.1)
(0.075 1.45 0.1)
(0.0875 1.45 0.1)
(0.1 1.45 0.1)
(0.1125 1.45 0.1)
(0.125 1.45 0.1)
(0.1375 1.45 0.1)
(0.15 1.45 0.1)
(0.1625 1.45 0.1)
(0.175 1.45 0.1)
(0.1875 1.45 0.1)
(0.2 1.45 0.1)
(0.2125 1.45 0.1)
(0.225 1.45 0.1)
(0.2375 1.45 0.1)
(0.25 1.45 0.1)
(0.2625 1.45 0.1)
(0.275 1.45 0.1)
(0.2875 1.45 0.1)
(0.3 1.45 0.1)
(0.3125 1.45 0.1)
(0.325 1.45 0.1)
(0.3375 1.45 0.1)
(0.35 1.45 0.1)
(0.3625 1.45 0.1)
(0.375 1.45 0.1)
(0.3875 1.45 0.1)
(0.4 1.45 0.1)
(0.4125 1.45 0.1)
(0.425 1.45 0.1)
(0.4375 1.45 0.1)
(0.45 1.45 0.1)
(0.4625 1.45 0.1)
(0.475 1.45 0.1)
(0.4875 1.45 0.1)
(0.5 1.45 0.1)
(0.5125 1.45 0.1)
(0.525 1.45 0.1)
(0.5375 1.45 0.1)
(0.55 1.45 0.1)
(0.5625 1.45 0.1)
(0.575 1.45 0.1)
(0.5875 1.45 0.1)
(0.6 1.45 0.1)
(0.6125 1.45 0.1)
(0.625 1.45 0.1)
(0.6375 1.45 0.1)
(0.65 1.45 0.1)
(0.6625 1.45 0.1)
(0.675 1.45 0.1)
(0.6875 1.45 0.1)
(0.7 1.45 0.1)
(0.7125 1.45 0.1)
(0.725 1.45 0.1)
(0.7375 1.45 0.1)
(0.75 1.45 0.1)
(0.7625 1.45 0.1)
(0.775 1.45 0.1)
(0.7875 1.45 0.1)
(0.8 1.45 0.1)
(0.8125 1.45 0.1)
(0.825 1.45 0.1)
(0.8375 1.45 0.1)
(0.85 1.45 0.1)
(0.8625 1.45 0.1)
(0.875 1.45 0.1)
(0.8875 1.45 0.1)
(0.9 1.45 0.1)
(0.9125 1.45 0.1)
(0.925 1.45 0.1)
(0.9375 1.45 0.1)
(0.95 1.45 0.1)
(0.9625 1.45 0.1)
(0.975 1.45 0.1)
(0.9875 1.45 0.1)
(1 1.45 0.1)
(0 1.4625 0.1)
(0.0125 1.4625 0.1)
(0.025 1.4625 0.1)
(0.0375 1.4625 0.1)
(0.05 1.4625 0.1)
(0.0625 1.4625 0.1)
(0.075 1.4625 0.1)
(0.0875 1.4625 0.1)
(0.1 1.4625 0.1)
(0.1125 1.4625 0.1)
(0.125 1.4625 0.1)
(0.1375 1.4625 0.1)
(0.15 1.4625 0.1)
(0.1625 1.4625 0.1)
(0.175 1.4625 0.1)
(0.1875 1.4625 0.1)
(0.2 1.4625 0.1)
(0.2125 1.4625 0.1)
(0.225 1.4625 0.1)
(0.2375 1.4625 0.1)
(0.25 1.4625 0.1)
(0.2625 1.4625 0.1)
(0.275 1.4625 0.1)
(0.2875 1.4625 0.1)
(0.3 1.4625 0.1)
(0.3125 1.4625 0.1)
(0.325 1.4625 0.1)
(0.3375 1.4625 0.1)
(0.35 1.4625 0.1)
(0.3625 1.4625 0.1)
(0.375 1.4625 0.1)
(0.3875 1.4625 0.1)
(0.4 1.4625 0.1)
(0.4125 1.4625 0.1)
(0.425 1.4625 0.1)
(0.4375 1.4625 0.1)
(0.45 1.4625 0.1)
(0.4625 1.4625 0.1)
(0.475 1.4625 0.1)
(0.4875 1.4625 0.1)
(0.5 1.4625 0.1)
(0.5125 1.4625 0.1)
(0.525 1.4625 0.1)
(0.5375 1.4625 0.1)
(0.55 1.4625 0.1)
(0.5625 1.4625 0.1)
(0.575 1.4625 0.1)
(0.5875 1.4625 0.1)
(0.6 1.4625 0.1)
(0.6125 1.4625 0.1)
(0.625 1.4625 0.1)
(0.6375 1.4625 0.1)
(0.65 1.4625 0.1)
(0.6625 1.4625 0.1)
(0.675 1.4625 0.1)
(0.6875 1.4625 0.1)
(0.7 1.4625 0.1)
(0.7125 1.4625 0.1)
(0.725 1.4625 0.1)
(0.7375 1.4625 0.1)
(0.75 1.4625 0.1)
(0.7625 1.4625 0.1)
(0.775 1.4625 0.1)
(0.7875 1.4625 0.1)
(0.8 1.4625 0.1)
(0.8125 1.4625 0.1)
(0.825 1.4625 0.1)
(0.8375 1.4625 0.1)
(0.85 1.4625 0.1)
(0.8625 1.4625 0.1)
(0.875 1.4625 0.1)
(0.8875 1.4625 0.1)
(0.9 1.4625 0.1)
(0.9125 1.4625 0.1)
(0.925 1.4625 0.1)
(0.9375 1.4625 0.1)
(0.95 1.4625 0.1)
(0.9625 1.4625 0.1)
(0.975 1.4625 0.1)
(0.9875 1.4625 0.1)
(1 1.4625 0.1)
(0 1.475 0.1)
(0.0125 1.475 0.1)
(0.025 1.475 0.1)
(0.0375 1.475 0.1)
(0.05 1.475 0.1)
(0.0625 1.475 0.1)
(0.075 1.475 0.1)
(0.0875 1.475 0.1)
(0.1 1.475 0.1)
(0.1125 1.475 0.1)
(0.125 1.475 0.1)
(0.1375 1.475 0.1)
(0.15 1.475 0.1)
(0.1625 1.475 0.1)
(0.175 1.475 0.1)
(0.1875 1.475 0.1)
(0.2 1.475 0.1)
(0.2125 1.475 0.1)
(0.225 1.475 0.1)
(0.2375 1.475 0.1)
(0.25 1.475 0.1)
(0.2625 1.475 0.1)
(0.275 1.475 0.1)
(0.2875 1.475 0.1)
(0.3 1.475 0.1)
(0.3125 1.475 0.1)
(0.325 1.475 0.1)
(0.3375 1.475 0.1)
(0.35 1.475 0.1)
(0.3625 1.475 0.1)
(0.375 1.475 0.1)
(0.3875 1.475 0.1)
(0.4 1.475 0.1)
(0.4125 1.475 0.1)
(0.425 1.475 0.1)
(0.4375 1.475 0.1)
(0.45 1.475 0.1)
(0.4625 1.475 0.1)
(0.475 1.475 0.1)
(0.4875 1.475 0.1)
(0.5 1.475 0.1)
(0.5125 1.475 0.1)
(0.525 1.475 0.1)
(0.5375 1.475 0.1)
(0.55 1.475 0.1)
(0.5625 1.475 0.1)
(0.575 1.475 0.1)
(0.5875 1.475 0.1)
(0.6 1.475 0.1)
(0.6125 1.475 0.1)
(0.625 1.475 0.1)
(0.6375 1.475 0.1)
(0.65 1.475 0.1)
(0.6625 1.475 0.1)
(0.675 1.475 0.1)
(0.6875 1.475 0.1)
(0.7 1.475 0.1)
(0.7125 1.475 0.1)
(0.725 1.475 0.1)
(0.7375 1.475 0.1)
(0.75 1.475 0.1)
(0.7625 1.475 0.1)
(0.775 1.475 0.1)
(0.7875 1.475 0.1)
(0.8 1.475 0.1)
(0.8125 1.475 0.1)
(0.825 1.475 0.1)
(0.8375 1.475 0.1)
(0.85 1.475 0.1)
(0.8625 1.475 0.1)
(0.875 1.475 0.1)
(0.8875 1.475 0.1)
(0.9 1.475 0.1)
(0.9125 1.475 0.1)
(0.925 1.475 0.1)
(0.9375 1.475 0.1)
(0.95 1.475 0.1)
(0.9625 1.475 0.1)
(0.975 1.475 0.1)
(0.9875 1.475 0.1)
(1 1.475 0.1)
(0 1.4875 0.1)
(0.0125 1.4875 0.1)
(0.025 1.4875 0.1)
(0.0375 1.4875 0.1)
(0.05 1.4875 0.1)
(0.0625 1.4875 0.1)
(0.075 1.4875 0.1)
(0.0875 1.4875 0.1)
(0.1 1.4875 0.1)
(0.1125 1.4875 0.1)
(0.125 1.4875 0.1)
(0.1375 1.4875 0.1)
(0.15 1.4875 0.1)
(0.1625 1.4875 0.1)
(0.175 1.4875 0.1)
(0.1875 1.4875 0.1)
(0.2 1.4875 0.1)
(0.2125 1.4875 0.1)
(0.225 1.4875 0.1)
(0.2375 1.4875 0.1)
(0.25 1.4875 0.1)
(0.2625 1.4875 0.1)
(0.275 1.4875 0.1)
(0.2875 1.4875 0.1)
(0.3 1.4875 0.1)
(0.3125 1.4875 0.1)
(0.325 1.4875 0.1)
(0.3375 1.4875 0.1)
(0.35 1.4875 0.1)
(0.3625 1.4875 0.1)
(0.375 1.4875 0.1)
(0.3875 1.4875 0.1)
(0.4 1.4875 0.1)
(0.4125 1.4875 0.1)
(0.425 1.4875 0.1)
(0.4375 1.4875 0.1)
(0.45 1.4875 0.1)
(0.4625 1.4875 0.1)
(0.475 1.4875 0.1)
(0.4875 1.4875 0.1)
(0.5 1.4875 0.1)
(0.5125 1.4875 0.1)
(0.525 1.4875 0.1)
(0.5375 1.4875 0.1)
(0.55 1.4875 0.1)
(0.5625 1.4875 0.1)
(0.575 1.4875 0.1)
(0.5875 1.4875 0.1)
(0.6 1.4875 0.1)
(0.6125 1.4875 0.1)
(0.625 1.4875 0.1)
(0.6375 1.4875 0.1)
(0.65 1.4875 0.1)
(0.6625 1.4875 0.1)
(0.675 1.4875 0.1)
(0.6875 1.4875 0.1)
(0.7 1.4875 0.1)
(0.7125 1.4875 0.1)
(0.725 1.4875 0.1)
(0.7375 1.4875 0.1)
(0.75 1.4875 0.1)
(0.7625 1.4875 0.1)
(0.775 1.4875 0.1)
(0.7875 1.4875 0.1)
(0.8 1.4875 0.1)
(0.8125 1.4875 0.1)
(0.825 1.4875 0.1)
(0.8375 1.4875 0.1)
(0.85 1.4875 0.1)
(0.8625 1.4875 0.1)
(0.875 1.4875 0.1)
(0.8875 1.4875 0.1)
(0.9 1.4875 0.1)
(0.9125 1.4875 0.1)
(0.925 1.4875 0.1)
(0.9375 1.4875 0.1)
(0.95 1.4875 0.1)
(0.9625 1.4875 0.1)
(0.975 1.4875 0.1)
(0.9875 1.4875 0.1)
(1 1.4875 0.1)
(0 1.5 0.1)
(0.0125 1.5 0.1)
(0.025 1.5 0.1)
(0.0375 1.5 0.1)
(0.05 1.5 0.1)
(0.0625 1.5 0.1)
(0.075 1.5 0.1)
(0.0875 1.5 0.1)
(0.1 1.5 0.1)
(0.1125 1.5 0.1)
(0.125 1.5 0.1)
(0.1375 1.5 0.1)
(0.15 1.5 0.1)
(0.1625 1.5 0.1)
(0.175 1.5 0.1)
(0.1875 1.5 0.1)
(0.2 1.5 0.1)
(0.2125 1.5 0.1)
(0.225 1.5 0.1)
(0.2375 1.5 0.1)
(0.25 1.5 0.1)
(0.2625 1.5 0.1)
(0.275 1.5 0.1)
(0.2875 1.5 0.1)
(0.3 1.5 0.1)
(0.3125 1.5 0.1)
(0.325 1.5 0.1)
(0.3375 1.5 0.1)
(0.35 1.5 0.1)
(0.3625 1.5 0.1)
(0.375 1.5 0.1)
(0.3875 1.5 0.1)
(0.4 1.5 0.1)
(0.4125 1.5 0.1)
(0.425 1.5 0.1)
(0.4375 1.5 0.1)
(0.45 1.5 0.1)
(0.4625 1.5 0.1)
(0.475 1.5 0.1)
(0.4875 1.5 0.1)
(0.5 1.5 0.1)
(0.5125 1.5 0.1)
(0.525 1.5 0.1)
(0.5375 1.5 0.1)
(0.55 1.5 0.1)
(0.5625 1.5 0.1)
(0.575 1.5 0.1)
(0.5875 1.5 0.1)
(0.6 1.5 0.1)
(0.6125 1.5 0.1)
(0.625 1.5 0.1)
(0.6375 1.5 0.1)
(0.65 1.5 0.1)
(0.6625 1.5 0.1)
(0.675 1.5 0.1)
(0.6875 1.5 0.1)
(0.7 1.5 0.1)
(0.7125 1.5 0.1)
(0.725 1.5 0.1)
(0.7375 1.5 0.1)
(0.75 1.5 0.1)
(0.7625 1.5 0.1)
(0.775 1.5 0.1)
(0.7875 1.5 0.1)
(0.8 1.5 0.1)
(0.8125 1.5 0.1)
(0.825 1.5 0.1)
(0.8375 1.5 0.1)
(0.85 1.5 0.1)
(0.8625 1.5 0.1)
(0.875 1.5 0.1)
(0.8875 1.5 0.1)
(0.9 1.5 0.1)
(0.9125 1.5 0.1)
(0.925 1.5 0.1)
(0.9375 1.5 0.1)
(0.95 1.5 0.1)
(0.9625 1.5 0.1)
(0.975 1.5 0.1)
(0.9875 1.5 0.1)
(1 1.5 0.1)
(0 1.5125 0.1)
(0.0125 1.5125 0.1)
(0.025 1.5125 0.1)
(0.0375 1.5125 0.1)
(0.05 1.5125 0.1)
(0.0625 1.5125 0.1)
(0.075 1.5125 0.1)
(0.0875 1.5125 0.1)
(0.1 1.5125 0.1)
(0.1125 1.5125 0.1)
(0.125 1.5125 0.1)
(0.1375 1.5125 0.1)
(0.15 1.5125 0.1)
(0.1625 1.5125 0.1)
(0.175 1.5125 0.1)
(0.1875 1.5125 0.1)
(0.2 1.5125 0.1)
(0.2125 1.5125 0.1)
(0.225 1.5125 0.1)
(0.2375 1.5125 0.1)
(0.25 1.5125 0.1)
(0.2625 1.5125 0.1)
(0.275 1.5125 0.1)
(0.2875 1.5125 0.1)
(0.3 1.5125 0.1)
(0.3125 1.5125 0.1)
(0.325 1.5125 0.1)
(0.3375 1.5125 0.1)
(0.35 1.5125 0.1)
(0.3625 1.5125 0.1)
(0.375 1.5125 0.1)
(0.3875 1.5125 0.1)
(0.4 1.5125 0.1)
(0.4125 1.5125 0.1)
(0.425 1.5125 0.1)
(0.4375 1.5125 0.1)
(0.45 1.5125 0.1)
(0.4625 1.5125 0.1)
(0.475 1.5125 0.1)
(0.4875 1.5125 0.1)
(0.5 1.5125 0.1)
(0.5125 1.5125 0.1)
(0.525 1.5125 0.1)
(0.5375 1.5125 0.1)
(0.55 1.5125 0.1)
(0.5625 1.5125 0.1)
(0.575 1.5125 0.1)
(0.5875 1.5125 0.1)
(0.6 1.5125 0.1)
(0.6125 1.5125 0.1)
(0.625 1.5125 0.1)
(0.6375 1.5125 0.1)
(0.65 1.5125 0.1)
(0.6625 1.5125 0.1)
(0.675 1.5125 0.1)
(0.6875 1.5125 0.1)
(0.7 1.5125 0.1)
(0.7125 1.5125 0.1)
(0.725 1.5125 0.1)
(0.7375 1.5125 0.1)
(0.75 1.5125 0.1)
(0.7625 1.5125 0.1)
(0.775 1.5125 0.1)
(0.7875 1.5125 0.1)
(0.8 1.5125 0.1)
(0.8125 1.5125 0.1)
(0.825 1.5125 0.1)
(0.8375 1.5125 0.1)
(0.85 1.5125 0.1)
(0.8625 1.5125 0.1)
(0.875 1.5125 0.1)
(0.8875 1.5125 0.1)
(0.9 1.5125 0.1)
(0.9125 1.5125 0.1)
(0.925 1.5125 0.1)
(0.9375 1.5125 0.1)
(0.95 1.5125 0.1)
(0.9625 1.5125 0.1)
(0.975 1.5125 0.1)
(0.9875 1.5125 0.1)
(1 1.5125 0.1)
(0 1.525 0.1)
(0.0125 1.525 0.1)
(0.025 1.525 0.1)
(0.0375 1.525 0.1)
(0.05 1.525 0.1)
(0.0625 1.525 0.1)
(0.075 1.525 0.1)
(0.0875 1.525 0.1)
(0.1 1.525 0.1)
(0.1125 1.525 0.1)
(0.125 1.525 0.1)
(0.1375 1.525 0.1)
(0.15 1.525 0.1)
(0.1625 1.525 0.1)
(0.175 1.525 0.1)
(0.1875 1.525 0.1)
(0.2 1.525 0.1)
(0.2125 1.525 0.1)
(0.225 1.525 0.1)
(0.2375 1.525 0.1)
(0.25 1.525 0.1)
(0.2625 1.525 0.1)
(0.275 1.525 0.1)
(0.2875 1.525 0.1)
(0.3 1.525 0.1)
(0.3125 1.525 0.1)
(0.325 1.525 0.1)
(0.3375 1.525 0.1)
(0.35 1.525 0.1)
(0.3625 1.525 0.1)
(0.375 1.525 0.1)
(0.3875 1.525 0.1)
(0.4 1.525 0.1)
(0.4125 1.525 0.1)
(0.425 1.525 0.1)
(0.4375 1.525 0.1)
(0.45 1.525 0.1)
(0.4625 1.525 0.1)
(0.475 1.525 0.1)
(0.4875 1.525 0.1)
(0.5 1.525 0.1)
(0.5125 1.525 0.1)
(0.525 1.525 0.1)
(0.5375 1.525 0.1)
(0.55 1.525 0.1)
(0.5625 1.525 0.1)
(0.575 1.525 0.1)
(0.5875 1.525 0.1)
(0.6 1.525 0.1)
(0.6125 1.525 0.1)
(0.625 1.525 0.1)
(0.6375 1.525 0.1)
(0.65 1.525 0.1)
(0.6625 1.525 0.1)
(0.675 1.525 0.1)
(0.6875 1.525 0.1)
(0.7 1.525 0.1)
(0.7125 1.525 0.1)
(0.725 1.525 0.1)
(0.7375 1.525 0.1)
(0.75 1.525 0.1)
(0.7625 1.525 0.1)
(0.775 1.525 0.1)
(0.7875 1.525 0.1)
(0.8 1.525 0.1)
(0.8125 1.525 0.1)
(0.825 1.525 0.1)
(0.8375 1.525 0.1)
(0.85 1.525 0.1)
(0.8625 1.525 0.1)
(0.875 1.525 0.1)
(0.8875 1.525 0.1)
(0.9 1.525 0.1)
(0.9125 1.525 0.1)
(0.925 1.525 0.1)
(0.9375 1.525 0.1)
(0.95 1.525 0.1)
(0.9625 1.525 0.1)
(0.975 1.525 0.1)
(0.9875 1.525 0.1)
(1 1.525 0.1)
(0 1.5375 0.1)
(0.0125 1.5375 0.1)
(0.025 1.5375 0.1)
(0.0375 1.5375 0.1)
(0.05 1.5375 0.1)
(0.0625 1.5375 0.1)
(0.075 1.5375 0.1)
(0.0875 1.5375 0.1)
(0.1 1.5375 0.1)
(0.1125 1.5375 0.1)
(0.125 1.5375 0.1)
(0.1375 1.5375 0.1)
(0.15 1.5375 0.1)
(0.1625 1.5375 0.1)
(0.175 1.5375 0.1)
(0.1875 1.5375 0.1)
(0.2 1.5375 0.1)
(0.2125 1.5375 0.1)
(0.225 1.5375 0.1)
(0.2375 1.5375 0.1)
(0.25 1.5375 0.1)
(0.2625 1.5375 0.1)
(0.275 1.5375 0.1)
(0.2875 1.5375 0.1)
(0.3 1.5375 0.1)
(0.3125 1.5375 0.1)
(0.325 1.5375 0.1)
(0.3375 1.5375 0.1)
(0.35 1.5375 0.1)
(0.3625 1.5375 0.1)
(0.375 1.5375 0.1)
(0.3875 1.5375 0.1)
(0.4 1.5375 0.1)
(0.4125 1.5375 0.1)
(0.425 1.5375 0.1)
(0.4375 1.5375 0.1)
(0.45 1.5375 0.1)
(0.4625 1.5375 0.1)
(0.475 1.5375 0.1)
(0.4875 1.5375 0.1)
(0.5 1.5375 0.1)
(0.5125 1.5375 0.1)
(0.525 1.5375 0.1)
(0.5375 1.5375 0.1)
(0.55 1.5375 0.1)
(0.5625 1.5375 0.1)
(0.575 1.5375 0.1)
(0.5875 1.5375 0.1)
(0.6 1.5375 0.1)
(0.6125 1.5375 0.1)
(0.625 1.5375 0.1)
(0.6375 1.5375 0.1)
(0.65 1.5375 0.1)
(0.6625 1.5375 0.1)
(0.675 1.5375 0.1)
(0.6875 1.5375 0.1)
(0.7 1.5375 0.1)
(0.7125 1.5375 0.1)
(0.725 1.5375 0.1)
(0.7375 1.5375 0.1)
(0.75 1.5375 0.1)
(0.7625 1.5375 0.1)
(0.775 1.5375 0.1)
(0.7875 1.5375 0.1)
(0.8 1.5375 0.1)
(0.8125 1.5375 0.1)
(0.825 1.5375 0.1)
(0.8375 1.5375 0.1)
(0.85 1.5375 0.1)
(0.8625 1.5375 0.1)
(0.875 1.5375 0.1)
(0.8875 1.5375 0.1)
(0.9 1.5375 0.1)
(0.9125 1.5375 0.1)
(0.925 1.5375 0.1)
(0.9375 1.5375 0.1)
(0.95 1.5375 0.1)
(0.9625 1.5375 0.1)
(0.975 1.5375 0.1)
(0.9875 1.5375 0.1)
(1 1.5375 0.1)
(0 1.55 0.1)
(0.0125 1.55 0.1)
(0.025 1.55 0.1)
(0.0375 1.55 0.1)
(0.05 1.55 0.1)
(0.0625 1.55 0.1)
(0.075 1.55 0.1)
(0.0875 1.55 0.1)
(0.1 1.55 0.1)
(0.1125 1.55 0.1)
(0.125 1.55 0.1)
(0.1375 1.55 0.1)
(0.15 1.55 0.1)
(0.1625 1.55 0.1)
(0.175 1.55 0.1)
(0.1875 1.55 0.1)
(0.2 1.55 0.1)
(0.2125 1.55 0.1)
(0.225 1.55 0.1)
(0.2375 1.55 0.1)
(0.25 1.55 0.1)
(0.2625 1.55 0.1)
(0.275 1.55 0.1)
(0.2875 1.55 0.1)
(0.3 1.55 0.1)
(0.3125 1.55 0.1)
(0.325 1.55 0.1)
(0.3375 1.55 0.1)
(0.35 1.55 0.1)
(0.3625 1.55 0.1)
(0.375 1.55 0.1)
(0.3875 1.55 0.1)
(0.4 1.55 0.1)
(0.4125 1.55 0.1)
(0.425 1.55 0.1)
(0.4375 1.55 0.1)
(0.45 1.55 0.1)
(0.4625 1.55 0.1)
(0.475 1.55 0.1)
(0.4875 1.55 0.1)
(0.5 1.55 0.1)
(0.5125 1.55 0.1)
(0.525 1.55 0.1)
(0.5375 1.55 0.1)
(0.55 1.55 0.1)
(0.5625 1.55 0.1)
(0.575 1.55 0.1)
(0.5875 1.55 0.1)
(0.6 1.55 0.1)
(0.6125 1.55 0.1)
(0.625 1.55 0.1)
(0.6375 1.55 0.1)
(0.65 1.55 0.1)
(0.6625 1.55 0.1)
(0.675 1.55 0.1)
(0.6875 1.55 0.1)
(0.7 1.55 0.1)
(0.7125 1.55 0.1)
(0.725 1.55 0.1)
(0.7375 1.55 0.1)
(0.75 1.55 0.1)
(0.7625 1.55 0.1)
(0.775 1.55 0.1)
(0.7875 1.55 0.1)
(0.8 1.55 0.1)
(0.8125 1.55 0.1)
(0.825 1.55 0.1)
(0.8375 1.55 0.1)
(0.85 1.55 0.1)
(0.8625 1.55 0.1)
(0.875 1.55 0.1)
(0.8875 1.55 0.1)
(0.9 1.55 0.1)
(0.9125 1.55 0.1)
(0.925 1.55 0.1)
(0.9375 1.55 0.1)
(0.95 1.55 0.1)
(0.9625 1.55 0.1)
(0.975 1.55 0.1)
(0.9875 1.55 0.1)
(1 1.55 0.1)
(0 1.5625 0.1)
(0.0125 1.5625 0.1)
(0.025 1.5625 0.1)
(0.0375 1.5625 0.1)
(0.05 1.5625 0.1)
(0.0625 1.5625 0.1)
(0.075 1.5625 0.1)
(0.0875 1.5625 0.1)
(0.1 1.5625 0.1)
(0.1125 1.5625 0.1)
(0.125 1.5625 0.1)
(0.1375 1.5625 0.1)
(0.15 1.5625 0.1)
(0.1625 1.5625 0.1)
(0.175 1.5625 0.1)
(0.1875 1.5625 0.1)
(0.2 1.5625 0.1)
(0.2125 1.5625 0.1)
(0.225 1.5625 0.1)
(0.2375 1.5625 0.1)
(0.25 1.5625 0.1)
(0.2625 1.5625 0.1)
(0.275 1.5625 0.1)
(0.2875 1.5625 0.1)
(0.3 1.5625 0.1)
(0.3125 1.5625 0.1)
(0.325 1.5625 0.1)
(0.3375 1.5625 0.1)
(0.35 1.5625 0.1)
(0.3625 1.5625 0.1)
(0.375 1.5625 0.1)
(0.3875 1.5625 0.1)
(0.4 1.5625 0.1)
(0.4125 1.5625 0.1)
(0.425 1.5625 0.1)
(0.4375 1.5625 0.1)
(0.45 1.5625 0.1)
(0.4625 1.5625 0.1)
(0.475 1.5625 0.1)
(0.4875 1.5625 0.1)
(0.5 1.5625 0.1)
(0.5125 1.5625 0.1)
(0.525 1.5625 0.1)
(0.5375 1.5625 0.1)
(0.55 1.5625 0.1)
(0.5625 1.5625 0.1)
(0.575 1.5625 0.1)
(0.5875 1.5625 0.1)
(0.6 1.5625 0.1)
(0.6125 1.5625 0.1)
(0.625 1.5625 0.1)
(0.6375 1.5625 0.1)
(0.65 1.5625 0.1)
(0.6625 1.5625 0.1)
(0.675 1.5625 0.1)
(0.6875 1.5625 0.1)
(0.7 1.5625 0.1)
(0.7125 1.5625 0.1)
(0.725 1.5625 0.1)
(0.7375 1.5625 0.1)
(0.75 1.5625 0.1)
(0.7625 1.5625 0.1)
(0.775 1.5625 0.1)
(0.7875 1.5625 0.1)
(0.8 1.5625 0.1)
(0.8125 1.5625 0.1)
(0.825 1.5625 0.1)
(0.8375 1.5625 0.1)
(0.85 1.5625 0.1)
(0.8625 1.5625 0.1)
(0.875 1.5625 0.1)
(0.8875 1.5625 0.1)
(0.9 1.5625 0.1)
(0.9125 1.5625 0.1)
(0.925 1.5625 0.1)
(0.9375 1.5625 0.1)
(0.95 1.5625 0.1)
(0.9625 1.5625 0.1)
(0.975 1.5625 0.1)
(0.9875 1.5625 0.1)
(1 1.5625 0.1)
(0 1.575 0.1)
(0.0125 1.575 0.1)
(0.025 1.575 0.1)
(0.0375 1.575 0.1)
(0.05 1.575 0.1)
(0.0625 1.575 0.1)
(0.075 1.575 0.1)
(0.0875 1.575 0.1)
(0.1 1.575 0.1)
(0.1125 1.575 0.1)
(0.125 1.575 0.1)
(0.1375 1.575 0.1)
(0.15 1.575 0.1)
(0.1625 1.575 0.1)
(0.175 1.575 0.1)
(0.1875 1.575 0.1)
(0.2 1.575 0.1)
(0.2125 1.575 0.1)
(0.225 1.575 0.1)
(0.2375 1.575 0.1)
(0.25 1.575 0.1)
(0.2625 1.575 0.1)
(0.275 1.575 0.1)
(0.2875 1.575 0.1)
(0.3 1.575 0.1)
(0.3125 1.575 0.1)
(0.325 1.575 0.1)
(0.3375 1.575 0.1)
(0.35 1.575 0.1)
(0.3625 1.575 0.1)
(0.375 1.575 0.1)
(0.3875 1.575 0.1)
(0.4 1.575 0.1)
(0.4125 1.575 0.1)
(0.425 1.575 0.1)
(0.4375 1.575 0.1)
(0.45 1.575 0.1)
(0.4625 1.575 0.1)
(0.475 1.575 0.1)
(0.4875 1.575 0.1)
(0.5 1.575 0.1)
(0.5125 1.575 0.1)
(0.525 1.575 0.1)
(0.5375 1.575 0.1)
(0.55 1.575 0.1)
(0.5625 1.575 0.1)
(0.575 1.575 0.1)
(0.5875 1.575 0.1)
(0.6 1.575 0.1)
(0.6125 1.575 0.1)
(0.625 1.575 0.1)
(0.6375 1.575 0.1)
(0.65 1.575 0.1)
(0.6625 1.575 0.1)
(0.675 1.575 0.1)
(0.6875 1.575 0.1)
(0.7 1.575 0.1)
(0.7125 1.575 0.1)
(0.725 1.575 0.1)
(0.7375 1.575 0.1)
(0.75 1.575 0.1)
(0.7625 1.575 0.1)
(0.775 1.575 0.1)
(0.7875 1.575 0.1)
(0.8 1.575 0.1)
(0.8125 1.575 0.1)
(0.825 1.575 0.1)
(0.8375 1.575 0.1)
(0.85 1.575 0.1)
(0.8625 1.575 0.1)
(0.875 1.575 0.1)
(0.8875 1.575 0.1)
(0.9 1.575 0.1)
(0.9125 1.575 0.1)
(0.925 1.575 0.1)
(0.9375 1.575 0.1)
(0.95 1.575 0.1)
(0.9625 1.575 0.1)
(0.975 1.575 0.1)
(0.9875 1.575 0.1)
(1 1.575 0.1)
(0 1.5875 0.1)
(0.0125 1.5875 0.1)
(0.025 1.5875 0.1)
(0.0375 1.5875 0.1)
(0.05 1.5875 0.1)
(0.0625 1.5875 0.1)
(0.075 1.5875 0.1)
(0.0875 1.5875 0.1)
(0.1 1.5875 0.1)
(0.1125 1.5875 0.1)
(0.125 1.5875 0.1)
(0.1375 1.5875 0.1)
(0.15 1.5875 0.1)
(0.1625 1.5875 0.1)
(0.175 1.5875 0.1)
(0.1875 1.5875 0.1)
(0.2 1.5875 0.1)
(0.2125 1.5875 0.1)
(0.225 1.5875 0.1)
(0.2375 1.5875 0.1)
(0.25 1.5875 0.1)
(0.2625 1.5875 0.1)
(0.275 1.5875 0.1)
(0.2875 1.5875 0.1)
(0.3 1.5875 0.1)
(0.3125 1.5875 0.1)
(0.325 1.5875 0.1)
(0.3375 1.5875 0.1)
(0.35 1.5875 0.1)
(0.3625 1.5875 0.1)
(0.375 1.5875 0.1)
(0.3875 1.5875 0.1)
(0.4 1.5875 0.1)
(0.4125 1.5875 0.1)
(0.425 1.5875 0.1)
(0.4375 1.5875 0.1)
(0.45 1.5875 0.1)
(0.4625 1.5875 0.1)
(0.475 1.5875 0.1)
(0.4875 1.5875 0.1)
(0.5 1.5875 0.1)
(0.5125 1.5875 0.1)
(0.525 1.5875 0.1)
(0.5375 1.5875 0.1)
(0.55 1.5875 0.1)
(0.5625 1.5875 0.1)
(0.575 1.5875 0.1)
(0.5875 1.5875 0.1)
(0.6 1.5875 0.1)
(0.6125 1.5875 0.1)
(0.625 1.5875 0.1)
(0.6375 1.5875 0.1)
(0.65 1.5875 0.1)
(0.6625 1.5875 0.1)
(0.675 1.5875 0.1)
(0.6875 1.5875 0.1)
(0.7 1.5875 0.1)
(0.7125 1.5875 0.1)
(0.725 1.5875 0.1)
(0.7375 1.5875 0.1)
(0.75 1.5875 0.1)
(0.7625 1.5875 0.1)
(0.775 1.5875 0.1)
(0.7875 1.5875 0.1)
(0.8 1.5875 0.1)
(0.8125 1.5875 0.1)
(0.825 1.5875 0.1)
(0.8375 1.5875 0.1)
(0.85 1.5875 0.1)
(0.8625 1.5875 0.1)
(0.875 1.5875 0.1)
(0.8875 1.5875 0.1)
(0.9 1.5875 0.1)
(0.9125 1.5875 0.1)
(0.925 1.5875 0.1)
(0.9375 1.5875 0.1)
(0.95 1.5875 0.1)
(0.9625 1.5875 0.1)
(0.975 1.5875 0.1)
(0.9875 1.5875 0.1)
(1 1.5875 0.1)
(0 1.6 0.1)
(0.0125 1.6 0.1)
(0.025 1.6 0.1)
(0.0375 1.6 0.1)
(0.05 1.6 0.1)
(0.0625 1.6 0.1)
(0.075 1.6 0.1)
(0.0875 1.6 0.1)
(0.1 1.6 0.1)
(0.1125 1.6 0.1)
(0.125 1.6 0.1)
(0.1375 1.6 0.1)
(0.15 1.6 0.1)
(0.1625 1.6 0.1)
(0.175 1.6 0.1)
(0.1875 1.6 0.1)
(0.2 1.6 0.1)
(0.2125 1.6 0.1)
(0.225 1.6 0.1)
(0.2375 1.6 0.1)
(0.25 1.6 0.1)
(0.2625 1.6 0.1)
(0.275 1.6 0.1)
(0.2875 1.6 0.1)
(0.3 1.6 0.1)
(0.3125 1.6 0.1)
(0.325 1.6 0.1)
(0.3375 1.6 0.1)
(0.35 1.6 0.1)
(0.3625 1.6 0.1)
(0.375 1.6 0.1)
(0.3875 1.6 0.1)
(0.4 1.6 0.1)
(0.4125 1.6 0.1)
(0.425 1.6 0.1)
(0.4375 1.6 0.1)
(0.45 1.6 0.1)
(0.4625 1.6 0.1)
(0.475 1.6 0.1)
(0.4875 1.6 0.1)
(0.5 1.6 0.1)
(0.5125 1.6 0.1)
(0.525 1.6 0.1)
(0.5375 1.6 0.1)
(0.55 1.6 0.1)
(0.5625 1.6 0.1)
(0.575 1.6 0.1)
(0.5875 1.6 0.1)
(0.6 1.6 0.1)
(0.6125 1.6 0.1)
(0.625 1.6 0.1)
(0.6375 1.6 0.1)
(0.65 1.6 0.1)
(0.6625 1.6 0.1)
(0.675 1.6 0.1)
(0.6875 1.6 0.1)
(0.7 1.6 0.1)
(0.7125 1.6 0.1)
(0.725 1.6 0.1)
(0.7375 1.6 0.1)
(0.75 1.6 0.1)
(0.7625 1.6 0.1)
(0.775 1.6 0.1)
(0.7875 1.6 0.1)
(0.8 1.6 0.1)
(0.8125 1.6 0.1)
(0.825 1.6 0.1)
(0.8375 1.6 0.1)
(0.85 1.6 0.1)
(0.8625 1.6 0.1)
(0.875 1.6 0.1)
(0.8875 1.6 0.1)
(0.9 1.6 0.1)
(0.9125 1.6 0.1)
(0.925 1.6 0.1)
(0.9375 1.6 0.1)
(0.95 1.6 0.1)
(0.9625 1.6 0.1)
(0.975 1.6 0.1)
(0.9875 1.6 0.1)
(1 1.6 0.1)
(0 1.6125 0.1)
(0.0125 1.6125 0.1)
(0.025 1.6125 0.1)
(0.0375 1.6125 0.1)
(0.05 1.6125 0.1)
(0.0625 1.6125 0.1)
(0.075 1.6125 0.1)
(0.0875 1.6125 0.1)
(0.1 1.6125 0.1)
(0.1125 1.6125 0.1)
(0.125 1.6125 0.1)
(0.1375 1.6125 0.1)
(0.15 1.6125 0.1)
(0.1625 1.6125 0.1)
(0.175 1.6125 0.1)
(0.1875 1.6125 0.1)
(0.2 1.6125 0.1)
(0.2125 1.6125 0.1)
(0.225 1.6125 0.1)
(0.2375 1.6125 0.1)
(0.25 1.6125 0.1)
(0.2625 1.6125 0.1)
(0.275 1.6125 0.1)
(0.2875 1.6125 0.1)
(0.3 1.6125 0.1)
(0.3125 1.6125 0.1)
(0.325 1.6125 0.1)
(0.3375 1.6125 0.1)
(0.35 1.6125 0.1)
(0.3625 1.6125 0.1)
(0.375 1.6125 0.1)
(0.3875 1.6125 0.1)
(0.4 1.6125 0.1)
(0.4125 1.6125 0.1)
(0.425 1.6125 0.1)
(0.4375 1.6125 0.1)
(0.45 1.6125 0.1)
(0.4625 1.6125 0.1)
(0.475 1.6125 0.1)
(0.4875 1.6125 0.1)
(0.5 1.6125 0.1)
(0.5125 1.6125 0.1)
(0.525 1.6125 0.1)
(0.5375 1.6125 0.1)
(0.55 1.6125 0.1)
(0.5625 1.6125 0.1)
(0.575 1.6125 0.1)
(0.5875 1.6125 0.1)
(0.6 1.6125 0.1)
(0.6125 1.6125 0.1)
(0.625 1.6125 0.1)
(0.6375 1.6125 0.1)
(0.65 1.6125 0.1)
(0.6625 1.6125 0.1)
(0.675 1.6125 0.1)
(0.6875 1.6125 0.1)
(0.7 1.6125 0.1)
(0.7125 1.6125 0.1)
(0.725 1.6125 0.1)
(0.7375 1.6125 0.1)
(0.75 1.6125 0.1)
(0.7625 1.6125 0.1)
(0.775 1.6125 0.1)
(0.7875 1.6125 0.1)
(0.8 1.6125 0.1)
(0.8125 1.6125 0.1)
(0.825 1.6125 0.1)
(0.8375 1.6125 0.1)
(0.85 1.6125 0.1)
(0.8625 1.6125 0.1)
(0.875 1.6125 0.1)
(0.8875 1.6125 0.1)
(0.9 1.6125 0.1)
(0.9125 1.6125 0.1)
(0.925 1.6125 0.1)
(0.9375 1.6125 0.1)
(0.95 1.6125 0.1)
(0.9625 1.6125 0.1)
(0.975 1.6125 0.1)
(0.9875 1.6125 0.1)
(1 1.6125 0.1)
(0 1.625 0.1)
(0.0125 1.625 0.1)
(0.025 1.625 0.1)
(0.0375 1.625 0.1)
(0.05 1.625 0.1)
(0.0625 1.625 0.1)
(0.075 1.625 0.1)
(0.0875 1.625 0.1)
(0.1 1.625 0.1)
(0.1125 1.625 0.1)
(0.125 1.625 0.1)
(0.1375 1.625 0.1)
(0.15 1.625 0.1)
(0.1625 1.625 0.1)
(0.175 1.625 0.1)
(0.1875 1.625 0.1)
(0.2 1.625 0.1)
(0.2125 1.625 0.1)
(0.225 1.625 0.1)
(0.2375 1.625 0.1)
(0.25 1.625 0.1)
(0.2625 1.625 0.1)
(0.275 1.625 0.1)
(0.2875 1.625 0.1)
(0.3 1.625 0.1)
(0.3125 1.625 0.1)
(0.325 1.625 0.1)
(0.3375 1.625 0.1)
(0.35 1.625 0.1)
(0.3625 1.625 0.1)
(0.375 1.625 0.1)
(0.3875 1.625 0.1)
(0.4 1.625 0.1)
(0.4125 1.625 0.1)
(0.425 1.625 0.1)
(0.4375 1.625 0.1)
(0.45 1.625 0.1)
(0.4625 1.625 0.1)
(0.475 1.625 0.1)
(0.4875 1.625 0.1)
(0.5 1.625 0.1)
(0.5125 1.625 0.1)
(0.525 1.625 0.1)
(0.5375 1.625 0.1)
(0.55 1.625 0.1)
(0.5625 1.625 0.1)
(0.575 1.625 0.1)
(0.5875 1.625 0.1)
(0.6 1.625 0.1)
(0.6125 1.625 0.1)
(0.625 1.625 0.1)
(0.6375 1.625 0.1)
(0.65 1.625 0.1)
(0.6625 1.625 0.1)
(0.675 1.625 0.1)
(0.6875 1.625 0.1)
(0.7 1.625 0.1)
(0.7125 1.625 0.1)
(0.725 1.625 0.1)
(0.7375 1.625 0.1)
(0.75 1.625 0.1)
(0.7625 1.625 0.1)
(0.775 1.625 0.1)
(0.7875 1.625 0.1)
(0.8 1.625 0.1)
(0.8125 1.625 0.1)
(0.825 1.625 0.1)
(0.8375 1.625 0.1)
(0.85 1.625 0.1)
(0.8625 1.625 0.1)
(0.875 1.625 0.1)
(0.8875 1.625 0.1)
(0.9 1.625 0.1)
(0.9125 1.625 0.1)
(0.925 1.625 0.1)
(0.9375 1.625 0.1)
(0.95 1.625 0.1)
(0.9625 1.625 0.1)
(0.975 1.625 0.1)
(0.9875 1.625 0.1)
(1 1.625 0.1)
(0 1.6375 0.1)
(0.0125 1.6375 0.1)
(0.025 1.6375 0.1)
(0.0375 1.6375 0.1)
(0.05 1.6375 0.1)
(0.0625 1.6375 0.1)
(0.075 1.6375 0.1)
(0.0875 1.6375 0.1)
(0.1 1.6375 0.1)
(0.1125 1.6375 0.1)
(0.125 1.6375 0.1)
(0.1375 1.6375 0.1)
(0.15 1.6375 0.1)
(0.1625 1.6375 0.1)
(0.175 1.6375 0.1)
(0.1875 1.6375 0.1)
(0.2 1.6375 0.1)
(0.2125 1.6375 0.1)
(0.225 1.6375 0.1)
(0.2375 1.6375 0.1)
(0.25 1.6375 0.1)
(0.2625 1.6375 0.1)
(0.275 1.6375 0.1)
(0.2875 1.6375 0.1)
(0.3 1.6375 0.1)
(0.3125 1.6375 0.1)
(0.325 1.6375 0.1)
(0.3375 1.6375 0.1)
(0.35 1.6375 0.1)
(0.3625 1.6375 0.1)
(0.375 1.6375 0.1)
(0.3875 1.6375 0.1)
(0.4 1.6375 0.1)
(0.4125 1.6375 0.1)
(0.425 1.6375 0.1)
(0.4375 1.6375 0.1)
(0.45 1.6375 0.1)
(0.4625 1.6375 0.1)
(0.475 1.6375 0.1)
(0.4875 1.6375 0.1)
(0.5 1.6375 0.1)
(0.5125 1.6375 0.1)
(0.525 1.6375 0.1)
(0.5375 1.6375 0.1)
(0.55 1.6375 0.1)
(0.5625 1.6375 0.1)
(0.575 1.6375 0.1)
(0.5875 1.6375 0.1)
(0.6 1.6375 0.1)
(0.6125 1.6375 0.1)
(0.625 1.6375 0.1)
(0.6375 1.6375 0.1)
(0.65 1.6375 0.1)
(0.6625 1.6375 0.1)
(0.675 1.6375 0.1)
(0.6875 1.6375 0.1)
(0.7 1.6375 0.1)
(0.7125 1.6375 0.1)
(0.725 1.6375 0.1)
(0.7375 1.6375 0.1)
(0.75 1.6375 0.1)
(0.7625 1.6375 0.1)
(0.775 1.6375 0.1)
(0.7875 1.6375 0.1)
(0.8 1.6375 0.1)
(0.8125 1.6375 0.1)
(0.825 1.6375 0.1)
(0.8375 1.6375 0.1)
(0.85 1.6375 0.1)
(0.8625 1.6375 0.1)
(0.875 1.6375 0.1)
(0.8875 1.6375 0.1)
(0.9 1.6375 0.1)
(0.9125 1.6375 0.1)
(0.925 1.6375 0.1)
(0.9375 1.6375 0.1)
(0.95 1.6375 0.1)
(0.9625 1.6375 0.1)
(0.975 1.6375 0.1)
(0.9875 1.6375 0.1)
(1 1.6375 0.1)
(0 1.65 0.1)
(0.0125 1.65 0.1)
(0.025 1.65 0.1)
(0.0375 1.65 0.1)
(0.05 1.65 0.1)
(0.0625 1.65 0.1)
(0.075 1.65 0.1)
(0.0875 1.65 0.1)
(0.1 1.65 0.1)
(0.1125 1.65 0.1)
(0.125 1.65 0.1)
(0.1375 1.65 0.1)
(0.15 1.65 0.1)
(0.1625 1.65 0.1)
(0.175 1.65 0.1)
(0.1875 1.65 0.1)
(0.2 1.65 0.1)
(0.2125 1.65 0.1)
(0.225 1.65 0.1)
(0.2375 1.65 0.1)
(0.25 1.65 0.1)
(0.2625 1.65 0.1)
(0.275 1.65 0.1)
(0.2875 1.65 0.1)
(0.3 1.65 0.1)
(0.3125 1.65 0.1)
(0.325 1.65 0.1)
(0.3375 1.65 0.1)
(0.35 1.65 0.1)
(0.3625 1.65 0.1)
(0.375 1.65 0.1)
(0.3875 1.65 0.1)
(0.4 1.65 0.1)
(0.4125 1.65 0.1)
(0.425 1.65 0.1)
(0.4375 1.65 0.1)
(0.45 1.65 0.1)
(0.4625 1.65 0.1)
(0.475 1.65 0.1)
(0.4875 1.65 0.1)
(0.5 1.65 0.1)
(0.5125 1.65 0.1)
(0.525 1.65 0.1)
(0.5375 1.65 0.1)
(0.55 1.65 0.1)
(0.5625 1.65 0.1)
(0.575 1.65 0.1)
(0.5875 1.65 0.1)
(0.6 1.65 0.1)
(0.6125 1.65 0.1)
(0.625 1.65 0.1)
(0.6375 1.65 0.1)
(0.65 1.65 0.1)
(0.6625 1.65 0.1)
(0.675 1.65 0.1)
(0.6875 1.65 0.1)
(0.7 1.65 0.1)
(0.7125 1.65 0.1)
(0.725 1.65 0.1)
(0.7375 1.65 0.1)
(0.75 1.65 0.1)
(0.7625 1.65 0.1)
(0.775 1.65 0.1)
(0.7875 1.65 0.1)
(0.8 1.65 0.1)
(0.8125 1.65 0.1)
(0.825 1.65 0.1)
(0.8375 1.65 0.1)
(0.85 1.65 0.1)
(0.8625 1.65 0.1)
(0.875 1.65 0.1)
(0.8875 1.65 0.1)
(0.9 1.65 0.1)
(0.9125 1.65 0.1)
(0.925 1.65 0.1)
(0.9375 1.65 0.1)
(0.95 1.65 0.1)
(0.9625 1.65 0.1)
(0.975 1.65 0.1)
(0.9875 1.65 0.1)
(1 1.65 0.1)
(0 1.6625 0.1)
(0.0125 1.6625 0.1)
(0.025 1.6625 0.1)
(0.0375 1.6625 0.1)
(0.05 1.6625 0.1)
(0.0625 1.6625 0.1)
(0.075 1.6625 0.1)
(0.0875 1.6625 0.1)
(0.1 1.6625 0.1)
(0.1125 1.6625 0.1)
(0.125 1.6625 0.1)
(0.1375 1.6625 0.1)
(0.15 1.6625 0.1)
(0.1625 1.6625 0.1)
(0.175 1.6625 0.1)
(0.1875 1.6625 0.1)
(0.2 1.6625 0.1)
(0.2125 1.6625 0.1)
(0.225 1.6625 0.1)
(0.2375 1.6625 0.1)
(0.25 1.6625 0.1)
(0.2625 1.6625 0.1)
(0.275 1.6625 0.1)
(0.2875 1.6625 0.1)
(0.3 1.6625 0.1)
(0.3125 1.6625 0.1)
(0.325 1.6625 0.1)
(0.3375 1.6625 0.1)
(0.35 1.6625 0.1)
(0.3625 1.6625 0.1)
(0.375 1.6625 0.1)
(0.3875 1.6625 0.1)
(0.4 1.6625 0.1)
(0.4125 1.6625 0.1)
(0.425 1.6625 0.1)
(0.4375 1.6625 0.1)
(0.45 1.6625 0.1)
(0.4625 1.6625 0.1)
(0.475 1.6625 0.1)
(0.4875 1.6625 0.1)
(0.5 1.6625 0.1)
(0.5125 1.6625 0.1)
(0.525 1.6625 0.1)
(0.5375 1.6625 0.1)
(0.55 1.6625 0.1)
(0.5625 1.6625 0.1)
(0.575 1.6625 0.1)
(0.5875 1.6625 0.1)
(0.6 1.6625 0.1)
(0.6125 1.6625 0.1)
(0.625 1.6625 0.1)
(0.6375 1.6625 0.1)
(0.65 1.6625 0.1)
(0.6625 1.6625 0.1)
(0.675 1.6625 0.1)
(0.6875 1.6625 0.1)
(0.7 1.6625 0.1)
(0.7125 1.6625 0.1)
(0.725 1.6625 0.1)
(0.7375 1.6625 0.1)
(0.75 1.6625 0.1)
(0.7625 1.6625 0.1)
(0.775 1.6625 0.1)
(0.7875 1.6625 0.1)
(0.8 1.6625 0.1)
(0.8125 1.6625 0.1)
(0.825 1.6625 0.1)
(0.8375 1.6625 0.1)
(0.85 1.6625 0.1)
(0.8625 1.6625 0.1)
(0.875 1.6625 0.1)
(0.8875 1.6625 0.1)
(0.9 1.6625 0.1)
(0.9125 1.6625 0.1)
(0.925 1.6625 0.1)
(0.9375 1.6625 0.1)
(0.95 1.6625 0.1)
(0.9625 1.6625 0.1)
(0.975 1.6625 0.1)
(0.9875 1.6625 0.1)
(1 1.6625 0.1)
(0 1.675 0.1)
(0.0125 1.675 0.1)
(0.025 1.675 0.1)
(0.0375 1.675 0.1)
(0.05 1.675 0.1)
(0.0625 1.675 0.1)
(0.075 1.675 0.1)
(0.0875 1.675 0.1)
(0.1 1.675 0.1)
(0.1125 1.675 0.1)
(0.125 1.675 0.1)
(0.1375 1.675 0.1)
(0.15 1.675 0.1)
(0.1625 1.675 0.1)
(0.175 1.675 0.1)
(0.1875 1.675 0.1)
(0.2 1.675 0.1)
(0.2125 1.675 0.1)
(0.225 1.675 0.1)
(0.2375 1.675 0.1)
(0.25 1.675 0.1)
(0.2625 1.675 0.1)
(0.275 1.675 0.1)
(0.2875 1.675 0.1)
(0.3 1.675 0.1)
(0.3125 1.675 0.1)
(0.325 1.675 0.1)
(0.3375 1.675 0.1)
(0.35 1.675 0.1)
(0.3625 1.675 0.1)
(0.375 1.675 0.1)
(0.3875 1.675 0.1)
(0.4 1.675 0.1)
(0.4125 1.675 0.1)
(0.425 1.675 0.1)
(0.4375 1.675 0.1)
(0.45 1.675 0.1)
(0.4625 1.675 0.1)
(0.475 1.675 0.1)
(0.4875 1.675 0.1)
(0.5 1.675 0.1)
(0.5125 1.675 0.1)
(0.525 1.675 0.1)
(0.5375 1.675 0.1)
(0.55 1.675 0.1)
(0.5625 1.675 0.1)
(0.575 1.675 0.1)
(0.5875 1.675 0.1)
(0.6 1.675 0.1)
(0.6125 1.675 0.1)
(0.625 1.675 0.1)
(0.6375 1.675 0.1)
(0.65 1.675 0.1)
(0.6625 1.675 0.1)
(0.675 1.675 0.1)
(0.6875 1.675 0.1)
(0.7 1.675 0.1)
(0.7125 1.675 0.1)
(0.725 1.675 0.1)
(0.7375 1.675 0.1)
(0.75 1.675 0.1)
(0.7625 1.675 0.1)
(0.775 1.675 0.1)
(0.7875 1.675 0.1)
(0.8 1.675 0.1)
(0.8125 1.675 0.1)
(0.825 1.675 0.1)
(0.8375 1.675 0.1)
(0.85 1.675 0.1)
(0.8625 1.675 0.1)
(0.875 1.675 0.1)
(0.8875 1.675 0.1)
(0.9 1.675 0.1)
(0.9125 1.675 0.1)
(0.925 1.675 0.1)
(0.9375 1.675 0.1)
(0.95 1.675 0.1)
(0.9625 1.675 0.1)
(0.975 1.675 0.1)
(0.9875 1.675 0.1)
(1 1.675 0.1)
(0 1.6875 0.1)
(0.0125 1.6875 0.1)
(0.025 1.6875 0.1)
(0.0375 1.6875 0.1)
(0.05 1.6875 0.1)
(0.0625 1.6875 0.1)
(0.075 1.6875 0.1)
(0.0875 1.6875 0.1)
(0.1 1.6875 0.1)
(0.1125 1.6875 0.1)
(0.125 1.6875 0.1)
(0.1375 1.6875 0.1)
(0.15 1.6875 0.1)
(0.1625 1.6875 0.1)
(0.175 1.6875 0.1)
(0.1875 1.6875 0.1)
(0.2 1.6875 0.1)
(0.2125 1.6875 0.1)
(0.225 1.6875 0.1)
(0.2375 1.6875 0.1)
(0.25 1.6875 0.1)
(0.2625 1.6875 0.1)
(0.275 1.6875 0.1)
(0.2875 1.6875 0.1)
(0.3 1.6875 0.1)
(0.3125 1.6875 0.1)
(0.325 1.6875 0.1)
(0.3375 1.6875 0.1)
(0.35 1.6875 0.1)
(0.3625 1.6875 0.1)
(0.375 1.6875 0.1)
(0.3875 1.6875 0.1)
(0.4 1.6875 0.1)
(0.4125 1.6875 0.1)
(0.425 1.6875 0.1)
(0.4375 1.6875 0.1)
(0.45 1.6875 0.1)
(0.4625 1.6875 0.1)
(0.475 1.6875 0.1)
(0.4875 1.6875 0.1)
(0.5 1.6875 0.1)
(0.5125 1.6875 0.1)
(0.525 1.6875 0.1)
(0.5375 1.6875 0.1)
(0.55 1.6875 0.1)
(0.5625 1.6875 0.1)
(0.575 1.6875 0.1)
(0.5875 1.6875 0.1)
(0.6 1.6875 0.1)
(0.6125 1.6875 0.1)
(0.625 1.6875 0.1)
(0.6375 1.6875 0.1)
(0.65 1.6875 0.1)
(0.6625 1.6875 0.1)
(0.675 1.6875 0.1)
(0.6875 1.6875 0.1)
(0.7 1.6875 0.1)
(0.7125 1.6875 0.1)
(0.725 1.6875 0.1)
(0.7375 1.6875 0.1)
(0.75 1.6875 0.1)
(0.7625 1.6875 0.1)
(0.775 1.6875 0.1)
(0.7875 1.6875 0.1)
(0.8 1.6875 0.1)
(0.8125 1.6875 0.1)
(0.825 1.6875 0.1)
(0.8375 1.6875 0.1)
(0.85 1.6875 0.1)
(0.8625 1.6875 0.1)
(0.875 1.6875 0.1)
(0.8875 1.6875 0.1)
(0.9 1.6875 0.1)
(0.9125 1.6875 0.1)
(0.925 1.6875 0.1)
(0.9375 1.6875 0.1)
(0.95 1.6875 0.1)
(0.9625 1.6875 0.1)
(0.975 1.6875 0.1)
(0.9875 1.6875 0.1)
(1 1.6875 0.1)
(0 1.7 0.1)
(0.0125 1.7 0.1)
(0.025 1.7 0.1)
(0.0375 1.7 0.1)
(0.05 1.7 0.1)
(0.0625 1.7 0.1)
(0.075 1.7 0.1)
(0.0875 1.7 0.1)
(0.1 1.7 0.1)
(0.1125 1.7 0.1)
(0.125 1.7 0.1)
(0.1375 1.7 0.1)
(0.15 1.7 0.1)
(0.1625 1.7 0.1)
(0.175 1.7 0.1)
(0.1875 1.7 0.1)
(0.2 1.7 0.1)
(0.2125 1.7 0.1)
(0.225 1.7 0.1)
(0.2375 1.7 0.1)
(0.25 1.7 0.1)
(0.2625 1.7 0.1)
(0.275 1.7 0.1)
(0.2875 1.7 0.1)
(0.3 1.7 0.1)
(0.3125 1.7 0.1)
(0.325 1.7 0.1)
(0.3375 1.7 0.1)
(0.35 1.7 0.1)
(0.3625 1.7 0.1)
(0.375 1.7 0.1)
(0.3875 1.7 0.1)
(0.4 1.7 0.1)
(0.4125 1.7 0.1)
(0.425 1.7 0.1)
(0.4375 1.7 0.1)
(0.45 1.7 0.1)
(0.4625 1.7 0.1)
(0.475 1.7 0.1)
(0.4875 1.7 0.1)
(0.5 1.7 0.1)
(0.5125 1.7 0.1)
(0.525 1.7 0.1)
(0.5375 1.7 0.1)
(0.55 1.7 0.1)
(0.5625 1.7 0.1)
(0.575 1.7 0.1)
(0.5875 1.7 0.1)
(0.6 1.7 0.1)
(0.6125 1.7 0.1)
(0.625 1.7 0.1)
(0.6375 1.7 0.1)
(0.65 1.7 0.1)
(0.6625 1.7 0.1)
(0.675 1.7 0.1)
(0.6875 1.7 0.1)
(0.7 1.7 0.1)
(0.7125 1.7 0.1)
(0.725 1.7 0.1)
(0.7375 1.7 0.1)
(0.75 1.7 0.1)
(0.7625 1.7 0.1)
(0.775 1.7 0.1)
(0.7875 1.7 0.1)
(0.8 1.7 0.1)
(0.8125 1.7 0.1)
(0.825 1.7 0.1)
(0.8375 1.7 0.1)
(0.85 1.7 0.1)
(0.8625 1.7 0.1)
(0.875 1.7 0.1)
(0.8875 1.7 0.1)
(0.9 1.7 0.1)
(0.9125 1.7 0.1)
(0.925 1.7 0.1)
(0.9375 1.7 0.1)
(0.95 1.7 0.1)
(0.9625 1.7 0.1)
(0.975 1.7 0.1)
(0.9875 1.7 0.1)
(1 1.7 0.1)
(0 1.7125 0.1)
(0.0125 1.7125 0.1)
(0.025 1.7125 0.1)
(0.0375 1.7125 0.1)
(0.05 1.7125 0.1)
(0.0625 1.7125 0.1)
(0.075 1.7125 0.1)
(0.0875 1.7125 0.1)
(0.1 1.7125 0.1)
(0.1125 1.7125 0.1)
(0.125 1.7125 0.1)
(0.1375 1.7125 0.1)
(0.15 1.7125 0.1)
(0.1625 1.7125 0.1)
(0.175 1.7125 0.1)
(0.1875 1.7125 0.1)
(0.2 1.7125 0.1)
(0.2125 1.7125 0.1)
(0.225 1.7125 0.1)
(0.2375 1.7125 0.1)
(0.25 1.7125 0.1)
(0.2625 1.7125 0.1)
(0.275 1.7125 0.1)
(0.2875 1.7125 0.1)
(0.3 1.7125 0.1)
(0.3125 1.7125 0.1)
(0.325 1.7125 0.1)
(0.3375 1.7125 0.1)
(0.35 1.7125 0.1)
(0.3625 1.7125 0.1)
(0.375 1.7125 0.1)
(0.3875 1.7125 0.1)
(0.4 1.7125 0.1)
(0.4125 1.7125 0.1)
(0.425 1.7125 0.1)
(0.4375 1.7125 0.1)
(0.45 1.7125 0.1)
(0.4625 1.7125 0.1)
(0.475 1.7125 0.1)
(0.4875 1.7125 0.1)
(0.5 1.7125 0.1)
(0.5125 1.7125 0.1)
(0.525 1.7125 0.1)
(0.5375 1.7125 0.1)
(0.55 1.7125 0.1)
(0.5625 1.7125 0.1)
(0.575 1.7125 0.1)
(0.5875 1.7125 0.1)
(0.6 1.7125 0.1)
(0.6125 1.7125 0.1)
(0.625 1.7125 0.1)
(0.6375 1.7125 0.1)
(0.65 1.7125 0.1)
(0.6625 1.7125 0.1)
(0.675 1.7125 0.1)
(0.6875 1.7125 0.1)
(0.7 1.7125 0.1)
(0.7125 1.7125 0.1)
(0.725 1.7125 0.1)
(0.7375 1.7125 0.1)
(0.75 1.7125 0.1)
(0.7625 1.7125 0.1)
(0.775 1.7125 0.1)
(0.7875 1.7125 0.1)
(0.8 1.7125 0.1)
(0.8125 1.7125 0.1)
(0.825 1.7125 0.1)
(0.8375 1.7125 0.1)
(0.85 1.7125 0.1)
(0.8625 1.7125 0.1)
(0.875 1.7125 0.1)
(0.8875 1.7125 0.1)
(0.9 1.7125 0.1)
(0.9125 1.7125 0.1)
(0.925 1.7125 0.1)
(0.9375 1.7125 0.1)
(0.95 1.7125 0.1)
(0.9625 1.7125 0.1)
(0.975 1.7125 0.1)
(0.9875 1.7125 0.1)
(1 1.7125 0.1)
(0 1.725 0.1)
(0.0125 1.725 0.1)
(0.025 1.725 0.1)
(0.0375 1.725 0.1)
(0.05 1.725 0.1)
(0.0625 1.725 0.1)
(0.075 1.725 0.1)
(0.0875 1.725 0.1)
(0.1 1.725 0.1)
(0.1125 1.725 0.1)
(0.125 1.725 0.1)
(0.1375 1.725 0.1)
(0.15 1.725 0.1)
(0.1625 1.725 0.1)
(0.175 1.725 0.1)
(0.1875 1.725 0.1)
(0.2 1.725 0.1)
(0.2125 1.725 0.1)
(0.225 1.725 0.1)
(0.2375 1.725 0.1)
(0.25 1.725 0.1)
(0.2625 1.725 0.1)
(0.275 1.725 0.1)
(0.2875 1.725 0.1)
(0.3 1.725 0.1)
(0.3125 1.725 0.1)
(0.325 1.725 0.1)
(0.3375 1.725 0.1)
(0.35 1.725 0.1)
(0.3625 1.725 0.1)
(0.375 1.725 0.1)
(0.3875 1.725 0.1)
(0.4 1.725 0.1)
(0.4125 1.725 0.1)
(0.425 1.725 0.1)
(0.4375 1.725 0.1)
(0.45 1.725 0.1)
(0.4625 1.725 0.1)
(0.475 1.725 0.1)
(0.4875 1.725 0.1)
(0.5 1.725 0.1)
(0.5125 1.725 0.1)
(0.525 1.725 0.1)
(0.5375 1.725 0.1)
(0.55 1.725 0.1)
(0.5625 1.725 0.1)
(0.575 1.725 0.1)
(0.5875 1.725 0.1)
(0.6 1.725 0.1)
(0.6125 1.725 0.1)
(0.625 1.725 0.1)
(0.6375 1.725 0.1)
(0.65 1.725 0.1)
(0.6625 1.725 0.1)
(0.675 1.725 0.1)
(0.6875 1.725 0.1)
(0.7 1.725 0.1)
(0.7125 1.725 0.1)
(0.725 1.725 0.1)
(0.7375 1.725 0.1)
(0.75 1.725 0.1)
(0.7625 1.725 0.1)
(0.775 1.725 0.1)
(0.7875 1.725 0.1)
(0.8 1.725 0.1)
(0.8125 1.725 0.1)
(0.825 1.725 0.1)
(0.8375 1.725 0.1)
(0.85 1.725 0.1)
(0.8625 1.725 0.1)
(0.875 1.725 0.1)
(0.8875 1.725 0.1)
(0.9 1.725 0.1)
(0.9125 1.725 0.1)
(0.925 1.725 0.1)
(0.9375 1.725 0.1)
(0.95 1.725 0.1)
(0.9625 1.725 0.1)
(0.975 1.725 0.1)
(0.9875 1.725 0.1)
(1 1.725 0.1)
(0 1.7375 0.1)
(0.0125 1.7375 0.1)
(0.025 1.7375 0.1)
(0.0375 1.7375 0.1)
(0.05 1.7375 0.1)
(0.0625 1.7375 0.1)
(0.075 1.7375 0.1)
(0.0875 1.7375 0.1)
(0.1 1.7375 0.1)
(0.1125 1.7375 0.1)
(0.125 1.7375 0.1)
(0.1375 1.7375 0.1)
(0.15 1.7375 0.1)
(0.1625 1.7375 0.1)
(0.175 1.7375 0.1)
(0.1875 1.7375 0.1)
(0.2 1.7375 0.1)
(0.2125 1.7375 0.1)
(0.225 1.7375 0.1)
(0.2375 1.7375 0.1)
(0.25 1.7375 0.1)
(0.2625 1.7375 0.1)
(0.275 1.7375 0.1)
(0.2875 1.7375 0.1)
(0.3 1.7375 0.1)
(0.3125 1.7375 0.1)
(0.325 1.7375 0.1)
(0.3375 1.7375 0.1)
(0.35 1.7375 0.1)
(0.3625 1.7375 0.1)
(0.375 1.7375 0.1)
(0.3875 1.7375 0.1)
(0.4 1.7375 0.1)
(0.4125 1.7375 0.1)
(0.425 1.7375 0.1)
(0.4375 1.7375 0.1)
(0.45 1.7375 0.1)
(0.4625 1.7375 0.1)
(0.475 1.7375 0.1)
(0.4875 1.7375 0.1)
(0.5 1.7375 0.1)
(0.5125 1.7375 0.1)
(0.525 1.7375 0.1)
(0.5375 1.7375 0.1)
(0.55 1.7375 0.1)
(0.5625 1.7375 0.1)
(0.575 1.7375 0.1)
(0.5875 1.7375 0.1)
(0.6 1.7375 0.1)
(0.6125 1.7375 0.1)
(0.625 1.7375 0.1)
(0.6375 1.7375 0.1)
(0.65 1.7375 0.1)
(0.6625 1.7375 0.1)
(0.675 1.7375 0.1)
(0.6875 1.7375 0.1)
(0.7 1.7375 0.1)
(0.7125 1.7375 0.1)
(0.725 1.7375 0.1)
(0.7375 1.7375 0.1)
(0.75 1.7375 0.1)
(0.7625 1.7375 0.1)
(0.775 1.7375 0.1)
(0.7875 1.7375 0.1)
(0.8 1.7375 0.1)
(0.8125 1.7375 0.1)
(0.825 1.7375 0.1)
(0.8375 1.7375 0.1)
(0.85 1.7375 0.1)
(0.8625 1.7375 0.1)
(0.875 1.7375 0.1)
(0.8875 1.7375 0.1)
(0.9 1.7375 0.1)
(0.9125 1.7375 0.1)
(0.925 1.7375 0.1)
(0.9375 1.7375 0.1)
(0.95 1.7375 0.1)
(0.9625 1.7375 0.1)
(0.975 1.7375 0.1)
(0.9875 1.7375 0.1)
(1 1.7375 0.1)
(0 1.75 0.1)
(0.0125 1.75 0.1)
(0.025 1.75 0.1)
(0.0375 1.75 0.1)
(0.05 1.75 0.1)
(0.0625 1.75 0.1)
(0.075 1.75 0.1)
(0.0875 1.75 0.1)
(0.1 1.75 0.1)
(0.1125 1.75 0.1)
(0.125 1.75 0.1)
(0.1375 1.75 0.1)
(0.15 1.75 0.1)
(0.1625 1.75 0.1)
(0.175 1.75 0.1)
(0.1875 1.75 0.1)
(0.2 1.75 0.1)
(0.2125 1.75 0.1)
(0.225 1.75 0.1)
(0.2375 1.75 0.1)
(0.25 1.75 0.1)
(0.2625 1.75 0.1)
(0.275 1.75 0.1)
(0.2875 1.75 0.1)
(0.3 1.75 0.1)
(0.3125 1.75 0.1)
(0.325 1.75 0.1)
(0.3375 1.75 0.1)
(0.35 1.75 0.1)
(0.3625 1.75 0.1)
(0.375 1.75 0.1)
(0.3875 1.75 0.1)
(0.4 1.75 0.1)
(0.4125 1.75 0.1)
(0.425 1.75 0.1)
(0.4375 1.75 0.1)
(0.45 1.75 0.1)
(0.4625 1.75 0.1)
(0.475 1.75 0.1)
(0.4875 1.75 0.1)
(0.5 1.75 0.1)
(0.5125 1.75 0.1)
(0.525 1.75 0.1)
(0.5375 1.75 0.1)
(0.55 1.75 0.1)
(0.5625 1.75 0.1)
(0.575 1.75 0.1)
(0.5875 1.75 0.1)
(0.6 1.75 0.1)
(0.6125 1.75 0.1)
(0.625 1.75 0.1)
(0.6375 1.75 0.1)
(0.65 1.75 0.1)
(0.6625 1.75 0.1)
(0.675 1.75 0.1)
(0.6875 1.75 0.1)
(0.7 1.75 0.1)
(0.7125 1.75 0.1)
(0.725 1.75 0.1)
(0.7375 1.75 0.1)
(0.75 1.75 0.1)
(0.7625 1.75 0.1)
(0.775 1.75 0.1)
(0.7875 1.75 0.1)
(0.8 1.75 0.1)
(0.8125 1.75 0.1)
(0.825 1.75 0.1)
(0.8375 1.75 0.1)
(0.85 1.75 0.1)
(0.8625 1.75 0.1)
(0.875 1.75 0.1)
(0.8875 1.75 0.1)
(0.9 1.75 0.1)
(0.9125 1.75 0.1)
(0.925 1.75 0.1)
(0.9375 1.75 0.1)
(0.95 1.75 0.1)
(0.9625 1.75 0.1)
(0.975 1.75 0.1)
(0.9875 1.75 0.1)
(1 1.75 0.1)
(0 1.7625 0.1)
(0.0125 1.7625 0.1)
(0.025 1.7625 0.1)
(0.0375 1.7625 0.1)
(0.05 1.7625 0.1)
(0.0625 1.7625 0.1)
(0.075 1.7625 0.1)
(0.0875 1.7625 0.1)
(0.1 1.7625 0.1)
(0.1125 1.7625 0.1)
(0.125 1.7625 0.1)
(0.1375 1.7625 0.1)
(0.15 1.7625 0.1)
(0.1625 1.7625 0.1)
(0.175 1.7625 0.1)
(0.1875 1.7625 0.1)
(0.2 1.7625 0.1)
(0.2125 1.7625 0.1)
(0.225 1.7625 0.1)
(0.2375 1.7625 0.1)
(0.25 1.7625 0.1)
(0.2625 1.7625 0.1)
(0.275 1.7625 0.1)
(0.2875 1.7625 0.1)
(0.3 1.7625 0.1)
(0.3125 1.7625 0.1)
(0.325 1.7625 0.1)
(0.3375 1.7625 0.1)
(0.35 1.7625 0.1)
(0.3625 1.7625 0.1)
(0.375 1.7625 0.1)
(0.3875 1.7625 0.1)
(0.4 1.7625 0.1)
(0.4125 1.7625 0.1)
(0.425 1.7625 0.1)
(0.4375 1.7625 0.1)
(0.45 1.7625 0.1)
(0.4625 1.7625 0.1)
(0.475 1.7625 0.1)
(0.4875 1.7625 0.1)
(0.5 1.7625 0.1)
(0.5125 1.7625 0.1)
(0.525 1.7625 0.1)
(0.5375 1.7625 0.1)
(0.55 1.7625 0.1)
(0.5625 1.7625 0.1)
(0.575 1.7625 0.1)
(0.5875 1.7625 0.1)
(0.6 1.7625 0.1)
(0.6125 1.7625 0.1)
(0.625 1.7625 0.1)
(0.6375 1.7625 0.1)
(0.65 1.7625 0.1)
(0.6625 1.7625 0.1)
(0.675 1.7625 0.1)
(0.6875 1.7625 0.1)
(0.7 1.7625 0.1)
(0.7125 1.7625 0.1)
(0.725 1.7625 0.1)
(0.7375 1.7625 0.1)
(0.75 1.7625 0.1)
(0.7625 1.7625 0.1)
(0.775 1.7625 0.1)
(0.7875 1.7625 0.1)
(0.8 1.7625 0.1)
(0.8125 1.7625 0.1)
(0.825 1.7625 0.1)
(0.8375 1.7625 0.1)
(0.85 1.7625 0.1)
(0.8625 1.7625 0.1)
(0.875 1.7625 0.1)
(0.8875 1.7625 0.1)
(0.9 1.7625 0.1)
(0.9125 1.7625 0.1)
(0.925 1.7625 0.1)
(0.9375 1.7625 0.1)
(0.95 1.7625 0.1)
(0.9625 1.7625 0.1)
(0.975 1.7625 0.1)
(0.9875 1.7625 0.1)
(1 1.7625 0.1)
(0 1.775 0.1)
(0.0125 1.775 0.1)
(0.025 1.775 0.1)
(0.0375 1.775 0.1)
(0.05 1.775 0.1)
(0.0625 1.775 0.1)
(0.075 1.775 0.1)
(0.0875 1.775 0.1)
(0.1 1.775 0.1)
(0.1125 1.775 0.1)
(0.125 1.775 0.1)
(0.1375 1.775 0.1)
(0.15 1.775 0.1)
(0.1625 1.775 0.1)
(0.175 1.775 0.1)
(0.1875 1.775 0.1)
(0.2 1.775 0.1)
(0.2125 1.775 0.1)
(0.225 1.775 0.1)
(0.2375 1.775 0.1)
(0.25 1.775 0.1)
(0.2625 1.775 0.1)
(0.275 1.775 0.1)
(0.2875 1.775 0.1)
(0.3 1.775 0.1)
(0.3125 1.775 0.1)
(0.325 1.775 0.1)
(0.3375 1.775 0.1)
(0.35 1.775 0.1)
(0.3625 1.775 0.1)
(0.375 1.775 0.1)
(0.3875 1.775 0.1)
(0.4 1.775 0.1)
(0.4125 1.775 0.1)
(0.425 1.775 0.1)
(0.4375 1.775 0.1)
(0.45 1.775 0.1)
(0.4625 1.775 0.1)
(0.475 1.775 0.1)
(0.4875 1.775 0.1)
(0.5 1.775 0.1)
(0.5125 1.775 0.1)
(0.525 1.775 0.1)
(0.5375 1.775 0.1)
(0.55 1.775 0.1)
(0.5625 1.775 0.1)
(0.575 1.775 0.1)
(0.5875 1.775 0.1)
(0.6 1.775 0.1)
(0.6125 1.775 0.1)
(0.625 1.775 0.1)
(0.6375 1.775 0.1)
(0.65 1.775 0.1)
(0.6625 1.775 0.1)
(0.675 1.775 0.1)
(0.6875 1.775 0.1)
(0.7 1.775 0.1)
(0.7125 1.775 0.1)
(0.725 1.775 0.1)
(0.7375 1.775 0.1)
(0.75 1.775 0.1)
(0.7625 1.775 0.1)
(0.775 1.775 0.1)
(0.7875 1.775 0.1)
(0.8 1.775 0.1)
(0.8125 1.775 0.1)
(0.825 1.775 0.1)
(0.8375 1.775 0.1)
(0.85 1.775 0.1)
(0.8625 1.775 0.1)
(0.875 1.775 0.1)
(0.8875 1.775 0.1)
(0.9 1.775 0.1)
(0.9125 1.775 0.1)
(0.925 1.775 0.1)
(0.9375 1.775 0.1)
(0.95 1.775 0.1)
(0.9625 1.775 0.1)
(0.975 1.775 0.1)
(0.9875 1.775 0.1)
(1 1.775 0.1)
(0 1.7875 0.1)
(0.0125 1.7875 0.1)
(0.025 1.7875 0.1)
(0.0375 1.7875 0.1)
(0.05 1.7875 0.1)
(0.0625 1.7875 0.1)
(0.075 1.7875 0.1)
(0.0875 1.7875 0.1)
(0.1 1.7875 0.1)
(0.1125 1.7875 0.1)
(0.125 1.7875 0.1)
(0.1375 1.7875 0.1)
(0.15 1.7875 0.1)
(0.1625 1.7875 0.1)
(0.175 1.7875 0.1)
(0.1875 1.7875 0.1)
(0.2 1.7875 0.1)
(0.2125 1.7875 0.1)
(0.225 1.7875 0.1)
(0.2375 1.7875 0.1)
(0.25 1.7875 0.1)
(0.2625 1.7875 0.1)
(0.275 1.7875 0.1)
(0.2875 1.7875 0.1)
(0.3 1.7875 0.1)
(0.3125 1.7875 0.1)
(0.325 1.7875 0.1)
(0.3375 1.7875 0.1)
(0.35 1.7875 0.1)
(0.3625 1.7875 0.1)
(0.375 1.7875 0.1)
(0.3875 1.7875 0.1)
(0.4 1.7875 0.1)
(0.4125 1.7875 0.1)
(0.425 1.7875 0.1)
(0.4375 1.7875 0.1)
(0.45 1.7875 0.1)
(0.4625 1.7875 0.1)
(0.475 1.7875 0.1)
(0.4875 1.7875 0.1)
(0.5 1.7875 0.1)
(0.5125 1.7875 0.1)
(0.525 1.7875 0.1)
(0.5375 1.7875 0.1)
(0.55 1.7875 0.1)
(0.5625 1.7875 0.1)
(0.575 1.7875 0.1)
(0.5875 1.7875 0.1)
(0.6 1.7875 0.1)
(0.6125 1.7875 0.1)
(0.625 1.7875 0.1)
(0.6375 1.7875 0.1)
(0.65 1.7875 0.1)
(0.6625 1.7875 0.1)
(0.675 1.7875 0.1)
(0.6875 1.7875 0.1)
(0.7 1.7875 0.1)
(0.7125 1.7875 0.1)
(0.725 1.7875 0.1)
(0.7375 1.7875 0.1)
(0.75 1.7875 0.1)
(0.7625 1.7875 0.1)
(0.775 1.7875 0.1)
(0.7875 1.7875 0.1)
(0.8 1.7875 0.1)
(0.8125 1.7875 0.1)
(0.825 1.7875 0.1)
(0.8375 1.7875 0.1)
(0.85 1.7875 0.1)
(0.8625 1.7875 0.1)
(0.875 1.7875 0.1)
(0.8875 1.7875 0.1)
(0.9 1.7875 0.1)
(0.9125 1.7875 0.1)
(0.925 1.7875 0.1)
(0.9375 1.7875 0.1)
(0.95 1.7875 0.1)
(0.9625 1.7875 0.1)
(0.975 1.7875 0.1)
(0.9875 1.7875 0.1)
(1 1.7875 0.1)
(0 1.8 0.1)
(0.0125 1.8 0.1)
(0.025 1.8 0.1)
(0.0375 1.8 0.1)
(0.05 1.8 0.1)
(0.0625 1.8 0.1)
(0.075 1.8 0.1)
(0.0875 1.8 0.1)
(0.1 1.8 0.1)
(0.1125 1.8 0.1)
(0.125 1.8 0.1)
(0.1375 1.8 0.1)
(0.15 1.8 0.1)
(0.1625 1.8 0.1)
(0.175 1.8 0.1)
(0.1875 1.8 0.1)
(0.2 1.8 0.1)
(0.2125 1.8 0.1)
(0.225 1.8 0.1)
(0.2375 1.8 0.1)
(0.25 1.8 0.1)
(0.2625 1.8 0.1)
(0.275 1.8 0.1)
(0.2875 1.8 0.1)
(0.3 1.8 0.1)
(0.3125 1.8 0.1)
(0.325 1.8 0.1)
(0.3375 1.8 0.1)
(0.35 1.8 0.1)
(0.3625 1.8 0.1)
(0.375 1.8 0.1)
(0.3875 1.8 0.1)
(0.4 1.8 0.1)
(0.4125 1.8 0.1)
(0.425 1.8 0.1)
(0.4375 1.8 0.1)
(0.45 1.8 0.1)
(0.4625 1.8 0.1)
(0.475 1.8 0.1)
(0.4875 1.8 0.1)
(0.5 1.8 0.1)
(0.5125 1.8 0.1)
(0.525 1.8 0.1)
(0.5375 1.8 0.1)
(0.55 1.8 0.1)
(0.5625 1.8 0.1)
(0.575 1.8 0.1)
(0.5875 1.8 0.1)
(0.6 1.8 0.1)
(0.6125 1.8 0.1)
(0.625 1.8 0.1)
(0.6375 1.8 0.1)
(0.65 1.8 0.1)
(0.6625 1.8 0.1)
(0.675 1.8 0.1)
(0.6875 1.8 0.1)
(0.7 1.8 0.1)
(0.7125 1.8 0.1)
(0.725 1.8 0.1)
(0.7375 1.8 0.1)
(0.75 1.8 0.1)
(0.7625 1.8 0.1)
(0.775 1.8 0.1)
(0.7875 1.8 0.1)
(0.8 1.8 0.1)
(0.8125 1.8 0.1)
(0.825 1.8 0.1)
(0.8375 1.8 0.1)
(0.85 1.8 0.1)
(0.8625 1.8 0.1)
(0.875 1.8 0.1)
(0.8875 1.8 0.1)
(0.9 1.8 0.1)
(0.9125 1.8 0.1)
(0.925 1.8 0.1)
(0.9375 1.8 0.1)
(0.95 1.8 0.1)
(0.9625 1.8 0.1)
(0.975 1.8 0.1)
(0.9875 1.8 0.1)
(1 1.8 0.1)
(0 1.8125 0.1)
(0.0125 1.8125 0.1)
(0.025 1.8125 0.1)
(0.0375 1.8125 0.1)
(0.05 1.8125 0.1)
(0.0625 1.8125 0.1)
(0.075 1.8125 0.1)
(0.0875 1.8125 0.1)
(0.1 1.8125 0.1)
(0.1125 1.8125 0.1)
(0.125 1.8125 0.1)
(0.1375 1.8125 0.1)
(0.15 1.8125 0.1)
(0.1625 1.8125 0.1)
(0.175 1.8125 0.1)
(0.1875 1.8125 0.1)
(0.2 1.8125 0.1)
(0.2125 1.8125 0.1)
(0.225 1.8125 0.1)
(0.2375 1.8125 0.1)
(0.25 1.8125 0.1)
(0.2625 1.8125 0.1)
(0.275 1.8125 0.1)
(0.2875 1.8125 0.1)
(0.3 1.8125 0.1)
(0.3125 1.8125 0.1)
(0.325 1.8125 0.1)
(0.3375 1.8125 0.1)
(0.35 1.8125 0.1)
(0.3625 1.8125 0.1)
(0.375 1.8125 0.1)
(0.3875 1.8125 0.1)
(0.4 1.8125 0.1)
(0.4125 1.8125 0.1)
(0.425 1.8125 0.1)
(0.4375 1.8125 0.1)
(0.45 1.8125 0.1)
(0.4625 1.8125 0.1)
(0.475 1.8125 0.1)
(0.4875 1.8125 0.1)
(0.5 1.8125 0.1)
(0.5125 1.8125 0.1)
(0.525 1.8125 0.1)
(0.5375 1.8125 0.1)
(0.55 1.8125 0.1)
(0.5625 1.8125 0.1)
(0.575 1.8125 0.1)
(0.5875 1.8125 0.1)
(0.6 1.8125 0.1)
(0.6125 1.8125 0.1)
(0.625 1.8125 0.1)
(0.6375 1.8125 0.1)
(0.65 1.8125 0.1)
(0.6625 1.8125 0.1)
(0.675 1.8125 0.1)
(0.6875 1.8125 0.1)
(0.7 1.8125 0.1)
(0.7125 1.8125 0.1)
(0.725 1.8125 0.1)
(0.7375 1.8125 0.1)
(0.75 1.8125 0.1)
(0.7625 1.8125 0.1)
(0.775 1.8125 0.1)
(0.7875 1.8125 0.1)
(0.8 1.8125 0.1)
(0.8125 1.8125 0.1)
(0.825 1.8125 0.1)
(0.8375 1.8125 0.1)
(0.85 1.8125 0.1)
(0.8625 1.8125 0.1)
(0.875 1.8125 0.1)
(0.8875 1.8125 0.1)
(0.9 1.8125 0.1)
(0.9125 1.8125 0.1)
(0.925 1.8125 0.1)
(0.9375 1.8125 0.1)
(0.95 1.8125 0.1)
(0.9625 1.8125 0.1)
(0.975 1.8125 0.1)
(0.9875 1.8125 0.1)
(1 1.8125 0.1)
(0 1.825 0.1)
(0.0125 1.825 0.1)
(0.025 1.825 0.1)
(0.0375 1.825 0.1)
(0.05 1.825 0.1)
(0.0625 1.825 0.1)
(0.075 1.825 0.1)
(0.0875 1.825 0.1)
(0.1 1.825 0.1)
(0.1125 1.825 0.1)
(0.125 1.825 0.1)
(0.1375 1.825 0.1)
(0.15 1.825 0.1)
(0.1625 1.825 0.1)
(0.175 1.825 0.1)
(0.1875 1.825 0.1)
(0.2 1.825 0.1)
(0.2125 1.825 0.1)
(0.225 1.825 0.1)
(0.2375 1.825 0.1)
(0.25 1.825 0.1)
(0.2625 1.825 0.1)
(0.275 1.825 0.1)
(0.2875 1.825 0.1)
(0.3 1.825 0.1)
(0.3125 1.825 0.1)
(0.325 1.825 0.1)
(0.3375 1.825 0.1)
(0.35 1.825 0.1)
(0.3625 1.825 0.1)
(0.375 1.825 0.1)
(0.3875 1.825 0.1)
(0.4 1.825 0.1)
(0.4125 1.825 0.1)
(0.425 1.825 0.1)
(0.4375 1.825 0.1)
(0.45 1.825 0.1)
(0.4625 1.825 0.1)
(0.475 1.825 0.1)
(0.4875 1.825 0.1)
(0.5 1.825 0.1)
(0.5125 1.825 0.1)
(0.525 1.825 0.1)
(0.5375 1.825 0.1)
(0.55 1.825 0.1)
(0.5625 1.825 0.1)
(0.575 1.825 0.1)
(0.5875 1.825 0.1)
(0.6 1.825 0.1)
(0.6125 1.825 0.1)
(0.625 1.825 0.1)
(0.6375 1.825 0.1)
(0.65 1.825 0.1)
(0.6625 1.825 0.1)
(0.675 1.825 0.1)
(0.6875 1.825 0.1)
(0.7 1.825 0.1)
(0.7125 1.825 0.1)
(0.725 1.825 0.1)
(0.7375 1.825 0.1)
(0.75 1.825 0.1)
(0.7625 1.825 0.1)
(0.775 1.825 0.1)
(0.7875 1.825 0.1)
(0.8 1.825 0.1)
(0.8125 1.825 0.1)
(0.825 1.825 0.1)
(0.8375 1.825 0.1)
(0.85 1.825 0.1)
(0.8625 1.825 0.1)
(0.875 1.825 0.1)
(0.8875 1.825 0.1)
(0.9 1.825 0.1)
(0.9125 1.825 0.1)
(0.925 1.825 0.1)
(0.9375 1.825 0.1)
(0.95 1.825 0.1)
(0.9625 1.825 0.1)
(0.975 1.825 0.1)
(0.9875 1.825 0.1)
(1 1.825 0.1)
(0 1.8375 0.1)
(0.0125 1.8375 0.1)
(0.025 1.8375 0.1)
(0.0375 1.8375 0.1)
(0.05 1.8375 0.1)
(0.0625 1.8375 0.1)
(0.075 1.8375 0.1)
(0.0875 1.8375 0.1)
(0.1 1.8375 0.1)
(0.1125 1.8375 0.1)
(0.125 1.8375 0.1)
(0.1375 1.8375 0.1)
(0.15 1.8375 0.1)
(0.1625 1.8375 0.1)
(0.175 1.8375 0.1)
(0.1875 1.8375 0.1)
(0.2 1.8375 0.1)
(0.2125 1.8375 0.1)
(0.225 1.8375 0.1)
(0.2375 1.8375 0.1)
(0.25 1.8375 0.1)
(0.2625 1.8375 0.1)
(0.275 1.8375 0.1)
(0.2875 1.8375 0.1)
(0.3 1.8375 0.1)
(0.3125 1.8375 0.1)
(0.325 1.8375 0.1)
(0.3375 1.8375 0.1)
(0.35 1.8375 0.1)
(0.3625 1.8375 0.1)
(0.375 1.8375 0.1)
(0.3875 1.8375 0.1)
(0.4 1.8375 0.1)
(0.4125 1.8375 0.1)
(0.425 1.8375 0.1)
(0.4375 1.8375 0.1)
(0.45 1.8375 0.1)
(0.4625 1.8375 0.1)
(0.475 1.8375 0.1)
(0.4875 1.8375 0.1)
(0.5 1.8375 0.1)
(0.5125 1.8375 0.1)
(0.525 1.8375 0.1)
(0.5375 1.8375 0.1)
(0.55 1.8375 0.1)
(0.5625 1.8375 0.1)
(0.575 1.8375 0.1)
(0.5875 1.8375 0.1)
(0.6 1.8375 0.1)
(0.6125 1.8375 0.1)
(0.625 1.8375 0.1)
(0.6375 1.8375 0.1)
(0.65 1.8375 0.1)
(0.6625 1.8375 0.1)
(0.675 1.8375 0.1)
(0.6875 1.8375 0.1)
(0.7 1.8375 0.1)
(0.7125 1.8375 0.1)
(0.725 1.8375 0.1)
(0.7375 1.8375 0.1)
(0.75 1.8375 0.1)
(0.7625 1.8375 0.1)
(0.775 1.8375 0.1)
(0.7875 1.8375 0.1)
(0.8 1.8375 0.1)
(0.8125 1.8375 0.1)
(0.825 1.8375 0.1)
(0.8375 1.8375 0.1)
(0.85 1.8375 0.1)
(0.8625 1.8375 0.1)
(0.875 1.8375 0.1)
(0.8875 1.8375 0.1)
(0.9 1.8375 0.1)
(0.9125 1.8375 0.1)
(0.925 1.8375 0.1)
(0.9375 1.8375 0.1)
(0.95 1.8375 0.1)
(0.9625 1.8375 0.1)
(0.975 1.8375 0.1)
(0.9875 1.8375 0.1)
(1 1.8375 0.1)
(0 1.85 0.1)
(0.0125 1.85 0.1)
(0.025 1.85 0.1)
(0.0375 1.85 0.1)
(0.05 1.85 0.1)
(0.0625 1.85 0.1)
(0.075 1.85 0.1)
(0.0875 1.85 0.1)
(0.1 1.85 0.1)
(0.1125 1.85 0.1)
(0.125 1.85 0.1)
(0.1375 1.85 0.1)
(0.15 1.85 0.1)
(0.1625 1.85 0.1)
(0.175 1.85 0.1)
(0.1875 1.85 0.1)
(0.2 1.85 0.1)
(0.2125 1.85 0.1)
(0.225 1.85 0.1)
(0.2375 1.85 0.1)
(0.25 1.85 0.1)
(0.2625 1.85 0.1)
(0.275 1.85 0.1)
(0.2875 1.85 0.1)
(0.3 1.85 0.1)
(0.3125 1.85 0.1)
(0.325 1.85 0.1)
(0.3375 1.85 0.1)
(0.35 1.85 0.1)
(0.3625 1.85 0.1)
(0.375 1.85 0.1)
(0.3875 1.85 0.1)
(0.4 1.85 0.1)
(0.4125 1.85 0.1)
(0.425 1.85 0.1)
(0.4375 1.85 0.1)
(0.45 1.85 0.1)
(0.4625 1.85 0.1)
(0.475 1.85 0.1)
(0.4875 1.85 0.1)
(0.5 1.85 0.1)
(0.5125 1.85 0.1)
(0.525 1.85 0.1)
(0.5375 1.85 0.1)
(0.55 1.85 0.1)
(0.5625 1.85 0.1)
(0.575 1.85 0.1)
(0.5875 1.85 0.1)
(0.6 1.85 0.1)
(0.6125 1.85 0.1)
(0.625 1.85 0.1)
(0.6375 1.85 0.1)
(0.65 1.85 0.1)
(0.6625 1.85 0.1)
(0.675 1.85 0.1)
(0.6875 1.85 0.1)
(0.7 1.85 0.1)
(0.7125 1.85 0.1)
(0.725 1.85 0.1)
(0.7375 1.85 0.1)
(0.75 1.85 0.1)
(0.7625 1.85 0.1)
(0.775 1.85 0.1)
(0.7875 1.85 0.1)
(0.8 1.85 0.1)
(0.8125 1.85 0.1)
(0.825 1.85 0.1)
(0.8375 1.85 0.1)
(0.85 1.85 0.1)
(0.8625 1.85 0.1)
(0.875 1.85 0.1)
(0.8875 1.85 0.1)
(0.9 1.85 0.1)
(0.9125 1.85 0.1)
(0.925 1.85 0.1)
(0.9375 1.85 0.1)
(0.95 1.85 0.1)
(0.9625 1.85 0.1)
(0.975 1.85 0.1)
(0.9875 1.85 0.1)
(1 1.85 0.1)
(0 1.8625 0.1)
(0.0125 1.8625 0.1)
(0.025 1.8625 0.1)
(0.0375 1.8625 0.1)
(0.05 1.8625 0.1)
(0.0625 1.8625 0.1)
(0.075 1.8625 0.1)
(0.0875 1.8625 0.1)
(0.1 1.8625 0.1)
(0.1125 1.8625 0.1)
(0.125 1.8625 0.1)
(0.1375 1.8625 0.1)
(0.15 1.8625 0.1)
(0.1625 1.8625 0.1)
(0.175 1.8625 0.1)
(0.1875 1.8625 0.1)
(0.2 1.8625 0.1)
(0.2125 1.8625 0.1)
(0.225 1.8625 0.1)
(0.2375 1.8625 0.1)
(0.25 1.8625 0.1)
(0.2625 1.8625 0.1)
(0.275 1.8625 0.1)
(0.2875 1.8625 0.1)
(0.3 1.8625 0.1)
(0.3125 1.8625 0.1)
(0.325 1.8625 0.1)
(0.3375 1.8625 0.1)
(0.35 1.8625 0.1)
(0.3625 1.8625 0.1)
(0.375 1.8625 0.1)
(0.3875 1.8625 0.1)
(0.4 1.8625 0.1)
(0.4125 1.8625 0.1)
(0.425 1.8625 0.1)
(0.4375 1.8625 0.1)
(0.45 1.8625 0.1)
(0.4625 1.8625 0.1)
(0.475 1.8625 0.1)
(0.4875 1.8625 0.1)
(0.5 1.8625 0.1)
(0.5125 1.8625 0.1)
(0.525 1.8625 0.1)
(0.5375 1.8625 0.1)
(0.55 1.8625 0.1)
(0.5625 1.8625 0.1)
(0.575 1.8625 0.1)
(0.5875 1.8625 0.1)
(0.6 1.8625 0.1)
(0.6125 1.8625 0.1)
(0.625 1.8625 0.1)
(0.6375 1.8625 0.1)
(0.65 1.8625 0.1)
(0.6625 1.8625 0.1)
(0.675 1.8625 0.1)
(0.6875 1.8625 0.1)
(0.7 1.8625 0.1)
(0.7125 1.8625 0.1)
(0.725 1.8625 0.1)
(0.7375 1.8625 0.1)
(0.75 1.8625 0.1)
(0.7625 1.8625 0.1)
(0.775 1.8625 0.1)
(0.7875 1.8625 0.1)
(0.8 1.8625 0.1)
(0.8125 1.8625 0.1)
(0.825 1.8625 0.1)
(0.8375 1.8625 0.1)
(0.85 1.8625 0.1)
(0.8625 1.8625 0.1)
(0.875 1.8625 0.1)
(0.8875 1.8625 0.1)
(0.9 1.8625 0.1)
(0.9125 1.8625 0.1)
(0.925 1.8625 0.1)
(0.9375 1.8625 0.1)
(0.95 1.8625 0.1)
(0.9625 1.8625 0.1)
(0.975 1.8625 0.1)
(0.9875 1.8625 0.1)
(1 1.8625 0.1)
(0 1.875 0.1)
(0.0125 1.875 0.1)
(0.025 1.875 0.1)
(0.0375 1.875 0.1)
(0.05 1.875 0.1)
(0.0625 1.875 0.1)
(0.075 1.875 0.1)
(0.0875 1.875 0.1)
(0.1 1.875 0.1)
(0.1125 1.875 0.1)
(0.125 1.875 0.1)
(0.1375 1.875 0.1)
(0.15 1.875 0.1)
(0.1625 1.875 0.1)
(0.175 1.875 0.1)
(0.1875 1.875 0.1)
(0.2 1.875 0.1)
(0.2125 1.875 0.1)
(0.225 1.875 0.1)
(0.2375 1.875 0.1)
(0.25 1.875 0.1)
(0.2625 1.875 0.1)
(0.275 1.875 0.1)
(0.2875 1.875 0.1)
(0.3 1.875 0.1)
(0.3125 1.875 0.1)
(0.325 1.875 0.1)
(0.3375 1.875 0.1)
(0.35 1.875 0.1)
(0.3625 1.875 0.1)
(0.375 1.875 0.1)
(0.3875 1.875 0.1)
(0.4 1.875 0.1)
(0.4125 1.875 0.1)
(0.425 1.875 0.1)
(0.4375 1.875 0.1)
(0.45 1.875 0.1)
(0.4625 1.875 0.1)
(0.475 1.875 0.1)
(0.4875 1.875 0.1)
(0.5 1.875 0.1)
(0.5125 1.875 0.1)
(0.525 1.875 0.1)
(0.5375 1.875 0.1)
(0.55 1.875 0.1)
(0.5625 1.875 0.1)
(0.575 1.875 0.1)
(0.5875 1.875 0.1)
(0.6 1.875 0.1)
(0.6125 1.875 0.1)
(0.625 1.875 0.1)
(0.6375 1.875 0.1)
(0.65 1.875 0.1)
(0.6625 1.875 0.1)
(0.675 1.875 0.1)
(0.6875 1.875 0.1)
(0.7 1.875 0.1)
(0.7125 1.875 0.1)
(0.725 1.875 0.1)
(0.7375 1.875 0.1)
(0.75 1.875 0.1)
(0.7625 1.875 0.1)
(0.775 1.875 0.1)
(0.7875 1.875 0.1)
(0.8 1.875 0.1)
(0.8125 1.875 0.1)
(0.825 1.875 0.1)
(0.8375 1.875 0.1)
(0.85 1.875 0.1)
(0.8625 1.875 0.1)
(0.875 1.875 0.1)
(0.8875 1.875 0.1)
(0.9 1.875 0.1)
(0.9125 1.875 0.1)
(0.925 1.875 0.1)
(0.9375 1.875 0.1)
(0.95 1.875 0.1)
(0.9625 1.875 0.1)
(0.975 1.875 0.1)
(0.9875 1.875 0.1)
(1 1.875 0.1)
(0 1.8875 0.1)
(0.0125 1.8875 0.1)
(0.025 1.8875 0.1)
(0.0375 1.8875 0.1)
(0.05 1.8875 0.1)
(0.0625 1.8875 0.1)
(0.075 1.8875 0.1)
(0.0875 1.8875 0.1)
(0.1 1.8875 0.1)
(0.1125 1.8875 0.1)
(0.125 1.8875 0.1)
(0.1375 1.8875 0.1)
(0.15 1.8875 0.1)
(0.1625 1.8875 0.1)
(0.175 1.8875 0.1)
(0.1875 1.8875 0.1)
(0.2 1.8875 0.1)
(0.2125 1.8875 0.1)
(0.225 1.8875 0.1)
(0.2375 1.8875 0.1)
(0.25 1.8875 0.1)
(0.2625 1.8875 0.1)
(0.275 1.8875 0.1)
(0.2875 1.8875 0.1)
(0.3 1.8875 0.1)
(0.3125 1.8875 0.1)
(0.325 1.8875 0.1)
(0.3375 1.8875 0.1)
(0.35 1.8875 0.1)
(0.3625 1.8875 0.1)
(0.375 1.8875 0.1)
(0.3875 1.8875 0.1)
(0.4 1.8875 0.1)
(0.4125 1.8875 0.1)
(0.425 1.8875 0.1)
(0.4375 1.8875 0.1)
(0.45 1.8875 0.1)
(0.4625 1.8875 0.1)
(0.475 1.8875 0.1)
(0.4875 1.8875 0.1)
(0.5 1.8875 0.1)
(0.5125 1.8875 0.1)
(0.525 1.8875 0.1)
(0.5375 1.8875 0.1)
(0.55 1.8875 0.1)
(0.5625 1.8875 0.1)
(0.575 1.8875 0.1)
(0.5875 1.8875 0.1)
(0.6 1.8875 0.1)
(0.6125 1.8875 0.1)
(0.625 1.8875 0.1)
(0.6375 1.8875 0.1)
(0.65 1.8875 0.1)
(0.6625 1.8875 0.1)
(0.675 1.8875 0.1)
(0.6875 1.8875 0.1)
(0.7 1.8875 0.1)
(0.7125 1.8875 0.1)
(0.725 1.8875 0.1)
(0.7375 1.8875 0.1)
(0.75 1.8875 0.1)
(0.7625 1.8875 0.1)
(0.775 1.8875 0.1)
(0.7875 1.8875 0.1)
(0.8 1.8875 0.1)
(0.8125 1.8875 0.1)
(0.825 1.8875 0.1)
(0.8375 1.8875 0.1)
(0.85 1.8875 0.1)
(0.8625 1.8875 0.1)
(0.875 1.8875 0.1)
(0.8875 1.8875 0.1)
(0.9 1.8875 0.1)
(0.9125 1.8875 0.1)
(0.925 1.8875 0.1)
(0.9375 1.8875 0.1)
(0.95 1.8875 0.1)
(0.9625 1.8875 0.1)
(0.975 1.8875 0.1)
(0.9875 1.8875 0.1)
(1 1.8875 0.1)
(0 1.9 0.1)
(0.0125 1.9 0.1)
(0.025 1.9 0.1)
(0.0375 1.9 0.1)
(0.05 1.9 0.1)
(0.0625 1.9 0.1)
(0.075 1.9 0.1)
(0.0875 1.9 0.1)
(0.1 1.9 0.1)
(0.1125 1.9 0.1)
(0.125 1.9 0.1)
(0.1375 1.9 0.1)
(0.15 1.9 0.1)
(0.1625 1.9 0.1)
(0.175 1.9 0.1)
(0.1875 1.9 0.1)
(0.2 1.9 0.1)
(0.2125 1.9 0.1)
(0.225 1.9 0.1)
(0.2375 1.9 0.1)
(0.25 1.9 0.1)
(0.2625 1.9 0.1)
(0.275 1.9 0.1)
(0.2875 1.9 0.1)
(0.3 1.9 0.1)
(0.3125 1.9 0.1)
(0.325 1.9 0.1)
(0.3375 1.9 0.1)
(0.35 1.9 0.1)
(0.3625 1.9 0.1)
(0.375 1.9 0.1)
(0.3875 1.9 0.1)
(0.4 1.9 0.1)
(0.4125 1.9 0.1)
(0.425 1.9 0.1)
(0.4375 1.9 0.1)
(0.45 1.9 0.1)
(0.4625 1.9 0.1)
(0.475 1.9 0.1)
(0.4875 1.9 0.1)
(0.5 1.9 0.1)
(0.5125 1.9 0.1)
(0.525 1.9 0.1)
(0.5375 1.9 0.1)
(0.55 1.9 0.1)
(0.5625 1.9 0.1)
(0.575 1.9 0.1)
(0.5875 1.9 0.1)
(0.6 1.9 0.1)
(0.6125 1.9 0.1)
(0.625 1.9 0.1)
(0.6375 1.9 0.1)
(0.65 1.9 0.1)
(0.6625 1.9 0.1)
(0.675 1.9 0.1)
(0.6875 1.9 0.1)
(0.7 1.9 0.1)
(0.7125 1.9 0.1)
(0.725 1.9 0.1)
(0.7375 1.9 0.1)
(0.75 1.9 0.1)
(0.7625 1.9 0.1)
(0.775 1.9 0.1)
(0.7875 1.9 0.1)
(0.8 1.9 0.1)
(0.8125 1.9 0.1)
(0.825 1.9 0.1)
(0.8375 1.9 0.1)
(0.85 1.9 0.1)
(0.8625 1.9 0.1)
(0.875 1.9 0.1)
(0.8875 1.9 0.1)
(0.9 1.9 0.1)
(0.9125 1.9 0.1)
(0.925 1.9 0.1)
(0.9375 1.9 0.1)
(0.95 1.9 0.1)
(0.9625 1.9 0.1)
(0.975 1.9 0.1)
(0.9875 1.9 0.1)
(1 1.9 0.1)
(0 1.9125 0.1)
(0.0125 1.9125 0.1)
(0.025 1.9125 0.1)
(0.0375 1.9125 0.1)
(0.05 1.9125 0.1)
(0.0625 1.9125 0.1)
(0.075 1.9125 0.1)
(0.0875 1.9125 0.1)
(0.1 1.9125 0.1)
(0.1125 1.9125 0.1)
(0.125 1.9125 0.1)
(0.1375 1.9125 0.1)
(0.15 1.9125 0.1)
(0.1625 1.9125 0.1)
(0.175 1.9125 0.1)
(0.1875 1.9125 0.1)
(0.2 1.9125 0.1)
(0.2125 1.9125 0.1)
(0.225 1.9125 0.1)
(0.2375 1.9125 0.1)
(0.25 1.9125 0.1)
(0.2625 1.9125 0.1)
(0.275 1.9125 0.1)
(0.2875 1.9125 0.1)
(0.3 1.9125 0.1)
(0.3125 1.9125 0.1)
(0.325 1.9125 0.1)
(0.3375 1.9125 0.1)
(0.35 1.9125 0.1)
(0.3625 1.9125 0.1)
(0.375 1.9125 0.1)
(0.3875 1.9125 0.1)
(0.4 1.9125 0.1)
(0.4125 1.9125 0.1)
(0.425 1.9125 0.1)
(0.4375 1.9125 0.1)
(0.45 1.9125 0.1)
(0.4625 1.9125 0.1)
(0.475 1.9125 0.1)
(0.4875 1.9125 0.1)
(0.5 1.9125 0.1)
(0.5125 1.9125 0.1)
(0.525 1.9125 0.1)
(0.5375 1.9125 0.1)
(0.55 1.9125 0.1)
(0.5625 1.9125 0.1)
(0.575 1.9125 0.1)
(0.5875 1.9125 0.1)
(0.6 1.9125 0.1)
(0.6125 1.9125 0.1)
(0.625 1.9125 0.1)
(0.6375 1.9125 0.1)
(0.65 1.9125 0.1)
(0.6625 1.9125 0.1)
(0.675 1.9125 0.1)
(0.6875 1.9125 0.1)
(0.7 1.9125 0.1)
(0.7125 1.9125 0.1)
(0.725 1.9125 0.1)
(0.7375 1.9125 0.1)
(0.75 1.9125 0.1)
(0.7625 1.9125 0.1)
(0.775 1.9125 0.1)
(0.7875 1.9125 0.1)
(0.8 1.9125 0.1)
(0.8125 1.9125 0.1)
(0.825 1.9125 0.1)
(0.8375 1.9125 0.1)
(0.85 1.9125 0.1)
(0.8625 1.9125 0.1)
(0.875 1.9125 0.1)
(0.8875 1.9125 0.1)
(0.9 1.9125 0.1)
(0.9125 1.9125 0.1)
(0.925 1.9125 0.1)
(0.9375 1.9125 0.1)
(0.95 1.9125 0.1)
(0.9625 1.9125 0.1)
(0.975 1.9125 0.1)
(0.9875 1.9125 0.1)
(1 1.9125 0.1)
(0 1.925 0.1)
(0.0125 1.925 0.1)
(0.025 1.925 0.1)
(0.0375 1.925 0.1)
(0.05 1.925 0.1)
(0.0625 1.925 0.1)
(0.075 1.925 0.1)
(0.0875 1.925 0.1)
(0.1 1.925 0.1)
(0.1125 1.925 0.1)
(0.125 1.925 0.1)
(0.1375 1.925 0.1)
(0.15 1.925 0.1)
(0.1625 1.925 0.1)
(0.175 1.925 0.1)
(0.1875 1.925 0.1)
(0.2 1.925 0.1)
(0.2125 1.925 0.1)
(0.225 1.925 0.1)
(0.2375 1.925 0.1)
(0.25 1.925 0.1)
(0.2625 1.925 0.1)
(0.275 1.925 0.1)
(0.2875 1.925 0.1)
(0.3 1.925 0.1)
(0.3125 1.925 0.1)
(0.325 1.925 0.1)
(0.3375 1.925 0.1)
(0.35 1.925 0.1)
(0.3625 1.925 0.1)
(0.375 1.925 0.1)
(0.3875 1.925 0.1)
(0.4 1.925 0.1)
(0.4125 1.925 0.1)
(0.425 1.925 0.1)
(0.4375 1.925 0.1)
(0.45 1.925 0.1)
(0.4625 1.925 0.1)
(0.475 1.925 0.1)
(0.4875 1.925 0.1)
(0.5 1.925 0.1)
(0.5125 1.925 0.1)
(0.525 1.925 0.1)
(0.5375 1.925 0.1)
(0.55 1.925 0.1)
(0.5625 1.925 0.1)
(0.575 1.925 0.1)
(0.5875 1.925 0.1)
(0.6 1.925 0.1)
(0.6125 1.925 0.1)
(0.625 1.925 0.1)
(0.6375 1.925 0.1)
(0.65 1.925 0.1)
(0.6625 1.925 0.1)
(0.675 1.925 0.1)
(0.6875 1.925 0.1)
(0.7 1.925 0.1)
(0.7125 1.925 0.1)
(0.725 1.925 0.1)
(0.7375 1.925 0.1)
(0.75 1.925 0.1)
(0.7625 1.925 0.1)
(0.775 1.925 0.1)
(0.7875 1.925 0.1)
(0.8 1.925 0.1)
(0.8125 1.925 0.1)
(0.825 1.925 0.1)
(0.8375 1.925 0.1)
(0.85 1.925 0.1)
(0.8625 1.925 0.1)
(0.875 1.925 0.1)
(0.8875 1.925 0.1)
(0.9 1.925 0.1)
(0.9125 1.925 0.1)
(0.925 1.925 0.1)
(0.9375 1.925 0.1)
(0.95 1.925 0.1)
(0.9625 1.925 0.1)
(0.975 1.925 0.1)
(0.9875 1.925 0.1)
(1 1.925 0.1)
(0 1.9375 0.1)
(0.0125 1.9375 0.1)
(0.025 1.9375 0.1)
(0.0375 1.9375 0.1)
(0.05 1.9375 0.1)
(0.0625 1.9375 0.1)
(0.075 1.9375 0.1)
(0.0875 1.9375 0.1)
(0.1 1.9375 0.1)
(0.1125 1.9375 0.1)
(0.125 1.9375 0.1)
(0.1375 1.9375 0.1)
(0.15 1.9375 0.1)
(0.1625 1.9375 0.1)
(0.175 1.9375 0.1)
(0.1875 1.9375 0.1)
(0.2 1.9375 0.1)
(0.2125 1.9375 0.1)
(0.225 1.9375 0.1)
(0.2375 1.9375 0.1)
(0.25 1.9375 0.1)
(0.2625 1.9375 0.1)
(0.275 1.9375 0.1)
(0.2875 1.9375 0.1)
(0.3 1.9375 0.1)
(0.3125 1.9375 0.1)
(0.325 1.9375 0.1)
(0.3375 1.9375 0.1)
(0.35 1.9375 0.1)
(0.3625 1.9375 0.1)
(0.375 1.9375 0.1)
(0.3875 1.9375 0.1)
(0.4 1.9375 0.1)
(0.4125 1.9375 0.1)
(0.425 1.9375 0.1)
(0.4375 1.9375 0.1)
(0.45 1.9375 0.1)
(0.4625 1.9375 0.1)
(0.475 1.9375 0.1)
(0.4875 1.9375 0.1)
(0.5 1.9375 0.1)
(0.5125 1.9375 0.1)
(0.525 1.9375 0.1)
(0.5375 1.9375 0.1)
(0.55 1.9375 0.1)
(0.5625 1.9375 0.1)
(0.575 1.9375 0.1)
(0.5875 1.9375 0.1)
(0.6 1.9375 0.1)
(0.6125 1.9375 0.1)
(0.625 1.9375 0.1)
(0.6375 1.9375 0.1)
(0.65 1.9375 0.1)
(0.6625 1.9375 0.1)
(0.675 1.9375 0.1)
(0.6875 1.9375 0.1)
(0.7 1.9375 0.1)
(0.7125 1.9375 0.1)
(0.725 1.9375 0.1)
(0.7375 1.9375 0.1)
(0.75 1.9375 0.1)
(0.7625 1.9375 0.1)
(0.775 1.9375 0.1)
(0.7875 1.9375 0.1)
(0.8 1.9375 0.1)
(0.8125 1.9375 0.1)
(0.825 1.9375 0.1)
(0.8375 1.9375 0.1)
(0.85 1.9375 0.1)
(0.8625 1.9375 0.1)
(0.875 1.9375 0.1)
(0.8875 1.9375 0.1)
(0.9 1.9375 0.1)
(0.9125 1.9375 0.1)
(0.925 1.9375 0.1)
(0.9375 1.9375 0.1)
(0.95 1.9375 0.1)
(0.9625 1.9375 0.1)
(0.975 1.9375 0.1)
(0.9875 1.9375 0.1)
(1 1.9375 0.1)
(0 1.95 0.1)
(0.0125 1.95 0.1)
(0.025 1.95 0.1)
(0.0375 1.95 0.1)
(0.05 1.95 0.1)
(0.0625 1.95 0.1)
(0.075 1.95 0.1)
(0.0875 1.95 0.1)
(0.1 1.95 0.1)
(0.1125 1.95 0.1)
(0.125 1.95 0.1)
(0.1375 1.95 0.1)
(0.15 1.95 0.1)
(0.1625 1.95 0.1)
(0.175 1.95 0.1)
(0.1875 1.95 0.1)
(0.2 1.95 0.1)
(0.2125 1.95 0.1)
(0.225 1.95 0.1)
(0.2375 1.95 0.1)
(0.25 1.95 0.1)
(0.2625 1.95 0.1)
(0.275 1.95 0.1)
(0.2875 1.95 0.1)
(0.3 1.95 0.1)
(0.3125 1.95 0.1)
(0.325 1.95 0.1)
(0.3375 1.95 0.1)
(0.35 1.95 0.1)
(0.3625 1.95 0.1)
(0.375 1.95 0.1)
(0.3875 1.95 0.1)
(0.4 1.95 0.1)
(0.4125 1.95 0.1)
(0.425 1.95 0.1)
(0.4375 1.95 0.1)
(0.45 1.95 0.1)
(0.4625 1.95 0.1)
(0.475 1.95 0.1)
(0.4875 1.95 0.1)
(0.5 1.95 0.1)
(0.5125 1.95 0.1)
(0.525 1.95 0.1)
(0.5375 1.95 0.1)
(0.55 1.95 0.1)
(0.5625 1.95 0.1)
(0.575 1.95 0.1)
(0.5875 1.95 0.1)
(0.6 1.95 0.1)
(0.6125 1.95 0.1)
(0.625 1.95 0.1)
(0.6375 1.95 0.1)
(0.65 1.95 0.1)
(0.6625 1.95 0.1)
(0.675 1.95 0.1)
(0.6875 1.95 0.1)
(0.7 1.95 0.1)
(0.7125 1.95 0.1)
(0.725 1.95 0.1)
(0.7375 1.95 0.1)
(0.75 1.95 0.1)
(0.7625 1.95 0.1)
(0.775 1.95 0.1)
(0.7875 1.95 0.1)
(0.8 1.95 0.1)
(0.8125 1.95 0.1)
(0.825 1.95 0.1)
(0.8375 1.95 0.1)
(0.85 1.95 0.1)
(0.8625 1.95 0.1)
(0.875 1.95 0.1)
(0.8875 1.95 0.1)
(0.9 1.95 0.1)
(0.9125 1.95 0.1)
(0.925 1.95 0.1)
(0.9375 1.95 0.1)
(0.95 1.95 0.1)
(0.9625 1.95 0.1)
(0.975 1.95 0.1)
(0.9875 1.95 0.1)
(1 1.95 0.1)
(0 1.9625 0.1)
(0.0125 1.9625 0.1)
(0.025 1.9625 0.1)
(0.0375 1.9625 0.1)
(0.05 1.9625 0.1)
(0.0625 1.9625 0.1)
(0.075 1.9625 0.1)
(0.0875 1.9625 0.1)
(0.1 1.9625 0.1)
(0.1125 1.9625 0.1)
(0.125 1.9625 0.1)
(0.1375 1.9625 0.1)
(0.15 1.9625 0.1)
(0.1625 1.9625 0.1)
(0.175 1.9625 0.1)
(0.1875 1.9625 0.1)
(0.2 1.9625 0.1)
(0.2125 1.9625 0.1)
(0.225 1.9625 0.1)
(0.2375 1.9625 0.1)
(0.25 1.9625 0.1)
(0.2625 1.9625 0.1)
(0.275 1.9625 0.1)
(0.2875 1.9625 0.1)
(0.3 1.9625 0.1)
(0.3125 1.9625 0.1)
(0.325 1.9625 0.1)
(0.3375 1.9625 0.1)
(0.35 1.9625 0.1)
(0.3625 1.9625 0.1)
(0.375 1.9625 0.1)
(0.3875 1.9625 0.1)
(0.4 1.9625 0.1)
(0.4125 1.9625 0.1)
(0.425 1.9625 0.1)
(0.4375 1.9625 0.1)
(0.45 1.9625 0.1)
(0.4625 1.9625 0.1)
(0.475 1.9625 0.1)
(0.4875 1.9625 0.1)
(0.5 1.9625 0.1)
(0.5125 1.9625 0.1)
(0.525 1.9625 0.1)
(0.5375 1.9625 0.1)
(0.55 1.9625 0.1)
(0.5625 1.9625 0.1)
(0.575 1.9625 0.1)
(0.5875 1.9625 0.1)
(0.6 1.9625 0.1)
(0.6125 1.9625 0.1)
(0.625 1.9625 0.1)
(0.6375 1.9625 0.1)
(0.65 1.9625 0.1)
(0.6625 1.9625 0.1)
(0.675 1.9625 0.1)
(0.6875 1.9625 0.1)
(0.7 1.9625 0.1)
(0.7125 1.9625 0.1)
(0.725 1.9625 0.1)
(0.7375 1.9625 0.1)
(0.75 1.9625 0.1)
(0.7625 1.9625 0.1)
(0.775 1.9625 0.1)
(0.7875 1.9625 0.1)
(0.8 1.9625 0.1)
(0.8125 1.9625 0.1)
(0.825 1.9625 0.1)
(0.8375 1.9625 0.1)
(0.85 1.9625 0.1)
(0.8625 1.9625 0.1)
(0.875 1.9625 0.1)
(0.8875 1.9625 0.1)
(0.9 1.9625 0.1)
(0.9125 1.9625 0.1)
(0.925 1.9625 0.1)
(0.9375 1.9625 0.1)
(0.95 1.9625 0.1)
(0.9625 1.9625 0.1)
(0.975 1.9625 0.1)
(0.9875 1.9625 0.1)
(1 1.9625 0.1)
(0 1.975 0.1)
(0.0125 1.975 0.1)
(0.025 1.975 0.1)
(0.0375 1.975 0.1)
(0.05 1.975 0.1)
(0.0625 1.975 0.1)
(0.075 1.975 0.1)
(0.0875 1.975 0.1)
(0.1 1.975 0.1)
(0.1125 1.975 0.1)
(0.125 1.975 0.1)
(0.1375 1.975 0.1)
(0.15 1.975 0.1)
(0.1625 1.975 0.1)
(0.175 1.975 0.1)
(0.1875 1.975 0.1)
(0.2 1.975 0.1)
(0.2125 1.975 0.1)
(0.225 1.975 0.1)
(0.2375 1.975 0.1)
(0.25 1.975 0.1)
(0.2625 1.975 0.1)
(0.275 1.975 0.1)
(0.2875 1.975 0.1)
(0.3 1.975 0.1)
(0.3125 1.975 0.1)
(0.325 1.975 0.1)
(0.3375 1.975 0.1)
(0.35 1.975 0.1)
(0.3625 1.975 0.1)
(0.375 1.975 0.1)
(0.3875 1.975 0.1)
(0.4 1.975 0.1)
(0.4125 1.975 0.1)
(0.425 1.975 0.1)
(0.4375 1.975 0.1)
(0.45 1.975 0.1)
(0.4625 1.975 0.1)
(0.475 1.975 0.1)
(0.4875 1.975 0.1)
(0.5 1.975 0.1)
(0.5125 1.975 0.1)
(0.525 1.975 0.1)
(0.5375 1.975 0.1)
(0.55 1.975 0.1)
(0.5625 1.975 0.1)
(0.575 1.975 0.1)
(0.5875 1.975 0.1)
(0.6 1.975 0.1)
(0.6125 1.975 0.1)
(0.625 1.975 0.1)
(0.6375 1.975 0.1)
(0.65 1.975 0.1)
(0.6625 1.975 0.1)
(0.675 1.975 0.1)
(0.6875 1.975 0.1)
(0.7 1.975 0.1)
(0.7125 1.975 0.1)
(0.725 1.975 0.1)
(0.7375 1.975 0.1)
(0.75 1.975 0.1)
(0.7625 1.975 0.1)
(0.775 1.975 0.1)
(0.7875 1.975 0.1)
(0.8 1.975 0.1)
(0.8125 1.975 0.1)
(0.825 1.975 0.1)
(0.8375 1.975 0.1)
(0.85 1.975 0.1)
(0.8625 1.975 0.1)
(0.875 1.975 0.1)
(0.8875 1.975 0.1)
(0.9 1.975 0.1)
(0.9125 1.975 0.1)
(0.925 1.975 0.1)
(0.9375 1.975 0.1)
(0.95 1.975 0.1)
(0.9625 1.975 0.1)
(0.975 1.975 0.1)
(0.9875 1.975 0.1)
(1 1.975 0.1)
(0 1.9875 0.1)
(0.0125 1.9875 0.1)
(0.025 1.9875 0.1)
(0.0375 1.9875 0.1)
(0.05 1.9875 0.1)
(0.0625 1.9875 0.1)
(0.075 1.9875 0.1)
(0.0875 1.9875 0.1)
(0.1 1.9875 0.1)
(0.1125 1.9875 0.1)
(0.125 1.9875 0.1)
(0.1375 1.9875 0.1)
(0.15 1.9875 0.1)
(0.1625 1.9875 0.1)
(0.175 1.9875 0.1)
(0.1875 1.9875 0.1)
(0.2 1.9875 0.1)
(0.2125 1.9875 0.1)
(0.225 1.9875 0.1)
(0.2375 1.9875 0.1)
(0.25 1.9875 0.1)
(0.2625 1.9875 0.1)
(0.275 1.9875 0.1)
(0.2875 1.9875 0.1)
(0.3 1.9875 0.1)
(0.3125 1.9875 0.1)
(0.325 1.9875 0.1)
(0.3375 1.9875 0.1)
(0.35 1.9875 0.1)
(0.3625 1.9875 0.1)
(0.375 1.9875 0.1)
(0.3875 1.9875 0.1)
(0.4 1.9875 0.1)
(0.4125 1.9875 0.1)
(0.425 1.9875 0.1)
(0.4375 1.9875 0.1)
(0.45 1.9875 0.1)
(0.4625 1.9875 0.1)
(0.475 1.9875 0.1)
(0.4875 1.9875 0.1)
(0.5 1.9875 0.1)
(0.5125 1.9875 0.1)
(0.525 1.9875 0.1)
(0.5375 1.9875 0.1)
(0.55 1.9875 0.1)
(0.5625 1.9875 0.1)
(0.575 1.9875 0.1)
(0.5875 1.9875 0.1)
(0.6 1.9875 0.1)
(0.6125 1.9875 0.1)
(0.625 1.9875 0.1)
(0.6375 1.9875 0.1)
(0.65 1.9875 0.1)
(0.6625 1.9875 0.1)
(0.675 1.9875 0.1)
(0.6875 1.9875 0.1)
(0.7 1.9875 0.1)
(0.7125 1.9875 0.1)
(0.725 1.9875 0.1)
(0.7375 1.9875 0.1)
(0.75 1.9875 0.1)
(0.7625 1.9875 0.1)
(0.775 1.9875 0.1)
(0.7875 1.9875 0.1)
(0.8 1.9875 0.1)
(0.8125 1.9875 0.1)
(0.825 1.9875 0.1)
(0.8375 1.9875 0.1)
(0.85 1.9875 0.1)
(0.8625 1.9875 0.1)
(0.875 1.9875 0.1)
(0.8875 1.9875 0.1)
(0.9 1.9875 0.1)
(0.9125 1.9875 0.1)
(0.925 1.9875 0.1)
(0.9375 1.9875 0.1)
(0.95 1.9875 0.1)
(0.9625 1.9875 0.1)
(0.975 1.9875 0.1)
(0.9875 1.9875 0.1)
(1 1.9875 0.1)
(0 2 0.1)
(0.0125 2 0.1)
(0.025 2 0.1)
(0.0375 2 0.1)
(0.05 2 0.1)
(0.0625 2 0.1)
(0.075 2 0.1)
(0.0875 2 0.1)
(0.1 2 0.1)
(0.1125 2 0.1)
(0.125 2 0.1)
(0.1375 2 0.1)
(0.15 2 0.1)
(0.1625 2 0.1)
(0.175 2 0.1)
(0.1875 2 0.1)
(0.2 2 0.1)
(0.2125 2 0.1)
(0.225 2 0.1)
(0.2375 2 0.1)
(0.25 2 0.1)
(0.2625 2 0.1)
(0.275 2 0.1)
(0.2875 2 0.1)
(0.3 2 0.1)
(0.3125 2 0.1)
(0.325 2 0.1)
(0.3375 2 0.1)
(0.35 2 0.1)
(0.3625 2 0.1)
(0.375 2 0.1)
(0.3875 2 0.1)
(0.4 2 0.1)
(0.4125 2 0.1)
(0.425 2 0.1)
(0.4375 2 0.1)
(0.45 2 0.1)
(0.4625 2 0.1)
(0.475 2 0.1)
(0.4875 2 0.1)
(0.5 2 0.1)
(0.5125 2 0.1)
(0.525 2 0.1)
(0.5375 2 0.1)
(0.55 2 0.1)
(0.5625 2 0.1)
(0.575 2 0.1)
(0.5875 2 0.1)
(0.6 2 0.1)
(0.6125 2 0.1)
(0.625 2 0.1)
(0.6375 2 0.1)
(0.65 2 0.1)
(0.6625 2 0.1)
(0.675 2 0.1)
(0.6875 2 0.1)
(0.7 2 0.1)
(0.7125 2 0.1)
(0.725 2 0.1)
(0.7375 2 0.1)
(0.75 2 0.1)
(0.7625 2 0.1)
(0.775 2 0.1)
(0.7875 2 0.1)
(0.8 2 0.1)
(0.8125 2 0.1)
(0.825 2 0.1)
(0.8375 2 0.1)
(0.85 2 0.1)
(0.8625 2 0.1)
(0.875 2 0.1)
(0.8875 2 0.1)
(0.9 2 0.1)
(0.9125 2 0.1)
(0.925 2 0.1)
(0.9375 2 0.1)
(0.95 2 0.1)
(0.9625 2 0.1)
(0.975 2 0.1)
(0.9875 2 0.1)
(1 2 0.1)
)


// ************************************************************************* //
